{"type":"FeatureCollection","metadata":{"ac_no":"182","ac_name":"Bankipur","total_wards":24},"features":[{"type":"Feature","properties":{"ward":"15","ward_title":"Ward 15","area":"Gandhi Maidan / Exhibition Road / Frazer Road","short_area":"Gandhi Maidan","ac_no":"182","ac_name":"Bankipur","ac_booths":14,"ac_booth_range":"277-293","ac_voters":11922,"total_ward_booths":"22","total_ward_voters":"7,019","center_lat":25.59155685,"center_lon":85.11139923341757,"label_lat":25.59275744926637,"label_lon":85.11139923341757,"has_leader":true,"leader_line":[[25.59155685,85.11139923341757],[25.59275744926637,85.11139923341757]],"color":"#3b82f6","color_dark":"#1d4ed8"},"geometry":{"type":"Polygon","coordinates":[[[85.1225762,25.5928667],[85.1224055,25.5929205],[85.122145,25.592986],[85.1219841,25.5930264],[85.1218687,25.5930554],[85.1218431,25.5930611],[85.1218221,25.5930654],[85.1218115,25.5930677],[85.1217707,25.5930749],[85.1217211,25.5930817],[85.1216711,25.5930864],[85.121621,25.5930892],[85.1215959,25.5930896],[85.1215708,25.5930899],[85.1215207,25.5930887],[85.1214734,25.5930855],[85.1214706,25.5930854],[85.121466,25.5930849],[85.1214207,25.5930801],[85.1213776,25.5930737],[85.1213712,25.5930728],[85.1213632,25.5930713],[85.1213221,25.5930635],[85.1212734,25.5930522],[85.1215584,25.5926936],[85.1215751,25.5926698],[85.1215951,25.5926415],[85.1215963,25.5926395],[85.1215972,25.5926374],[85.1215978,25.5926352],[85.1215982,25.592633],[85.1215982,25.5926308],[85.1215979,25.5926285],[85.1215973,25.5926264],[85.1215964,25.5926243],[85.1215952,25.5926223],[85.1215938,25.5926205],[85.1215921,25.5926188],[85.1215903,25.5926173],[85.1215625,25.5925984],[85.121557,25.5925947],[85.1215228,25.5925713],[85.1212453,25.5923927],[85.1211347,25.5923215],[85.120703,25.5920436],[85.1202526,25.5917476],[85.120184,25.5917039],[85.1201839,25.5917039],[85.1197092,25.5914039],[85.1196329,25.5913556],[85.1196075,25.5913396],[85.1192543,25.5911123],[85.1192477,25.5911081],[85.1192405,25.5911048],[85.119233,25.5911023],[85.1192251,25.5911007],[85.1192171,25.5911],[85.1192091,25.5911002],[85.1192012,25.5911013],[85.1191935,25.5911033],[85.1191861,25.5911062],[85.1191791,25.5911098],[85.1191727,25.5911143],[85.119167,25.5911194],[85.1189298,25.5914013],[85.1187193,25.5916516],[85.1184984,25.5919142],[85.1184863,25.5919359],[85.1184843,25.5919475],[85.1184851,25.5919572],[85.1184852,25.5919593],[85.1184853,25.5919594],[85.1184854,25.5919615],[85.1184682,25.5919501],[85.1184179,25.5919168],[85.1183255,25.5918556],[85.1180782,25.5916917],[85.1180404,25.5916675],[85.1180403,25.5916674],[85.1180384,25.5916699],[85.1177601,25.5920171],[85.1174428,25.592413],[85.1171122,25.5928255],[85.116992,25.5929753],[85.1168591,25.5931411],[85.1168376,25.593168],[85.1162876,25.5928129],[85.1162463,25.5927862],[85.116177,25.5927415],[85.1156445,25.5923945],[85.1151404,25.5920662],[85.1150836,25.5920277],[85.1148027,25.5918374],[85.1145796,25.5916863],[85.1144343,25.5915878],[85.1144006,25.591565],[85.1142771,25.5914877],[85.1139136,25.5912601],[85.1138725,25.5912344],[85.1135675,25.5910434],[85.1135234,25.5910145],[85.1133747,25.590917],[85.1133263,25.5908858],[85.113083,25.5907287],[85.1129907,25.590669],[85.1124771,25.5903374],[85.1124386,25.5903128],[85.1117113,25.5898481],[85.1114012,25.5896499],[85.1113657,25.5896273],[85.1113009,25.5895858],[85.1111333,25.5894788],[85.1106151,25.5891458],[85.1099188,25.5886983],[85.1096973,25.5885616],[85.1095654,25.5884803],[85.1092858,25.5883076],[85.1091664,25.5882339],[85.1090358,25.5881534],[85.1090332,25.5881517],[85.1088977,25.5880682],[85.1088898,25.5880633],[85.1088557,25.5880392],[85.1088362,25.5879968],[85.1087914,25.5879588],[85.1087176,25.5878834],[85.1087134,25.5878773],[85.108579,25.5876814],[85.1085729,25.5876718],[85.1085675,25.5876618],[85.1085628,25.5876516],[85.1085588,25.5876411],[85.1085555,25.5876304],[85.108553,25.5876196],[85.1085512,25.5876086],[85.1085501,25.5875975],[85.1085499,25.5875864],[85.1085503,25.5875754],[85.1085515,25.5875643],[85.1085537,25.5875521],[85.1085538,25.5875514],[85.1085537,25.5875494],[85.1085533,25.5875474],[85.1085522,25.5875446],[85.108551,25.5875429],[85.1085448,25.5875355],[85.1085397,25.5875294],[85.1085249,25.5875117],[85.1085155,25.5875057],[85.1085059,25.5874987],[85.1083524,25.587329],[85.1082553,25.5872229],[85.1080515,25.5870648],[85.1079462,25.5869832],[85.1077939,25.5868697],[85.1077918,25.5868678],[85.1077784,25.5868529],[85.1074529,25.5864927],[85.1074049,25.5864326],[85.1073002,25.5863173],[85.1071659,25.5861633],[85.1070558,25.5860371],[85.1069919,25.5859638],[85.10694,25.5859118],[85.1069013,25.5858722],[85.1067039,25.5856424],[85.1066445,25.5855691],[85.1065698,25.5858404],[85.106484,25.586152],[85.1064619,25.5862321],[85.1063937,25.5864799],[85.106381,25.5865261],[85.1062902,25.5868593],[85.1062579,25.5869779],[85.1062163,25.5871308],[85.1061957,25.5872082],[85.1061497,25.5873819],[85.1061037,25.5875556],[85.1060613,25.5877157],[85.1060369,25.5878081],[85.1060232,25.5878584],[85.1060069,25.5879184],[85.1059529,25.5881175],[85.1058988,25.5883173],[85.1058589,25.5884644],[85.1058552,25.588478],[85.10585,25.5884955],[85.1058496,25.588497],[85.1058399,25.58853],[85.1057909,25.5887272],[85.1057517,25.5888854],[85.105742,25.5889245],[85.1056989,25.5890922],[85.1056922,25.5891185],[85.1056831,25.589154],[85.1056675,25.5892165],[85.1056386,25.589333],[85.1056296,25.5893694],[85.105591,25.5895249],[85.1056057,25.589532],[85.1058695,25.5896803],[85.1058821,25.5896874],[85.1059378,25.5897262],[85.1060025,25.5897713],[85.1060064,25.589774],[85.1060236,25.5897859],[85.1061805,25.5899163],[85.1066191,25.5902806],[85.1071494,25.5907356],[85.1074204,25.5909365],[85.1077197,25.5911318],[85.1078005,25.5911846],[85.107869,25.5912285],[85.1079741,25.5912936],[85.1081762,25.5914186],[85.1082242,25.5914483],[85.1083968,25.5915487],[85.1085783,25.5916537],[85.1086665,25.5917046],[85.1087864,25.5917735],[85.1088876,25.5918315],[85.1089823,25.5918857],[85.1090513,25.5919208],[85.1091215,25.5919554],[85.1091978,25.5919916],[85.1092634,25.5920219],[85.1093351,25.5920538],[85.1094072,25.5920849],[85.1094798,25.592115],[85.1095529,25.5921443],[85.1095713,25.5921513],[85.1096264,25.5921726],[85.1097004,25.5922001],[85.1097747,25.5922266],[85.1098915,25.5922673],[85.1099086,25.5922575],[85.1099194,25.5922516],[85.1099291,25.5922497],[85.1099354,25.5922495],[85.1099458,25.5922597],[85.1099528,25.5922722],[85.1099556,25.5922859],[85.1099542,25.5922998],[85.1099487,25.5923128],[85.1099464,25.5923155],[85.1099394,25.5923239],[85.109927,25.5923322],[85.1099127,25.5923372],[85.1099081,25.5923375],[85.109987,25.5923825],[85.1101432,25.5924452],[85.1109444,25.592768],[85.1117219,25.5931027],[85.1124046,25.5934027],[85.112644,25.5934891],[85.1129935,25.5936382],[85.1127784,25.5941556],[85.1127761,25.5941611],[85.1127627,25.5941934],[85.1127589,25.5942024],[85.1127582,25.5942051],[85.112758,25.5942079],[85.1127585,25.5942107],[85.1127604,25.594215],[85.1127611,25.5942177],[85.1127611,25.5942206],[85.1127606,25.5942233],[85.1126799,25.5944162],[85.1126794,25.5944173],[85.1126779,25.5944194],[85.1126774,25.59442],[85.1126771,25.5944204],[85.112675,25.5944221],[85.1126727,25.5944234],[85.1126714,25.594424],[85.1126688,25.5944247],[85.1126648,25.5944253],[85.1126622,25.5944262],[85.112661,25.5944268],[85.1126589,25.5944283],[85.1126579,25.5944292],[85.1126562,25.5944311],[85.112655,25.5944334],[85.1126258,25.5945017],[85.1126257,25.5945017],[85.1126269,25.5945021],[85.1126278,25.5945024],[85.1129113,25.5946038],[85.1132864,25.5947379],[85.1140462,25.5950016],[85.1143247,25.5950983],[85.1143688,25.5951144],[85.1144389,25.59514],[85.1144441,25.5951419],[85.1146373,25.5952124],[85.1148865,25.5953033],[85.1150335,25.595356],[85.1151686,25.5954045],[85.1153898,25.5954838],[85.1158611,25.5956473],[85.1162958,25.5958014],[85.116824,25.5959949],[85.1174128,25.5962],[85.1174387,25.5962099],[85.1176165,25.5962775],[85.1178658,25.5963723],[85.117886,25.59638],[85.1178946,25.5963833],[85.1183181,25.5965399],[85.11905,25.5967843],[85.1191021,25.5968042],[85.1191093,25.5967873],[85.1191129,25.5967789],[85.1191478,25.5966973],[85.1191686,25.5966489],[85.1191815,25.5966186],[85.1191675,25.5966139],[85.1192774,25.5963235],[85.1192956,25.5962698],[85.1193098,25.5962154],[85.11931,25.5962154],[85.119342,25.5962244],[85.1193618,25.5961728],[85.1193635,25.5961685],[85.1191476,25.5960902],[85.1191622,25.5960614],[85.1192053,25.5959763],[85.1192364,25.595915],[85.1192506,25.595887],[85.1193284,25.5957334],[85.119365,25.5956611],[85.1194278,25.5955372],[85.1194746,25.5954447],[85.1195282,25.595339],[85.1195844,25.5952281],[85.1196859,25.5950442],[85.1196955,25.5950293],[85.1197919,25.5950921],[85.1198239,25.5951126],[85.1199841,25.5952156],[85.1200803,25.5952773],[85.1200958,25.5952872],[85.1201296,25.595309],[85.1202384,25.5953789],[85.1203003,25.5954186],[85.1203902,25.5954764],[85.1204218,25.5954966],[85.1204283,25.5955008],[85.1204329,25.5955038],[85.1205131,25.5955557],[85.1205918,25.5956067],[85.1207006,25.5956772],[85.1208061,25.5957456],[85.1208528,25.5957758],[85.1208751,25.5957903],[85.1209682,25.5958506],[85.1209746,25.5958547],[85.121005,25.5958662],[85.1210253,25.5958647],[85.1210428,25.5958633],[85.1210792,25.5958542],[85.121087,25.5958507],[85.1210877,25.5958504],[85.1211133,25.5958391],[85.1211436,25.5958185],[85.1211693,25.5957932],[85.1211893,25.5957641],[85.1212031,25.5957321],[85.1212074,25.5957119],[85.121247,25.5957371],[85.1212785,25.5957572],[85.1216082,25.595967],[85.1217083,25.5960307],[85.1217248,25.5960412],[85.1220149,25.5962258],[85.1222337,25.596365],[85.1222428,25.5963708],[85.1222496,25.5963752],[85.1225519,25.5965675],[85.1225645,25.5965756],[85.1226525,25.5966315],[85.122765,25.5967019],[85.1228286,25.5967417],[85.1230344,25.5968704],[85.1231003,25.59692],[85.1231105,25.5969293],[85.1232021,25.5970131],[85.1232777,25.5970764],[85.1233866,25.5971545],[85.1234132,25.5971749],[85.1234383,25.5971942],[85.1234394,25.5971951],[85.1234526,25.5972052],[85.1235331,25.5972618],[85.1237073,25.5973582],[85.1237766,25.5973965],[85.123947,25.59753],[85.1239502,25.5974823],[85.1239536,25.5974307],[85.1239558,25.5974041],[85.1239575,25.5973827],[85.1239648,25.5972924],[85.1239648,25.5972914],[85.123966,25.5972767],[85.123967,25.5972647],[85.1239681,25.5972511],[85.1239777,25.5971932],[85.1239829,25.597161],[85.1239908,25.5971143],[85.1240018,25.5969129],[85.1240057,25.5968422],[85.1240073,25.5968122],[85.1240075,25.5968092],[85.1240145,25.59674],[85.1240058,25.5966709],[85.1240036,25.5966532],[85.1240073,25.5966367],[85.124024,25.5965621],[85.1240364,25.5964597],[85.1240362,25.5964572],[85.124032,25.5963968],[85.1240325,25.5963918],[85.1240329,25.5963881],[85.1240411,25.5963152],[85.124042,25.5963148],[85.1240436,25.596314],[85.1240451,25.5963129],[85.1240465,25.5963117],[85.1240476,25.5963103],[85.1240486,25.5963088],[85.1240493,25.5963073],[85.1240498,25.5963056],[85.1240928,25.5961223],[85.1240928,25.5961221],[85.1240961,25.5961067],[85.1241036,25.5960721],[85.1241193,25.5959991],[85.1241193,25.5959989],[85.1241194,25.5959988],[85.1241194,25.5959987],[85.124145,25.5958579],[85.1241626,25.5957617],[85.1241634,25.5957574],[85.1241634,25.5957573],[85.1241634,25.5957572],[85.1241634,25.595757],[85.1241634,25.5957569],[85.1241635,25.5957567],[85.1241635,25.5957566],[85.1241635,25.5957565],[85.1241635,25.5957563],[85.1241635,25.5957562],[85.1241635,25.595756],[85.1241635,25.5957559],[85.1241635,25.5957558],[85.1241708,25.5955874],[85.1241743,25.5955076],[85.1241743,25.5955075],[85.1241743,25.5955074],[85.1241743,25.5955073],[85.1241743,25.5955072],[85.1241743,25.5955071],[85.1241741,25.5954375],[85.124174,25.5953811],[85.124174,25.595381],[85.124174,25.5953808],[85.1241725,25.5953321],[85.1241724,25.595332],[85.1241724,25.5953319],[85.1241724,25.5953317],[85.1241724,25.5953316],[85.1241724,25.5953315],[85.1241724,25.5953313],[85.1241724,25.5953312],[85.1241724,25.5953311],[85.1241724,25.5953309],[85.1241723,25.5953308],[85.1241723,25.5953307],[85.1241723,25.5953305],[85.1241675,25.5953014],[85.1241552,25.5952263],[85.1241534,25.5952157],[85.1241534,25.5952155],[85.1241432,25.5951454],[85.1241431,25.5951452],[85.1241431,25.5951451],[85.1241431,25.5951449],[85.1241431,25.5951447],[85.1241431,25.5951445],[85.1241328,25.594976],[85.1241327,25.5949747],[85.1241321,25.5949645],[85.1241321,25.5949644],[85.1241321,25.5949643],[85.1241289,25.5949262],[85.1241138,25.5947444],[85.1241046,25.594634],[85.1240955,25.5945362],[85.1240945,25.5945255],[85.1240944,25.5945237],[85.1240946,25.594522],[85.1240949,25.5945211],[85.1240954,25.5945187],[85.1240969,25.5945118],[85.1240981,25.5945063],[85.1241364,25.5943322],[85.1241365,25.5943318],[85.1241366,25.5943313],[85.1241368,25.5943309],[85.1241368,25.5943308],[85.1241369,25.5943304],[85.1241371,25.59433],[85.1241373,25.5943296],[85.1241375,25.5943292],[85.1241377,25.5943288],[85.1241379,25.5943284],[85.1241382,25.594328],[85.1241384,25.5943276],[85.1241387,25.5943272],[85.124139,25.5943268],[85.1241393,25.5943265],[85.1241396,25.5943261],[85.12414,25.5943258],[85.1241403,25.5943254],[85.1241407,25.5943251],[85.124141,25.5943248],[85.1241411,25.5943248],[85.1241414,25.5943245],[85.1241418,25.5943242],[85.1241422,25.5943239],[85.1241426,25.5943237],[85.1241427,25.5943236],[85.124143,25.5943234],[85.124153,25.5943177],[85.1241551,25.5943165],[85.1241585,25.5943146],[85.1242167,25.5942812],[85.1242171,25.5942809],[85.1242175,25.5942806],[85.1242179,25.5942804],[85.1242183,25.5942801],[85.1242187,25.5942798],[85.1242191,25.5942795],[85.1242194,25.5942791],[85.1242198,25.5942788],[85.1242201,25.5942784],[85.1242204,25.5942781],[85.1242207,25.5942777],[85.124221,25.5942773],[85.1242213,25.5942769],[85.1242216,25.5942765],[85.1242218,25.5942761],[85.1242221,25.5942757],[85.1242223,25.5942753],[85.1242225,25.5942749],[85.1242227,25.5942744],[85.1242228,25.594274],[85.124223,25.5942736],[85.1242231,25.5942731],[85.1242232,25.5942727],[85.1242234,25.5942722],[85.1242234,25.5942717],[85.1242235,25.5942713],[85.1242236,25.5942708],[85.1242298,25.5941996],[85.1242433,25.5940482],[85.1242551,25.593927],[85.124236,25.5939281],[85.1242356,25.5939281],[85.1241377,25.5939268],[85.1240677,25.5939268],[85.1239939,25.5939267],[85.1239523,25.5939262],[85.1238366,25.5939247],[85.1237117,25.5939407],[85.123509,25.5939874],[85.1234971,25.5939901],[85.1234914,25.5939914],[85.1234826,25.5939935],[85.1234187,25.5938592],[85.1234156,25.5938526],[85.1233962,25.5938118],[85.1232472,25.5935401],[85.1231827,25.5934493],[85.1231803,25.5934459],[85.1231604,25.5934179],[85.1231402,25.5933894],[85.1231392,25.5933877],[85.1231243,25.5933623],[85.1231105,25.5933387],[85.1231,25.5933209],[85.123073,25.5932619],[85.1230538,25.5932201],[85.1230462,25.5932036],[85.1230291,25.5931664],[85.1229389,25.5929881],[85.1228841,25.5928798],[85.122836,25.5927847],[85.1228045,25.5927947],[85.1225762,25.5928667]]]}},{"type":"Feature","properties":{"ward":"16","ward_title":"Ward 16","area":"Jakkanpur / Jhunjhun Mahal","short_area":"Jakkanpur","ac_no":"182","ac_name":"Bankipur","ac_booths":12,"ac_booth_range":"299-331","ac_voters":10670,"total_ward_booths":"15","total_ward_voters":"2,669","center_lat":25.5882997,"center_lon":85.12102387052681,"label_lat":25.58917088673447,"label_lon":85.11863571316721,"has_leader":true,"leader_line":[[25.5882997,85.12102387052681],[25.58917088673447,85.11863571316721]],"color":"#3b82f6","color_dark":"#1d4ed8"},"geometry":{"type":"Polygon","coordinates":[[[85.1233242,25.5926308],[85.1236273,25.5925259],[85.1238962,25.5924327],[85.1241905,25.5923308],[85.1242182,25.5923214],[85.1245387,25.5922125],[85.1246228,25.5921839],[85.1249553,25.5920626],[85.1249829,25.5920525],[85.1247797,25.591765],[85.1247777,25.5917621],[85.1247737,25.5917565],[85.1247023,25.5916554],[85.1246168,25.5915345],[85.1246067,25.591515],[85.1246016,25.5915051],[85.1245261,25.5913594],[85.1245062,25.5913005],[85.1244847,25.591237],[85.1244749,25.5912077],[85.1244563,25.591143],[85.1244433,25.5910977],[85.1244383,25.5910805],[85.1244204,25.5910181],[85.1244099,25.5909776],[85.1243955,25.5909221],[85.1243777,25.5908537],[85.1243777,25.5908533],[85.1243776,25.5908529],[85.1243775,25.5908525],[85.1243775,25.5908523],[85.1243774,25.5908521],[85.1243774,25.5908517],[85.1243774,25.5908513],[85.1243774,25.5908509],[85.1243774,25.5908505],[85.1243774,25.5908501],[85.1243774,25.5908497],[85.1243774,25.5908493],[85.1243775,25.5908489],[85.1243858,25.59079],[85.1243859,25.5907897],[85.1243859,25.5907895],[85.1243859,25.5907892],[85.1243859,25.5907889],[85.1243859,25.5907886],[85.1243859,25.5907883],[85.1243859,25.590788],[85.1243859,25.5907877],[85.1243859,25.5907875],[85.1243859,25.5907872],[85.1243859,25.5907869],[85.1243858,25.5907866],[85.1243667,25.5906499],[85.1243522,25.5905744],[85.124351,25.5905681],[85.1243495,25.5905605],[85.1243318,25.5904686],[85.1243315,25.5904667],[85.1242864,25.5902324],[85.1242764,25.590234],[85.1241099,25.5902605],[85.1240775,25.5902656],[85.123615,25.5903392],[85.1235545,25.5903488],[85.1234329,25.5903681],[85.1234314,25.5903683],[85.1234299,25.5903683],[85.1234284,25.5903682],[85.1234269,25.590368],[85.1234255,25.5903676],[85.1234241,25.5903671],[85.1234228,25.5903664],[85.1234215,25.5903657],[85.1234203,25.5903648],[85.1234193,25.5903639],[85.1234183,25.5903628],[85.1234175,25.5903617],[85.1233709,25.5902902],[85.1233562,25.5902461],[85.1232648,25.5899706],[85.1232245,25.5898492],[85.1232027,25.5897836],[85.1231818,25.5897117],[85.1231414,25.5895729],[85.1230761,25.589349],[85.1230659,25.5893023],[85.1230351,25.5891619],[85.1230004,25.5890037],[85.1229771,25.5889359],[85.1229537,25.5888681],[85.1229388,25.5888322],[85.1229372,25.5888283],[85.1228979,25.5887332],[85.1228613,25.5886449],[85.1228385,25.5885898],[85.1228376,25.5885763],[85.1228369,25.5885653],[85.1228395,25.588537],[85.1228444,25.5885181],[85.1228446,25.5885176],[85.1228447,25.588517],[85.1228448,25.5885164],[85.1228449,25.5885158],[85.1228449,25.5885152],[85.1228449,25.5885146],[85.122845,25.588514],[85.122845,25.5885134],[85.1228449,25.5885128],[85.1228449,25.5885122],[85.1228448,25.5885117],[85.1228447,25.5885111],[85.1228319,25.5884402],[85.1228272,25.5884141],[85.1227902,25.5882088],[85.1227744,25.5881213],[85.1227445,25.5880025],[85.1227231,25.5879174],[85.1227057,25.5878511],[85.122679,25.5877497],[85.1226288,25.5875586],[85.1226261,25.5875486],[85.122619,25.5875215],[85.1226141,25.58751],[85.1226028,25.5874837],[85.1225973,25.5874709],[85.1225836,25.5873805],[85.1225815,25.5873547],[85.1225753,25.5872793],[85.1225749,25.5872741],[85.1225641,25.5871431],[85.1225605,25.5870994],[85.1225599,25.5870927],[85.1225554,25.587037],[85.1225565,25.5869639],[85.122566,25.5869258],[85.1225879,25.5868647],[85.1225915,25.5868331],[85.1225926,25.5868237],[85.122597,25.5867862],[85.1226008,25.586753],[85.1226021,25.5866722],[85.1225967,25.5866165],[85.1225786,25.5865217],[85.1225395,25.5863937],[85.1225063,25.5863354],[85.1225,25.5863242],[85.1224981,25.5863209],[85.1224917,25.5863098],[85.1224855,25.5862955],[85.1224166,25.5859701],[85.1223819,25.5858688],[85.1223813,25.5858677],[85.1222254,25.5855417],[85.1222032,25.5855025],[85.1221995,25.5854949],[85.1221969,25.585487],[85.1221952,25.5854789],[85.1221947,25.5854706],[85.1221953,25.5854624],[85.1221969,25.5854543],[85.1221996,25.5854464],[85.1222014,25.5854426],[85.1222032,25.5854388],[85.1222079,25.5854317],[85.1222134,25.5854252],[85.1222198,25.5854193],[85.1222269,25.5854141],[85.1223676,25.5853531],[85.1225012,25.5852953],[85.122668,25.5852231],[85.1226787,25.5852184],[85.1227366,25.5851855],[85.1228409,25.5851122],[85.1228414,25.5851118],[85.1228524,25.5851018],[85.12299,25.5849753],[85.1231831,25.5847875],[85.1232022,25.5847671],[85.1232084,25.5847623],[85.1232182,25.5847547],[85.1232441,25.5847371],[85.1232716,25.584722],[85.123282,25.5847173],[85.1233013,25.5847087],[85.1234029,25.5844975],[85.1234157,25.5844709],[85.1232883,25.5844649],[85.1232273,25.5844575],[85.1232161,25.5844562],[85.1230989,25.584442],[85.1230794,25.5844391],[85.122437,25.5843419],[85.1223178,25.5843238],[85.1219602,25.5842483],[85.1219536,25.5842469],[85.1219029,25.5842362],[85.1217366,25.584202],[85.1215395,25.5841613],[85.1213712,25.5841267],[85.1210755,25.5840657],[85.1210419,25.5840588],[85.1210144,25.5840532],[85.1209982,25.5840498],[85.1209831,25.5840467],[85.120855,25.5840234],[85.1207698,25.5840079],[85.1206026,25.5839709],[85.1206025,25.5839709],[85.1204381,25.5839345],[85.1201851,25.5838784],[85.1199968,25.5838385],[85.1199964,25.5838384],[85.1199963,25.5838384],[85.1196162,25.5837577],[85.1196099,25.5837564],[85.1194816,25.5837288],[85.1194275,25.5837173],[85.1192827,25.5836862],[85.1192116,25.5836702],[85.119004,25.5836236],[85.1189789,25.5836196],[85.1189791,25.5836202],[85.118985,25.5836387],[85.1189851,25.5836895],[85.1189852,25.5837042],[85.1189852,25.5837317],[85.1189894,25.583753],[85.119014,25.5838641],[85.1190513,25.5839861],[85.1190613,25.5840188],[85.1190649,25.5840415],[85.119066,25.5840571],[85.1190657,25.5840747],[85.1190574,25.5841162],[85.1190453,25.5841565],[85.1190122,25.5842274],[85.1190059,25.5842403],[85.1189976,25.5842573],[85.1189872,25.5842783],[85.1189871,25.5842794],[85.1189883,25.5842919],[85.1189896,25.5842958],[85.1190021,25.5843224],[85.1190309,25.5843813],[85.1190326,25.5843847],[85.1191471,25.5846182],[85.1192369,25.5848013],[85.1192375,25.5848028],[85.1192379,25.5848043],[85.1192381,25.5848059],[85.1192381,25.5848075],[85.1192379,25.5848091],[85.1192375,25.5848107],[85.1192369,25.5848122],[85.1192361,25.5848136],[85.1192345,25.5848157],[85.1192328,25.5848172],[85.1192313,25.5848182],[85.1192287,25.5848197],[85.1191172,25.584885],[85.1189914,25.5849587],[85.1188844,25.5850088],[85.1187853,25.5850431],[85.1186483,25.5850794],[85.1185495,25.5851111],[85.1186956,25.585371],[85.1187807,25.5855224],[85.1188161,25.5856221],[85.1188283,25.5856564],[85.1188679,25.5857682],[85.1188903,25.5858313],[85.1188938,25.5858482],[85.1189484,25.5861131],[85.1189696,25.5862156],[85.1189809,25.5862616],[85.1190225,25.5864302],[85.1190509,25.5865022],[85.1190936,25.5866108],[85.1191044,25.5866431],[85.1192105,25.5869594],[85.119228,25.5870114],[85.1192273,25.5870537],[85.1192202,25.5870815],[85.1192096,25.5871234],[85.119201,25.5871571],[85.1191934,25.5871867],[85.1191714,25.587273],[85.1191659,25.5873754],[85.1191655,25.5873829],[85.1191685,25.5874307],[85.1191686,25.5874307],[85.1191723,25.5874885],[85.1191746,25.5874998],[85.1192083,25.5876636],[85.119212,25.5877005],[85.1192182,25.5877621],[85.1192202,25.5877818],[85.1192393,25.5881059],[85.1192409,25.5881333],[85.1192413,25.5883906],[85.1192337,25.5884743],[85.1192276,25.5885418],[85.1192184,25.5886443],[85.1192154,25.5886781],[85.1192097,25.5887414],[85.1192123,25.5887946],[85.1192142,25.5888319],[85.1192185,25.5889181],[85.1192195,25.588938],[85.1192264,25.5889832],[85.1192393,25.5890678],[85.1192649,25.5892363],[85.1192668,25.5892518],[85.1192735,25.5893081],[85.1192804,25.5893654],[85.1192889,25.5894587],[85.1193142,25.5897351],[85.1193513,25.5897301],[85.1193591,25.589727],[85.1193841,25.5898344],[85.1194078,25.5899358],[85.1194157,25.5899699],[85.1194167,25.5899742],[85.1194422,25.5900836],[85.1194456,25.590098],[85.1194929,25.5903007],[85.1194998,25.5903303],[85.1195133,25.5903883],[85.1195395,25.5905696],[85.119551,25.5906488],[85.1195669,25.5907844],[85.119581,25.5909044],[85.1195836,25.5909268],[85.1196044,25.5911043],[85.1196238,25.5912696],[85.1196329,25.5913556],[85.1197092,25.5914039],[85.1201839,25.5917039],[85.120184,25.5917039],[85.1202526,25.5917476],[85.120703,25.5920436],[85.1211347,25.5923215],[85.1212453,25.5923927],[85.1215228,25.5925713],[85.121557,25.5925947],[85.1215625,25.5925984],[85.1215903,25.5926173],[85.1215921,25.5926188],[85.1215938,25.5926205],[85.1215952,25.5926223],[85.1215964,25.5926243],[85.1215973,25.5926264],[85.1215979,25.5926285],[85.1215982,25.5926308],[85.1215982,25.592633],[85.1215978,25.5926352],[85.1215972,25.5926374],[85.1215963,25.5926395],[85.1215951,25.5926415],[85.1215751,25.5926698],[85.1215584,25.5926936],[85.1212734,25.5930522],[85.1213221,25.5930635],[85.1213632,25.5930713],[85.1213712,25.5930728],[85.1213776,25.5930737],[85.1214207,25.5930801],[85.121466,25.5930849],[85.1214706,25.5930854],[85.1214734,25.5930855],[85.1215207,25.5930887],[85.1215708,25.5930899],[85.1215959,25.5930896],[85.121621,25.5930892],[85.1216711,25.5930864],[85.1217211,25.5930817],[85.1217707,25.5930749],[85.1218115,25.5930677],[85.1218221,25.5930654],[85.1218431,25.5930611],[85.1218687,25.5930554],[85.1219841,25.5930264],[85.122145,25.592986],[85.1224055,25.5929205],[85.1225762,25.5928667],[85.1228045,25.5927947],[85.122836,25.5927847],[85.1232758,25.592646],[85.1233242,25.5926308]]]}},{"type":"Feature","properties":{"ward":"17","ward_title":"Ward 17","area":"Boring Canal Road / Sri Krishna Puri (SK Puri)","short_area":"SK Puri","ac_no":"182","ac_name":"Bankipur","ac_booths":22,"ac_booth_range":"301-350","ac_voters":19219,"total_ward_booths":"22","total_ward_voters":"1,746","center_lat":25.58749685,"center_lon":85.12634513835532,"label_lat":25.58547088673447,"label_lon":85.12863571316717,"has_leader":true,"leader_line":[[25.58749685,85.12634513835532],[25.58547088673447,85.12863571316717]],"color":"#3b82f6","color_dark":"#1d4ed8"},"geometry":{"type":"Polygon","coordinates":[[[85.1305799,25.5891398],[85.1304466,25.5886852],[85.1304385,25.5886576],[85.1304116,25.5885658],[85.1304042,25.5885407],[85.1303197,25.5882716],[85.130318,25.5882661],[85.1302418,25.5880238],[85.1302074,25.5879142],[85.1301643,25.5877711],[85.1301622,25.5877641],[85.1299798,25.5871576],[85.1298847,25.5868354],[85.1298454,25.5867022],[85.1298177,25.5866085],[85.1297257,25.5863386],[85.1296292,25.586056],[85.1296132,25.5860102],[85.1294529,25.5855536],[85.1294484,25.5855399],[85.1294247,25.5854678],[85.1293325,25.5851872],[85.1292957,25.5850753],[85.1292837,25.5850261],[85.129272,25.584978],[85.1292667,25.5849563],[85.129252,25.584896],[85.1292456,25.5848696],[85.129234,25.584822],[85.1292263,25.5847393],[85.1292208,25.5846795],[85.1292023,25.5846296],[85.1288969,25.5846228],[85.1283767,25.584607],[85.1283763,25.584607],[85.1281135,25.584599],[85.1272867,25.5845798],[85.1264993,25.5845524],[85.1259816,25.5845389],[85.1257706,25.5845358],[85.1257205,25.584535],[85.1257203,25.584535],[85.1257178,25.584535],[85.1257176,25.584535],[85.1257175,25.584535],[85.1257172,25.584535],[85.1257153,25.5845349],[85.1257152,25.5845349],[85.1256796,25.5845344],[85.1254545,25.584531],[85.1251902,25.584527],[85.1251163,25.5845245],[85.1251003,25.5845239],[85.1250971,25.5845238],[85.1250968,25.5845238],[85.1250439,25.584522],[85.1250282,25.5845214],[85.1250125,25.5845209],[85.1247691,25.5845124],[85.124409,25.5844998],[85.1240583,25.5844936],[85.124058,25.5844936],[85.1239819,25.584491],[85.1239815,25.584491],[85.1239793,25.584491],[85.1239789,25.5844909],[85.1239765,25.5844909],[85.1239762,25.5844908],[85.1239748,25.5844908],[85.1238587,25.5844869],[85.123857,25.5844868],[85.1238566,25.5844868],[85.1236946,25.5844813],[85.1235934,25.5844779],[85.1234889,25.5844744],[85.1234858,25.5844743],[85.1234736,25.5844737],[85.1234157,25.5844709],[85.1234029,25.5844975],[85.1233013,25.5847087],[85.123282,25.5847173],[85.1232716,25.584722],[85.1232441,25.5847371],[85.1232182,25.5847547],[85.1232084,25.5847623],[85.1232022,25.5847671],[85.1231831,25.5847875],[85.12299,25.5849753],[85.1228524,25.5851018],[85.1228414,25.5851118],[85.1228409,25.5851122],[85.1227366,25.5851855],[85.1226787,25.5852184],[85.122668,25.5852231],[85.1225012,25.5852953],[85.1223676,25.5853531],[85.1222269,25.5854141],[85.1222198,25.5854193],[85.1222134,25.5854252],[85.1222079,25.5854317],[85.1222032,25.5854388],[85.1222014,25.5854426],[85.1221996,25.5854464],[85.1221969,25.5854543],[85.1221953,25.5854624],[85.1221947,25.5854706],[85.1221952,25.5854789],[85.1221969,25.585487],[85.1221995,25.5854949],[85.1222032,25.5855025],[85.1222254,25.5855417],[85.1223813,25.5858677],[85.1223819,25.5858688],[85.1224166,25.5859701],[85.1224855,25.5862955],[85.1224917,25.5863098],[85.1224981,25.5863209],[85.1225,25.5863242],[85.1225063,25.5863354],[85.1225395,25.5863937],[85.1225786,25.5865217],[85.1225967,25.5866165],[85.1226021,25.5866722],[85.1226008,25.586753],[85.122597,25.5867862],[85.1225926,25.5868237],[85.1225915,25.5868331],[85.1225879,25.5868647],[85.122566,25.5869258],[85.1225565,25.5869639],[85.1225554,25.587037],[85.1225599,25.5870927],[85.1225605,25.5870994],[85.1225641,25.5871431],[85.1225749,25.5872741],[85.1225753,25.5872793],[85.1225815,25.5873547],[85.1225836,25.5873805],[85.1225973,25.5874709],[85.1226028,25.5874837],[85.1226141,25.58751],[85.122619,25.5875215],[85.1226261,25.5875486],[85.1226288,25.5875586],[85.122679,25.5877497],[85.1227057,25.5878511],[85.1227231,25.5879174],[85.1227445,25.5880025],[85.1227744,25.5881213],[85.1227902,25.5882088],[85.1228272,25.5884141],[85.1228319,25.5884402],[85.1228447,25.5885111],[85.1228448,25.5885117],[85.1228449,25.5885122],[85.1228449,25.5885128],[85.122845,25.5885134],[85.122845,25.588514],[85.1228449,25.5885146],[85.1228449,25.5885152],[85.1228449,25.5885158],[85.1228448,25.5885164],[85.1228447,25.588517],[85.1228446,25.5885176],[85.1228444,25.5885181],[85.1228395,25.588537],[85.1228369,25.5885653],[85.1228376,25.5885763],[85.1228385,25.5885898],[85.1228613,25.5886449],[85.1228979,25.5887332],[85.1229372,25.5888283],[85.1229388,25.5888322],[85.1229537,25.5888681],[85.1229771,25.5889359],[85.1230004,25.5890037],[85.1230351,25.5891619],[85.1230659,25.5893023],[85.1230761,25.589349],[85.1231414,25.5895729],[85.1231818,25.5897117],[85.1232027,25.5897836],[85.1232245,25.5898492],[85.1232648,25.5899706],[85.1233562,25.5902461],[85.1233709,25.5902902],[85.1234175,25.5903617],[85.1234183,25.5903628],[85.1234193,25.5903639],[85.1234203,25.5903648],[85.1234215,25.5903657],[85.1234228,25.5903664],[85.1234241,25.5903671],[85.1234255,25.5903676],[85.1234269,25.590368],[85.1234284,25.5903682],[85.1234299,25.5903683],[85.1234314,25.5903683],[85.1234329,25.5903681],[85.1235545,25.5903488],[85.123615,25.5903392],[85.1240775,25.5902656],[85.1241099,25.5902605],[85.1242764,25.590234],[85.1242864,25.5902324],[85.1243315,25.5904667],[85.1243318,25.5904686],[85.1243414,25.5904659],[85.1243606,25.5904605],[85.1244222,25.5904432],[85.1245014,25.5904233],[85.1245207,25.5904192],[85.124524,25.5904185],[85.124558,25.5904111],[85.1246005,25.5904124],[85.1247048,25.5904205],[85.1247745,25.5904272],[85.1247803,25.5904277],[85.124794,25.590429],[85.1248704,25.5904359],[85.1249334,25.5904367],[85.1250848,25.5904485],[85.1250932,25.5904499],[85.1252079,25.5904688],[85.1252147,25.5904694],[85.125314,25.5904774],[85.1254622,25.5904872],[85.1254861,25.5904881],[85.1256012,25.5904926],[85.1256487,25.5905033],[85.1256716,25.5905122],[85.1256906,25.5905131],[85.1258518,25.5904836],[85.1260512,25.5904401],[85.1264005,25.5903809],[85.1269082,25.5902949],[85.1269675,25.5902849],[85.1269308,25.5900878],[85.127025,25.5900741],[85.1270667,25.5900699],[85.1271271,25.5900637],[85.1272148,25.590044],[85.1272153,25.5900438],[85.1272158,25.5900437],[85.1272163,25.5900435],[85.1272168,25.5900434],[85.1272173,25.5900432],[85.1272178,25.590043],[85.1272182,25.5900428],[85.1272187,25.5900425],[85.1272191,25.5900423],[85.1272196,25.590042],[85.12722,25.5900418],[85.1272204,25.5900415],[85.1272208,25.5900412],[85.1272212,25.5900409],[85.1272216,25.5900405],[85.127222,25.5900402],[85.1272223,25.5900399],[85.1272227,25.5900395],[85.1272346,25.5900266],[85.1272465,25.5900137],[85.1272689,25.5899954],[85.1273137,25.5899588],[85.127374,25.5899259],[85.1274131,25.5899088],[85.1274696,25.5898808],[85.1276572,25.5898573],[85.12766,25.5898758],[85.1276697,25.5898736],[85.127801,25.5898437],[85.1279498,25.5898099],[85.1282596,25.5897398],[85.1282741,25.5897365],[85.128274,25.5897362],[85.1282694,25.5897154],[85.1282843,25.5897137],[85.1282893,25.5897131],[85.1282942,25.5897126],[85.1283602,25.5896995],[85.1283613,25.5897044],[85.128392,25.5896983],[85.1284289,25.589691],[85.1284435,25.5896882],[85.128458,25.5896853],[85.1284713,25.5896826],[85.1284997,25.5898007],[85.1285139,25.5898599],[85.1285362,25.5899523],[85.1286069,25.5899383],[85.128723,25.5899154],[85.1287262,25.5899148],[85.1287335,25.5899133],[85.1287408,25.5899119],[85.1287939,25.5899014],[85.1288013,25.5898999],[85.1288044,25.5898993],[85.1288522,25.5898898],[85.1288522,25.5898897],[85.1289034,25.5898763],[85.1289075,25.5898753],[85.1289218,25.5898715],[85.1290137,25.5898475],[85.1290249,25.5898405],[85.1290254,25.5898405],[85.1290259,25.5898405],[85.1290264,25.5898405],[85.1290269,25.5898404],[85.1290274,25.5898403],[85.129028,25.5898402],[85.1292075,25.5898026],[85.1292079,25.5898025],[85.1292165,25.5898007],[85.129217,25.5898006],[85.1292175,25.5898006],[85.129218,25.5898005],[85.1292185,25.5898004],[85.1292189,25.5898004],[85.129219,25.5898004],[85.1292195,25.5898004],[85.12922,25.5898004],[85.1292205,25.5898004],[85.1292211,25.5898004],[85.1292216,25.5898005],[85.1292221,25.5898006],[85.1292226,25.5898006],[85.1292231,25.5898007],[85.1292236,25.5898008],[85.1292241,25.589801],[85.1292243,25.589801],[85.1292434,25.5897859],[85.1292897,25.5897666],[85.1293847,25.5897379],[85.1294137,25.5897298],[85.1294526,25.5897189],[85.1295109,25.5897053],[85.1296317,25.589677],[85.1296423,25.5896745],[85.1296432,25.5896789],[85.1296464,25.5896942],[85.1297261,25.5896805],[85.1297359,25.5896788],[85.1297457,25.5896771],[85.1298538,25.5896585],[85.1298719,25.5896765],[85.1301336,25.589647],[85.1301496,25.5896452],[85.1304592,25.5896102],[85.1304979,25.5896059],[85.1305381,25.5896013],[85.1306597,25.5895923],[85.1306849,25.5895904],[85.130695,25.5895896],[85.1307038,25.589589],[85.1307101,25.5895885],[85.1306201,25.5892769],[85.1305799,25.5891398]]]}},{"type":"Feature","properties":{"ward":"18","ward_title":"Ward 18","area":"Kidwaipuri / Buddha Colony / Mandiri","short_area":"Kidwaipuri","ac_no":"182","ac_name":"Bankipur","ac_booths":23,"ac_booth_range":"294-328","ac_voters":21062,"total_ward_booths":"23","total_ward_voters":"15,700","center_lat":25.59282375,"center_lon":85.12854897679377,"label_lat":25.59089479188505,"label_lon":85.12864655934146,"has_leader":true,"leader_line":[[25.59282375,85.12854897679377],[25.59089479188505,85.12864655934146]],"color":"#3b82f6","color_dark":"#1d4ed8"},"geometry":{"type":"Polygon","coordinates":[[[85.1324554,25.5956304],[85.1323094,25.5951496],[85.1322385,25.5949123],[85.1321844,25.594731],[85.1321625,25.5946577],[85.1320771,25.5943625],[85.1319916,25.5940673],[85.1319245,25.5938471],[85.1318638,25.5936477],[85.1318612,25.5936393],[85.1318075,25.5934631],[85.1317816,25.593373],[85.1317591,25.5932947],[85.1317136,25.5931366],[85.1316915,25.5930597],[85.1315611,25.5925942],[85.131529,25.5924796],[85.1315213,25.5924522],[85.1314741,25.5922836],[85.1314363,25.5921511],[85.1314363,25.592151],[85.1312955,25.591658],[85.1312952,25.5916571],[85.1312844,25.5916221],[85.1312331,25.5914561],[85.1311674,25.5912435],[85.1311609,25.5912225],[85.1310273,25.5907621],[85.1309803,25.5906001],[85.1308804,25.5901966],[85.1308493,25.5900708],[85.1308409,25.5900419],[85.1307825,25.5898396],[85.1307101,25.5895885],[85.1307038,25.589589],[85.130695,25.5895896],[85.1306849,25.5895904],[85.1306597,25.5895923],[85.1305381,25.5896013],[85.1304979,25.5896059],[85.1304592,25.5896102],[85.1301496,25.5896452],[85.1301336,25.589647],[85.1298719,25.5896765],[85.1298538,25.5896585],[85.1297457,25.5896771],[85.1297359,25.5896788],[85.1297261,25.5896805],[85.1296464,25.5896942],[85.1296432,25.5896789],[85.1296423,25.5896745],[85.1296317,25.589677],[85.1295109,25.5897053],[85.1294526,25.5897189],[85.1294137,25.5897298],[85.1293847,25.5897379],[85.1292897,25.5897666],[85.1292434,25.5897859],[85.1292243,25.589801],[85.1292241,25.589801],[85.1292236,25.5898008],[85.1292231,25.5898007],[85.1292226,25.5898006],[85.1292221,25.5898006],[85.1292216,25.5898005],[85.1292211,25.5898004],[85.1292205,25.5898004],[85.12922,25.5898004],[85.1292195,25.5898004],[85.129219,25.5898004],[85.1292189,25.5898004],[85.1292185,25.5898004],[85.129218,25.5898005],[85.1292175,25.5898006],[85.129217,25.5898006],[85.1292165,25.5898007],[85.1292079,25.5898025],[85.1292075,25.5898026],[85.129028,25.5898402],[85.1290274,25.5898403],[85.1290269,25.5898404],[85.1290264,25.5898405],[85.1290259,25.5898405],[85.1290254,25.5898405],[85.1290249,25.5898405],[85.1290137,25.5898475],[85.1289218,25.5898715],[85.1289075,25.5898753],[85.1289034,25.5898763],[85.1288522,25.5898897],[85.1288522,25.5898898],[85.1288044,25.5898993],[85.1288013,25.5898999],[85.1287939,25.5899014],[85.1287408,25.5899119],[85.1287335,25.5899133],[85.1287262,25.5899148],[85.128723,25.5899154],[85.1286069,25.5899383],[85.1285362,25.5899523],[85.1285139,25.5898599],[85.1284997,25.5898007],[85.1284713,25.5896826],[85.128458,25.5896853],[85.1284435,25.5896882],[85.1284289,25.589691],[85.128392,25.5896983],[85.1283613,25.5897044],[85.1283602,25.5896995],[85.1282942,25.5897126],[85.1282893,25.5897131],[85.1282843,25.5897137],[85.1282694,25.5897154],[85.128274,25.5897362],[85.1282741,25.5897365],[85.1282596,25.5897398],[85.1279498,25.5898099],[85.127801,25.5898437],[85.1276697,25.5898736],[85.12766,25.5898758],[85.1276572,25.5898573],[85.1274696,25.5898808],[85.1274131,25.5899088],[85.127374,25.5899259],[85.1273137,25.5899588],[85.1272689,25.5899954],[85.1272465,25.5900137],[85.1272346,25.5900266],[85.1272227,25.5900395],[85.1272223,25.5900399],[85.127222,25.5900402],[85.1272216,25.5900405],[85.1272212,25.5900409],[85.1272208,25.5900412],[85.1272204,25.5900415],[85.12722,25.5900418],[85.1272196,25.590042],[85.1272191,25.5900423],[85.1272187,25.5900425],[85.1272182,25.5900428],[85.1272178,25.590043],[85.1272173,25.5900432],[85.1272168,25.5900434],[85.1272163,25.5900435],[85.1272158,25.5900437],[85.1272153,25.5900438],[85.1272148,25.590044],[85.1271271,25.5900637],[85.1270667,25.5900699],[85.127025,25.5900741],[85.1269308,25.5900878],[85.1269675,25.5902849],[85.1269082,25.5902949],[85.1264005,25.5903809],[85.1260512,25.5904401],[85.1258518,25.5904836],[85.1256906,25.5905131],[85.1256716,25.5905122],[85.1256487,25.5905033],[85.1256012,25.5904926],[85.1254861,25.5904881],[85.1254622,25.5904872],[85.125314,25.5904774],[85.1252147,25.5904694],[85.1252079,25.5904688],[85.1250932,25.5904499],[85.1250848,25.5904485],[85.1249334,25.5904367],[85.1248704,25.5904359],[85.124794,25.590429],[85.1247803,25.5904277],[85.1247745,25.5904272],[85.1247048,25.5904205],[85.1246005,25.5904124],[85.124558,25.5904111],[85.124524,25.5904185],[85.1245207,25.5904192],[85.1245014,25.5904233],[85.1244222,25.5904432],[85.1243606,25.5904605],[85.1243414,25.5904659],[85.1243318,25.5904686],[85.1243495,25.5905605],[85.124351,25.5905681],[85.1243522,25.5905744],[85.1243667,25.5906499],[85.1243858,25.5907866],[85.1243859,25.5907869],[85.1243859,25.5907872],[85.1243859,25.5907875],[85.1243859,25.5907877],[85.1243859,25.590788],[85.1243859,25.5907883],[85.1243859,25.5907886],[85.1243859,25.5907889],[85.1243859,25.5907892],[85.1243859,25.5907895],[85.1243859,25.5907897],[85.1243858,25.59079],[85.1243775,25.5908489],[85.1243774,25.5908493],[85.1243774,25.5908497],[85.1243774,25.5908501],[85.1243774,25.5908505],[85.1243774,25.5908509],[85.1243774,25.5908513],[85.1243774,25.5908517],[85.1243774,25.5908521],[85.1243775,25.5908523],[85.1243775,25.5908525],[85.1243776,25.5908529],[85.1243777,25.5908533],[85.1243777,25.5908537],[85.1243955,25.5909221],[85.1244099,25.5909776],[85.1244204,25.5910181],[85.1244383,25.5910805],[85.1244433,25.5910977],[85.1244563,25.591143],[85.1244749,25.5912077],[85.1244847,25.591237],[85.1245062,25.5913005],[85.1245261,25.5913594],[85.1246016,25.5915051],[85.1246067,25.591515],[85.1246168,25.5915345],[85.1247023,25.5916554],[85.1247737,25.5917565],[85.1247777,25.5917621],[85.1247797,25.591765],[85.1249829,25.5920525],[85.1249553,25.5920626],[85.1249587,25.5920731],[85.1249602,25.5920777],[85.1249624,25.5920843],[85.1249648,25.5920918],[85.1249815,25.5921428],[85.1250301,25.5922918],[85.1250893,25.5924128],[85.1251253,25.5924711],[85.1251366,25.5924893],[85.1252373,25.5926044],[85.125245,25.592612],[85.1253613,25.5927274],[85.1255838,25.5929201],[85.1257252,25.5930407],[85.1257351,25.5930578],[85.1257353,25.593058],[85.125745,25.5930872],[85.1257456,25.5931401],[85.1257477,25.5933128],[85.1257478,25.5933214],[85.1257478,25.593322],[85.1257479,25.5933348],[85.1257487,25.5933409],[85.1257598,25.5934289],[85.1257892,25.5935423],[85.1258,25.5935817],[85.1258172,25.5936446],[85.1258282,25.5936695],[85.1258339,25.5936826],[85.1258926,25.5938157],[85.1259044,25.5938426],[85.1259229,25.5938845],[85.1259544,25.5939832],[85.1259613,25.5940049],[85.1259747,25.5940468],[85.1259806,25.5940651],[85.1259841,25.5940762],[85.1259992,25.5941235],[85.1260131,25.5941883],[85.126027,25.5942531],[85.1260722,25.5944641],[85.1260829,25.594505],[85.12612,25.5946463],[85.1261393,25.5947196],[85.1261585,25.5947928],[85.1261949,25.5949228],[85.1262005,25.5949427],[85.1262396,25.5950825],[85.1262442,25.595099],[85.1262496,25.5951182],[85.1262513,25.5951258],[85.1262614,25.595172],[85.1263189,25.5954348],[85.1263237,25.5954566],[85.1263243,25.5954597],[85.1263268,25.5954709],[85.1263283,25.5954777],[85.1263606,25.5956189],[85.1263716,25.5956667],[85.1263908,25.5957508],[85.1263947,25.5957678],[85.1264083,25.5958273],[85.1264106,25.5958371],[85.1264306,25.5959246],[85.1264334,25.5959371],[85.1264397,25.5959544],[85.1264516,25.5959875],[85.1264561,25.595998],[85.1264592,25.5960051],[85.1264752,25.5960422],[85.1264824,25.5960589],[85.1264916,25.596071],[85.1265071,25.5960914],[85.1265085,25.5960932],[85.1265112,25.5960968],[85.1265273,25.5961062],[85.1265323,25.5961092],[85.1266032,25.5961175],[85.1267092,25.5961299],[85.1267362,25.5961298],[85.1267922,25.5961297],[85.1268826,25.5961294],[85.1269138,25.5961271],[85.1270379,25.5961179],[85.1271916,25.5961057],[85.1273773,25.596091],[85.1274058,25.5960887],[85.1276067,25.596059],[85.1277346,25.59604],[85.1281704,25.5959856],[85.1281748,25.5959556],[85.1284817,25.5959041],[85.12849,25.5959027],[85.1284963,25.5959016],[85.1285686,25.5958895],[85.1286941,25.5958674],[85.1287912,25.5958503],[85.1288593,25.595838],[85.129005,25.5958117],[85.1291333,25.5957886],[85.1291566,25.5957844],[85.1291568,25.5957844],[85.1291569,25.5957843],[85.129157,25.5957843],[85.1291572,25.5957843],[85.1291573,25.5957843],[85.1291574,25.5957843],[85.1291575,25.5957843],[85.1291577,25.5957842],[85.1291578,25.5957842],[85.1291579,25.5957842],[85.1291581,25.5957842],[85.1291582,25.5957842],[85.1294325,25.5957611],[85.1296746,25.5957408],[85.1296888,25.5957396],[85.1296939,25.595751],[85.1297055,25.5957655],[85.1297453,25.5957874],[85.1298814,25.5958561],[85.1298922,25.5958615],[85.1299932,25.5958922],[85.1300435,25.5959002],[85.1300767,25.5959031],[85.1300953,25.5959029],[85.1301291,25.5959025],[85.1302414,25.5958955],[85.1303708,25.5958873],[85.1304834,25.5958803],[85.1305196,25.5958751],[85.1305384,25.5958723],[85.1306453,25.5958568],[85.130712,25.5958472],[85.1307424,25.5958428],[85.1308053,25.595835],[85.1308636,25.5958278],[85.1309991,25.5958111],[85.1310137,25.5958093],[85.1310814,25.5957873],[85.1311187,25.595781],[85.1312043,25.5957751],[85.1312583,25.5957713],[85.1314189,25.5957573],[85.1315591,25.595745],[85.1316543,25.5957367],[85.1316879,25.5957347],[85.1318286,25.5957261],[85.1319398,25.5957193],[85.1320039,25.5957154],[85.1321176,25.5957084],[85.1321546,25.5957062],[85.1321576,25.5957058],[85.1322263,25.5956969],[85.1324237,25.5956714],[85.1324573,25.5956671],[85.1324555,25.5956325],[85.1324554,25.5956304]]]}},{"type":"Feature","properties":{"ward":"19","ward_title":"Ward 19","area":"Kadamkuan / Sahityakar Colony / Park Road","short_area":"Kadamkuan","ac_no":"182","ac_name":"Bankipur","ac_booths":23,"ac_booth_range":"257-287","ac_voters":19429,"total_ward_booths":"25","total_ward_voters":"21,150","center_lat":25.597023550000003,"center_lon":85.12842017113421,"label_lat":25.59814479188503,"label_lon":85.12842017113421,"has_leader":true,"leader_line":[[25.597023550000003,85.12842017113421],[25.59814479188503,85.12842017113421]],"color":"#3b82f6","color_dark":"#1d4ed8"},"geometry":{"type":"Polygon","coordinates":[[[85.1322263,25.5956969],[85.1321576,25.5957058],[85.1321546,25.5957062],[85.1321176,25.5957084],[85.1320039,25.5957154],[85.1319398,25.5957193],[85.1318286,25.5957261],[85.1316879,25.5957347],[85.1316543,25.5957367],[85.1315591,25.595745],[85.1314189,25.5957573],[85.1312583,25.5957713],[85.1312043,25.5957751],[85.1311187,25.595781],[85.1310814,25.5957873],[85.1310137,25.5958093],[85.1309991,25.5958111],[85.1308636,25.5958278],[85.1308053,25.595835],[85.1307424,25.5958428],[85.130712,25.5958472],[85.1306453,25.5958568],[85.1305384,25.5958723],[85.1305196,25.5958751],[85.1304834,25.5958803],[85.1303708,25.5958873],[85.1302414,25.5958955],[85.1301291,25.5959025],[85.1300953,25.5959029],[85.1300767,25.5959031],[85.1300435,25.5959002],[85.1299932,25.5958922],[85.1298922,25.5958615],[85.1298814,25.5958561],[85.1297453,25.5957874],[85.1297055,25.5957655],[85.1296939,25.595751],[85.1296888,25.5957396],[85.1296746,25.5957408],[85.1294325,25.5957611],[85.1291582,25.5957842],[85.1291581,25.5957842],[85.1291579,25.5957842],[85.1291578,25.5957842],[85.1291577,25.5957842],[85.1291575,25.5957843],[85.1291574,25.5957843],[85.1291573,25.5957843],[85.1291572,25.5957843],[85.129157,25.5957843],[85.1291569,25.5957843],[85.1291568,25.5957844],[85.1291566,25.5957844],[85.1291333,25.5957886],[85.129005,25.5958117],[85.1288593,25.595838],[85.1287912,25.5958503],[85.1286941,25.5958674],[85.1285686,25.5958895],[85.1284963,25.5959016],[85.12849,25.5959027],[85.1284817,25.5959041],[85.1281748,25.5959556],[85.1281704,25.5959856],[85.1277346,25.59604],[85.1276067,25.596059],[85.1274058,25.5960887],[85.1273773,25.596091],[85.1271916,25.5961057],[85.1270379,25.5961179],[85.1269138,25.5961271],[85.1268826,25.5961294],[85.1267922,25.5961297],[85.1267362,25.5961298],[85.1267092,25.5961299],[85.1266032,25.5961175],[85.1265323,25.5961092],[85.1265273,25.5961062],[85.1265112,25.5960968],[85.1265085,25.5960932],[85.1265071,25.5960914],[85.1264916,25.596071],[85.1264824,25.5960589],[85.1264752,25.5960422],[85.1264592,25.5960051],[85.1264561,25.595998],[85.1264516,25.5959875],[85.1264397,25.5959544],[85.1264334,25.5959371],[85.1264306,25.5959246],[85.1264106,25.5958371],[85.1264083,25.5958273],[85.1263947,25.5957678],[85.1263908,25.5957508],[85.1263716,25.5956667],[85.1263606,25.5956189],[85.1263283,25.5954777],[85.1263268,25.5954709],[85.1263243,25.5954597],[85.1263237,25.5954566],[85.1263189,25.5954348],[85.1262614,25.595172],[85.1262513,25.5951258],[85.1262496,25.5951182],[85.1262442,25.595099],[85.1262396,25.5950825],[85.1262005,25.5949427],[85.1261949,25.5949228],[85.1261585,25.5947928],[85.1261393,25.5947196],[85.12612,25.5946463],[85.1260829,25.594505],[85.1260722,25.5944641],[85.126027,25.5942531],[85.1260131,25.5941883],[85.1259992,25.5941235],[85.1259841,25.5940762],[85.1259806,25.5940651],[85.1259747,25.5940468],[85.1259613,25.5940049],[85.1259544,25.5939832],[85.1259229,25.5938845],[85.1259044,25.5938426],[85.1258926,25.5938157],[85.1258339,25.5936826],[85.1258282,25.5936695],[85.1258172,25.5936446],[85.1258,25.5935817],[85.1257892,25.5935423],[85.1257598,25.5934289],[85.1257487,25.5933409],[85.1257479,25.5933348],[85.1257478,25.593322],[85.1257478,25.5933214],[85.1257477,25.5933128],[85.1257456,25.5931401],[85.125745,25.5930872],[85.1257353,25.593058],[85.1257351,25.5930578],[85.1257252,25.5930407],[85.1255838,25.5929201],[85.1253613,25.5927274],[85.125245,25.592612],[85.1252373,25.5926044],[85.1251366,25.5924893],[85.1251253,25.5924711],[85.1250893,25.5924128],[85.1250301,25.5922918],[85.1249815,25.5921428],[85.1249648,25.5920918],[85.1249624,25.5920843],[85.1249602,25.5920777],[85.1249587,25.5920731],[85.1249553,25.5920626],[85.1246228,25.5921839],[85.1245387,25.5922125],[85.1242182,25.5923214],[85.1241905,25.5923308],[85.1238962,25.5924327],[85.1236273,25.5925259],[85.1233242,25.5926308],[85.1232758,25.592646],[85.122836,25.5927847],[85.1228841,25.5928798],[85.1229389,25.5929881],[85.1230291,25.5931664],[85.1230462,25.5932036],[85.1230538,25.5932201],[85.123073,25.5932619],[85.1231,25.5933209],[85.1231105,25.5933387],[85.1231243,25.5933623],[85.1231392,25.5933877],[85.1231402,25.5933894],[85.1231604,25.5934179],[85.1231803,25.5934459],[85.1231827,25.5934493],[85.1232472,25.5935401],[85.1233962,25.5938118],[85.1234156,25.5938526],[85.1234187,25.5938592],[85.1234826,25.5939935],[85.1234914,25.5939914],[85.1234971,25.5939901],[85.123509,25.5939874],[85.1237117,25.5939407],[85.1238366,25.5939247],[85.1239523,25.5939262],[85.1239939,25.5939267],[85.1240677,25.5939268],[85.1241377,25.5939268],[85.1242356,25.5939281],[85.124236,25.5939281],[85.1242551,25.593927],[85.1242433,25.5940482],[85.1242298,25.5941996],[85.1242236,25.5942708],[85.1242235,25.5942713],[85.1242234,25.5942717],[85.1242234,25.5942722],[85.1242232,25.5942727],[85.1242231,25.5942731],[85.124223,25.5942736],[85.1242228,25.594274],[85.1242227,25.5942744],[85.1242225,25.5942749],[85.1242223,25.5942753],[85.1242221,25.5942757],[85.1242218,25.5942761],[85.1242216,25.5942765],[85.1242213,25.5942769],[85.124221,25.5942773],[85.1242207,25.5942777],[85.1242204,25.5942781],[85.1242201,25.5942784],[85.1242198,25.5942788],[85.1242194,25.5942791],[85.1242191,25.5942795],[85.1242187,25.5942798],[85.1242183,25.5942801],[85.1242179,25.5942804],[85.1242175,25.5942806],[85.1242171,25.5942809],[85.1242167,25.5942812],[85.1241585,25.5943146],[85.1241551,25.5943165],[85.124153,25.5943177],[85.124143,25.5943234],[85.1241427,25.5943236],[85.1241426,25.5943237],[85.1241422,25.5943239],[85.1241418,25.5943242],[85.1241414,25.5943245],[85.1241411,25.5943248],[85.124141,25.5943248],[85.1241407,25.5943251],[85.1241403,25.5943254],[85.12414,25.5943258],[85.1241396,25.5943261],[85.1241393,25.5943265],[85.124139,25.5943268],[85.1241387,25.5943272],[85.1241384,25.5943276],[85.1241382,25.594328],[85.1241379,25.5943284],[85.1241377,25.5943288],[85.1241375,25.5943292],[85.1241373,25.5943296],[85.1241371,25.59433],[85.1241369,25.5943304],[85.1241368,25.5943308],[85.1241368,25.5943309],[85.1241366,25.5943313],[85.1241365,25.5943318],[85.1241364,25.5943322],[85.1240981,25.5945063],[85.1240969,25.5945118],[85.1240954,25.5945187],[85.1240949,25.5945211],[85.1240946,25.594522],[85.1240944,25.5945237],[85.1240945,25.5945255],[85.1240955,25.5945362],[85.1241046,25.594634],[85.1241138,25.5947444],[85.1241289,25.5949262],[85.1241321,25.5949643],[85.1241321,25.5949644],[85.1241321,25.5949645],[85.1241327,25.5949747],[85.1241328,25.594976],[85.1241431,25.5951445],[85.1241431,25.5951447],[85.1241431,25.5951449],[85.1241431,25.5951451],[85.1241431,25.5951452],[85.1241432,25.5951454],[85.1241534,25.5952155],[85.1241534,25.5952157],[85.1241552,25.5952263],[85.1241675,25.5953014],[85.1241723,25.5953305],[85.1241723,25.5953307],[85.1241723,25.5953308],[85.1241724,25.5953309],[85.1241724,25.5953311],[85.1241724,25.5953312],[85.1241724,25.5953313],[85.1241724,25.5953315],[85.1241724,25.5953316],[85.1241724,25.5953317],[85.1241724,25.5953319],[85.1241724,25.595332],[85.1241725,25.5953321],[85.124174,25.5953808],[85.124174,25.595381],[85.124174,25.5953811],[85.1241741,25.5954375],[85.1241743,25.5955071],[85.1241743,25.5955072],[85.1241743,25.5955073],[85.1241743,25.5955074],[85.1241743,25.5955075],[85.1241743,25.5955076],[85.1241708,25.5955874],[85.1241635,25.5957558],[85.1241635,25.5957559],[85.1241635,25.595756],[85.1241635,25.5957562],[85.1241635,25.5957563],[85.1241635,25.5957565],[85.1241635,25.5957566],[85.1241635,25.5957567],[85.1241634,25.5957569],[85.1241634,25.595757],[85.1241634,25.5957572],[85.1241634,25.5957573],[85.1241634,25.5957574],[85.1241626,25.5957617],[85.124145,25.5958579],[85.1241194,25.5959987],[85.1241194,25.5959988],[85.1241193,25.5959989],[85.1241193,25.5959991],[85.1241036,25.5960721],[85.1240961,25.5961067],[85.1240928,25.5961221],[85.1240928,25.5961223],[85.1240498,25.5963056],[85.1240493,25.5963073],[85.1240486,25.5963088],[85.1240476,25.5963103],[85.1240465,25.5963117],[85.1240451,25.5963129],[85.1240436,25.596314],[85.124042,25.5963148],[85.1240411,25.5963152],[85.1240329,25.5963881],[85.1240325,25.5963918],[85.124032,25.5963968],[85.1240362,25.5964572],[85.1240364,25.5964597],[85.124024,25.5965621],[85.1240073,25.5966367],[85.1240036,25.5966532],[85.1240058,25.5966709],[85.1240145,25.59674],[85.1240075,25.5968092],[85.1240073,25.5968122],[85.1240057,25.5968422],[85.1240018,25.5969129],[85.1239908,25.5971143],[85.1239829,25.597161],[85.1239777,25.5971932],[85.1239681,25.5972511],[85.123967,25.5972647],[85.123966,25.5972767],[85.1239648,25.5972914],[85.1239648,25.5972924],[85.1239575,25.5973827],[85.1239558,25.5974041],[85.1239536,25.5974307],[85.1239502,25.5974823],[85.123947,25.59753],[85.1237766,25.5973965],[85.1237073,25.5973582],[85.1235331,25.5972618],[85.1234526,25.5972052],[85.1234394,25.5971951],[85.1234383,25.5971942],[85.1234132,25.5971749],[85.1233866,25.5971545],[85.1232777,25.5970764],[85.1232021,25.5970131],[85.1231105,25.5969293],[85.1231003,25.59692],[85.1230344,25.5968704],[85.1228286,25.5967417],[85.122765,25.5967019],[85.1226525,25.5966315],[85.1225645,25.5965756],[85.1225519,25.5965675],[85.1222496,25.5963752],[85.1222428,25.5963708],[85.1222337,25.596365],[85.1220149,25.5962258],[85.1217248,25.5960412],[85.1217083,25.5960307],[85.1216082,25.595967],[85.1212785,25.5957572],[85.121247,25.5957371],[85.1212074,25.5957119],[85.1212031,25.5957321],[85.1211893,25.5957641],[85.1211693,25.5957932],[85.1211436,25.5958185],[85.1211133,25.5958391],[85.1210877,25.5958504],[85.121087,25.5958507],[85.1210792,25.5958542],[85.1210428,25.5958633],[85.1210253,25.5958647],[85.121005,25.5958662],[85.1209746,25.5958547],[85.1209682,25.5958506],[85.1208751,25.5957903],[85.1208528,25.5957758],[85.1208061,25.5957456],[85.1207006,25.5956772],[85.1205918,25.5956067],[85.1205131,25.5955557],[85.1204329,25.5955038],[85.1204283,25.5955008],[85.1204218,25.5954966],[85.1203902,25.5954764],[85.1203003,25.5954186],[85.1202384,25.5953789],[85.1201296,25.595309],[85.1200958,25.5952872],[85.1200803,25.5952773],[85.1199841,25.5952156],[85.1198239,25.5951126],[85.1197919,25.5950921],[85.1196955,25.5950293],[85.1196859,25.5950442],[85.1195844,25.5952281],[85.1195282,25.595339],[85.1194746,25.5954447],[85.1194278,25.5955372],[85.119365,25.5956611],[85.1193284,25.5957334],[85.1192506,25.595887],[85.1192364,25.595915],[85.1192053,25.5959763],[85.1191622,25.5960614],[85.1191476,25.5960902],[85.1193635,25.5961685],[85.1193618,25.5961728],[85.119342,25.5962244],[85.11931,25.5962154],[85.1193098,25.5962154],[85.1192956,25.5962698],[85.1192774,25.5963235],[85.1191675,25.5966139],[85.1191815,25.5966186],[85.1191686,25.5966489],[85.1191478,25.5966973],[85.1191129,25.5967789],[85.1191093,25.5967873],[85.1191021,25.5968042],[85.1192611,25.5968688],[85.1193297,25.5968967],[85.1194004,25.5969213],[85.1195217,25.5969636],[85.1197238,25.597034],[85.1207754,25.5974121],[85.1208927,25.5974541],[85.1222561,25.5979415],[85.1229803,25.5981897],[85.1233405,25.5983124],[85.1235702,25.5984004],[85.1238539,25.5985091],[85.1238659,25.5984844],[85.1238994,25.5984149],[85.1239153,25.5983819],[85.1239155,25.598382],[85.1240834,25.5984417],[85.1241104,25.5984513],[85.1241752,25.5984744],[85.124194,25.5984811],[85.1242167,25.5984892],[85.1242175,25.5984894],[85.1242394,25.5984973],[85.1242815,25.5985122],[85.1244156,25.59856],[85.1244362,25.5985673],[85.1246581,25.5986462],[85.1247034,25.5986623],[85.1248824,25.5987259],[85.1249591,25.5987531],[85.1252313,25.5988499],[85.1256578,25.5990014],[85.1259629,25.5991098],[85.1260036,25.5991244],[85.1260065,25.5991254],[85.1270226,25.5994883],[85.1277364,25.5997454],[85.1298742,25.6005153],[85.1302106,25.6006365],[85.1310952,25.6009555],[85.1318051,25.6012115],[85.132401,25.6014237],[85.1329213,25.6016732],[85.1332624,25.6018367],[85.1335056,25.6019534],[85.1335508,25.601963],[85.1335813,25.6019695],[85.1336926,25.6017219],[85.133757,25.6015705],[85.1337606,25.601562],[85.1337713,25.6015369],[85.1337749,25.6015284],[85.133911,25.6012085],[85.133931,25.6011613],[85.1339582,25.6010974],[85.1339497,25.6010957],[85.1339049,25.6010866],[85.1338964,25.6010849],[85.1338742,25.601015],[85.1338618,25.6009758],[85.1338345,25.6008899],[85.1338019,25.6007873],[85.1337294,25.6005807],[85.1337057,25.6005106],[85.1335434,25.5999004],[85.1335413,25.5998933],[85.1334603,25.5996253],[85.1333893,25.5994695],[85.1334146,25.5994378],[85.1334168,25.5994285],[85.1334188,25.5994191],[85.1334206,25.5994097],[85.1334221,25.5994003],[85.1334234,25.5993908],[85.1334244,25.5993813],[85.1334252,25.5993718],[85.1334254,25.5993698],[85.1334258,25.5993623],[85.133426,25.5993567],[85.1334262,25.5993527],[85.1334263,25.5993432],[85.1334261,25.5993337],[85.1334258,25.5993241],[85.1334241,25.5992843],[85.1334073,25.5991683],[85.1333863,25.5990994],[85.1333847,25.5990941],[85.1333158,25.5988671],[85.133256,25.5986703],[85.1332565,25.5986376],[85.1332801,25.5985897],[85.1332839,25.5985722],[85.1332842,25.5985498],[85.1332869,25.5985248],[85.1332853,25.5984973],[85.1332187,25.5982311],[85.1331999,25.5981564],[85.1331577,25.5980226],[85.1331528,25.5980069],[85.132949,25.5973616],[85.132866,25.5970985],[85.1328168,25.5969263],[85.1327142,25.5965667],[85.13267,25.596412],[85.1326136,25.5962145],[85.1325673,25.5960523],[85.1325186,25.5958817],[85.1325166,25.5958746],[85.1324573,25.5956671],[85.1324237,25.5956714],[85.1322263,25.5956969]]]}},{"type":"Feature","properties":{"ward":"21","ward_title":"Ward 21","area":"A.N College / Boring Road / Adalat Ganj","short_area":"A.N. College","ac_no":"182","ac_name":"Bankipur","ac_booths":15,"ac_booth_range":"37-52","ac_voters":13035,"total_ward_booths":"37","total_ward_voters":"17,278","center_lat":25.609969749999998,"center_lon":85.12847364144363,"label_lat":25.60994221140691,"label_lon":85.12847364144363,"has_leader":false,"leader_line":null,"color":"#3b82f6","color_dark":"#1d4ed8"},"geometry":{"type":"Polygon","coordinates":[[[85.1128025,25.6172925],[85.112932,25.6171936],[85.1133507,25.6168735],[85.1135007,25.6167571],[85.1135705,25.616703],[85.1139666,25.6163957],[85.1140531,25.6163286],[85.1144018,25.6160631],[85.1145931,25.6159174],[85.1145946,25.6159162],[85.1147004,25.6158355],[85.1149012,25.6156822],[85.1149556,25.6156407],[85.1149719,25.6156282],[85.1150562,25.6155639],[85.1151711,25.6154761],[85.1154569,25.615254],[85.1157652,25.6150143],[85.1159414,25.6148816],[85.1162717,25.6146328],[85.1163148,25.6145994],[85.1166469,25.6143427],[85.1167854,25.6142357],[85.1169158,25.6141354],[85.1171164,25.6139812],[85.1171212,25.6139774],[85.1173043,25.6138367],[85.1173619,25.6137924],[85.1175804,25.6136329],[85.1177495,25.6135095],[85.1181503,25.6132027],[85.1183909,25.6130186],[85.118391,25.6130186],[85.1184937,25.61294],[85.1187414,25.6127482],[85.1187675,25.612728],[85.1187753,25.612722],[85.1187785,25.6127195],[85.1188074,25.6126971],[85.1189244,25.6126066],[85.1189758,25.6125667],[85.1190702,25.6124937],[85.1194721,25.6121796],[85.119667,25.6120313],[85.1199577,25.6118103],[85.1200846,25.6117149],[85.1205061,25.6113979],[85.1205087,25.611396],[85.120711,25.6112418],[85.1208441,25.6111403],[85.121081,25.6109687],[85.1213979,25.6107391],[85.122103,25.6101958],[85.1226481,25.6097762],[85.1227056,25.6097399],[85.1227666,25.6097088],[85.1228307,25.6096832],[85.1228973,25.6096634],[85.1229466,25.6096535],[85.1230122,25.6096403],[85.1234205,25.6098067],[85.1244566,25.6102289],[85.1245536,25.610273],[85.1246169,25.6103017],[85.1247803,25.6103684],[85.1249467,25.6104289],[85.1251156,25.6104832],[85.1252869,25.6105311],[85.1254082,25.6105602],[85.1254257,25.6105643],[85.1254602,25.6105726],[85.1254962,25.6105798],[85.1256352,25.6106076],[85.1258117,25.610636],[85.1259893,25.6106578],[85.1265814,25.6107096],[85.126629,25.6107138],[85.1268898,25.6107371],[85.1272318,25.6107676],[85.1272812,25.610772],[85.1274546,25.6107874],[85.1275561,25.6107968],[85.127883,25.6108268],[85.1288508,25.6109226],[85.1290377,25.6109411],[85.1297501,25.6109886],[85.1297815,25.610991],[85.1298128,25.6109951],[85.1298437,25.6110008],[85.1298743,25.6110081],[85.1299043,25.611017],[85.1299337,25.6110274],[85.1299624,25.6110393],[85.1299795,25.6110475],[85.1299904,25.6110527],[85.1300174,25.6110676],[85.1300434,25.6110838],[85.1300684,25.6111013],[85.1300922,25.6111201],[85.1301337,25.611158],[85.1301617,25.6111823],[85.1301931,25.6112026],[85.1302214,25.6112116],[85.1302236,25.6112121],[85.1302472,25.6112174],[85.1302888,25.6112195],[85.1303267,25.6112124],[85.1303805,25.6111852],[85.1304569,25.6111373],[85.130483,25.6111188],[85.131193,25.6110268],[85.1311945,25.6110266],[85.1313526,25.6110128],[85.1313661,25.6110104],[85.1318023,25.6109359],[85.1321608,25.6108674],[85.1327144,25.6107615],[85.1328804,25.6107297],[85.1328806,25.6107296],[85.1328809,25.6107296],[85.1328812,25.6107295],[85.1328815,25.6107295],[85.1328818,25.6107294],[85.132882,25.6107294],[85.1328823,25.6107293],[85.1328826,25.6107292],[85.1328829,25.6107292],[85.1328831,25.6107291],[85.1328834,25.610729],[85.1328837,25.610729],[85.1331674,25.6106604],[85.1332019,25.610654],[85.1332701,25.6106414],[85.1332546,25.6105911],[85.1332431,25.6105542],[85.1331849,25.6104679],[85.1331692,25.6104378],[85.1331682,25.6104307],[85.1331629,25.6103945],[85.1331604,25.6103779],[85.133143,25.6102458],[85.1331319,25.6101239],[85.133125,25.6100048],[85.1331283,25.6099347],[85.1331379,25.6098824],[85.1331623,25.609797],[85.1332242,25.6096734],[85.1333228,25.6095472],[85.1335076,25.6093653],[85.1335504,25.6093064],[85.1335604,25.6092926],[85.1336212,25.6091986],[85.1336461,25.6091407],[85.1336829,25.6090552],[85.1337003,25.6089946],[85.133714,25.6089284],[85.1337176,25.608911],[85.1337268,25.6088663],[85.1337694,25.6085239],[85.1338229,25.6081803],[85.1338444,25.6079438],[85.1338444,25.6078586],[85.1338445,25.6078024],[85.1338445,25.6077642],[85.1338096,25.607468],[85.1337306,25.6068369],[85.133666,25.6065354],[85.133653,25.6064744],[85.1336021,25.6062367],[85.1335738,25.6061045],[85.1335453,25.6059758],[85.1334774,25.6058227],[85.133454,25.6057675],[85.1333233,25.6054584],[85.1332076,25.6052084],[85.1330372,25.6048402],[85.1329296,25.6046104],[85.1328191,25.6043449],[85.1328085,25.6043181],[85.132799,25.6042909],[85.1327904,25.6042635],[85.132783,25.6042359],[85.1327765,25.604208],[85.1327712,25.60418],[85.1327669,25.6041518],[85.1327637,25.6041234],[85.1327615,25.604095],[85.1327604,25.6040666],[85.1327604,25.6040381],[85.1327615,25.6040096],[85.1327637,25.6039812],[85.1327669,25.6039529],[85.1327712,25.6039247],[85.1327766,25.6038967],[85.132783,25.6038688],[85.1327905,25.6038412],[85.132799,25.6038138],[85.1328086,25.6037866],[85.1328192,25.6037598],[85.1328308,25.6037334],[85.1330221,25.6033465],[85.1332341,25.6029178],[85.1332614,25.6027748],[85.1332928,25.602611],[85.1334256,25.6023156],[85.1334445,25.6022737],[85.1335813,25.6019695],[85.1335508,25.601963],[85.1335056,25.6019534],[85.1332624,25.6018367],[85.1329213,25.6016732],[85.132401,25.6014237],[85.1318051,25.6012115],[85.1310952,25.6009555],[85.1302106,25.6006365],[85.1298742,25.6005153],[85.1277364,25.5997454],[85.1270226,25.5994883],[85.1260065,25.5991254],[85.1260036,25.5991244],[85.126002,25.5991364],[85.1259413,25.599521],[85.1256493,25.5995715],[85.1255221,25.5995899],[85.125522,25.5995899],[85.1255205,25.599594],[85.1255183,25.599597],[85.1255132,25.599604],[85.1255124,25.5996051],[85.1255014,25.599614],[85.1254883,25.5996201],[85.1254739,25.5996229],[85.1254737,25.5996229],[85.1254592,25.5996224],[85.1254471,25.599619],[85.125447,25.599619],[85.1250584,25.5996804],[85.124639,25.5997528],[85.1244182,25.599797],[85.1244107,25.5997985],[85.1241663,25.5998475],[85.1238505,25.5999314],[85.1235391,25.6000316],[85.12279,25.6003172],[85.1226843,25.6003649],[85.1225795,25.6004141],[85.1224756,25.6004648],[85.1223726,25.6005171],[85.1222705,25.6005709],[85.1221695,25.6006262],[85.1220694,25.600683],[85.1219704,25.6007413],[85.1218545,25.6008028],[85.1217406,25.6008673],[85.1216289,25.6009348],[85.1215194,25.6010053],[85.1214122,25.6010786],[85.1213075,25.6011547],[85.1212052,25.6012336],[85.1211055,25.6013151],[85.1210084,25.6013993],[85.1209142,25.6014859],[85.1208227,25.6015751],[85.1207342,25.6016666],[85.1207234,25.6016761],[85.1206714,25.6017197],[85.1206203,25.6017643],[85.1205777,25.6018029],[85.1205703,25.6018097],[85.1205212,25.6018561],[85.1204731,25.6019033],[85.1204261,25.6019513],[85.1203802,25.6020002],[85.1203483,25.6020355],[85.1203353,25.6020499],[85.1202915,25.6021004],[85.1202488,25.6021517],[85.1199232,25.6025772],[85.1197447,25.6028104],[85.1194967,25.6031825],[85.1193808,25.6033564],[85.1189292,25.6039886],[85.1185258,25.6045685],[85.1183735,25.6047842],[85.1183659,25.6047949],[85.1181583,25.6050891],[85.118152,25.605098],[85.1180133,25.6052875],[85.1176599,25.6057704],[85.1168989,25.6068941],[85.1167759,25.6069437],[85.116775,25.606945],[85.1166622,25.6071095],[85.1163815,25.6075193],[85.1162406,25.6077286],[85.1162166,25.6077641],[85.1161523,25.6078596],[85.11605,25.6080115],[85.1160404,25.6080258],[85.1159212,25.6081879],[85.1157367,25.6084387],[85.115654,25.6085512],[85.1155177,25.6087365],[85.1154587,25.6088144],[85.1153644,25.608939],[85.1152153,25.6091359],[85.1151406,25.6092373],[85.1150252,25.6093938],[85.114914,25.6095449],[85.114842,25.6096426],[85.1146683,25.6098766],[85.1144672,25.6101477],[85.1143637,25.6102846],[85.114295,25.6103756],[85.1140716,25.6106669],[85.1140333,25.6107169],[85.1139024,25.610894],[85.1136377,25.6112521],[85.1135725,25.6113481],[85.1135336,25.6114054],[85.1134153,25.6115794],[85.113387,25.6116169],[85.1133538,25.6116242],[85.1133264,25.6116231],[85.113299,25.6116219],[85.1132426,25.6116096],[85.1132338,25.6117044],[85.1132216,25.6117865],[85.1132178,25.6118442],[85.1132011,25.611874],[85.1131692,25.6119311],[85.1130383,25.612165],[85.1128483,25.6125042],[85.1128323,25.6125338],[85.1128232,25.6125392],[85.1128137,25.6125411],[85.1127755,25.61254],[85.1127393,25.6125391],[85.1125915,25.6127222],[85.1124528,25.61287],[85.1124516,25.6128717],[85.1123577,25.6130038],[85.1122423,25.6131726],[85.1120937,25.6134005],[85.1120908,25.6134045],[85.1120473,25.6134661],[85.1119264,25.613637],[85.1118019,25.6138235],[85.111706,25.6139672],[85.111587,25.6141313],[85.111548,25.6141852],[85.1114385,25.61436],[85.1112761,25.614592],[85.1110309,25.6149724],[85.1109096,25.6151408],[85.110871,25.6151942],[85.1107839,25.615314],[85.1107604,25.6153493],[85.1105952,25.6155976],[85.1105278,25.6156787],[85.1104451,25.6157781],[85.1104142,25.6158231],[85.1103863,25.6158638],[85.1103175,25.6159853],[85.1100798,25.6163369],[85.1099493,25.6165296],[85.1099101,25.6165821],[85.1098577,25.6166522],[85.1098542,25.6166569],[85.1097798,25.6167565],[85.1096814,25.6169056],[85.1096117,25.6170174],[85.1096055,25.6170268],[85.1095927,25.6170465],[85.1095378,25.6171304],[85.1093655,25.6173785],[85.1093023,25.6174696],[85.1092684,25.6175218],[85.1091281,25.6177379],[85.1090458,25.6178547],[85.1090293,25.6178781],[85.1089434,25.618],[85.108887,25.6180801],[85.1086787,25.6183616],[85.1085527,25.618533],[85.1085493,25.6185376],[85.1084026,25.6187373],[85.1083934,25.6187504],[85.1083436,25.6188211],[85.1081815,25.6190513],[85.1081643,25.6190753],[85.1080686,25.6192089],[85.1080643,25.6192149],[85.1080622,25.6192179],[85.1080287,25.6192647],[85.10796,25.6193679],[85.1078458,25.6195396],[85.1077997,25.6195919],[85.1077468,25.6196521],[85.1077385,25.6196615],[85.1076123,25.6197451],[85.107651,25.6198179],[85.1076761,25.6198651],[85.1076862,25.6198841],[85.1076934,25.6198977],[85.1076937,25.6198981],[85.1076939,25.6198985],[85.107694,25.619899],[85.1076942,25.6198994],[85.1076944,25.6198999],[85.1076945,25.6199003],[85.1076946,25.6199008],[85.1076947,25.6199013],[85.1076948,25.6199017],[85.1076948,25.6199022],[85.1076949,25.6199027],[85.1076949,25.6199032],[85.1076949,25.6199036],[85.1076949,25.6199041],[85.1076949,25.6199046],[85.1076948,25.619905],[85.1076948,25.6199055],[85.1076947,25.619906],[85.1076946,25.6199064],[85.1076945,25.6199069],[85.1076943,25.6199074],[85.1076942,25.6199078],[85.107694,25.6199083],[85.1076938,25.6199087],[85.1076936,25.6199091],[85.1076934,25.6199096],[85.1076931,25.61991],[85.1076929,25.6199104],[85.1076926,25.6199108],[85.1076923,25.6199112],[85.1074822,25.6201906],[85.1074737,25.6202018],[85.1074723,25.6202038],[85.1074594,25.6202209],[85.1074831,25.6202369],[85.1075134,25.6202574],[85.1075302,25.6202688],[85.1075385,25.6202744],[85.1075588,25.6202532],[85.1076066,25.6202864],[85.1077606,25.6203936],[85.1078741,25.6205705],[85.1079385,25.6206915],[85.1079923,25.6207773],[85.1080526,25.6208081],[85.1080968,25.6208087],[85.1080971,25.6208086],[85.1081993,25.620783],[85.1082159,25.6207699],[85.108309,25.6206971],[85.1084097,25.6206183],[85.1084137,25.6206181],[85.1084178,25.6206179],[85.1084218,25.6206175],[85.1084258,25.620617],[85.1084298,25.6206164],[85.1084337,25.6206157],[85.1084377,25.6206148],[85.1084416,25.6206138],[85.1084454,25.6206127],[85.1084492,25.6206115],[85.108453,25.6206102],[85.1084567,25.6206087],[85.1084604,25.6206072],[85.108464,25.6206055],[85.1084675,25.6206037],[85.1084709,25.6206018],[85.1084743,25.6205998],[85.1084776,25.6205977],[85.1084809,25.6205955],[85.108484,25.6205932],[85.108487,25.6205908],[85.10849,25.6205883],[85.1084929,25.6205857],[85.1084956,25.620583],[85.1084983,25.6205802],[85.1085009,25.6205774],[85.1086994,25.6204247],[85.1088465,25.6203116],[85.108958,25.6202265],[85.1092138,25.6200312],[85.1092512,25.6200024],[85.1095902,25.6197411],[85.1097354,25.6196292],[85.109773,25.6196002],[85.1099,25.6195028],[85.1099073,25.6194971],[85.1101193,25.6193346],[85.1102062,25.6192678],[85.1106779,25.6189109],[85.1109491,25.6187097],[85.1111351,25.6185717],[85.1113189,25.6184354],[85.1115197,25.6182864],[85.1115646,25.6182512],[85.1116353,25.6181957],[85.1120929,25.6178369],[85.112144,25.6177976],[85.1124328,25.6175759],[85.1124431,25.6175679],[85.1125512,25.6174849],[85.1126107,25.6174392],[85.1126379,25.6174183],[85.1128025,25.6172925]]]}},{"type":"Feature","properties":{"ward":"22","ward_title":"Ward 22","area":"Naya Tola / Machhua Toli / Bari Path / Bakarganj","short_area":"Naya Tola","ac_no":"182","ac_name":"Bankipur","ac_booths":19,"ac_booth_range":"1-48","ac_voters":16107,"total_ward_booths":"41","total_ward_voters":"23,497","center_lat":25.6231832,"center_lon":85.11645963552562,"label_lat":25.6231832,"label_lon":85.11645963552562,"has_leader":false,"leader_line":null,"color":"#3b82f6","color_dark":"#1d4ed8"},"geometry":{"type":"Polygon","coordinates":[[[85.1260309,25.6260788],[85.1260146,25.626048],[85.1260026,25.6260216],[85.1260025,25.625992],[85.1260004,25.6259643],[85.1259872,25.6259349],[85.1259518,25.6258762],[85.1259078,25.6258007],[85.1258948,25.6257873],[85.125874,25.6257722],[85.1258552,25.6257488],[85.1258387,25.6257205],[85.1257972,25.62565],[85.1257729,25.6256184],[85.1257526,25.6255901],[85.1256956,25.6254674],[85.1256507,25.6253548],[85.1256366,25.6253167],[85.1256258,25.6252341],[85.1256265,25.6251893],[85.125617,25.6251363],[85.1256129,25.6250546],[85.1256129,25.6250173],[85.1256066,25.6249921],[85.1255966,25.624975],[85.1255716,25.6249376],[85.1255518,25.6249099],[85.1255221,25.6249009],[85.1254952,25.6248875],[85.1254784,25.6248734],[85.1254222,25.6247987],[85.125395,25.6247755],[85.1253672,25.6247574],[85.1253541,25.6247482],[85.1253114,25.6247421],[85.1252777,25.6247361],[85.1251469,25.6247366],[85.1250801,25.6247425],[85.1250267,25.6247478],[85.1249941,25.6247474],[85.1249077,25.624745],[85.1248402,25.624733],[85.1247324,25.6247003],[85.1246855,25.6246787],[85.1246337,25.6246472],[85.1245847,25.62459],[85.1245598,25.6245458],[85.1245466,25.6244803],[85.1245408,25.6244431],[85.1245291,25.6243681],[85.1245299,25.6242664],[85.1245305,25.6242266],[85.1245315,25.6242052],[85.124533,25.6241474],[85.1245288,25.6241356],[85.124492,25.6240824],[85.1244679,25.6240342],[85.1244535,25.6240051],[85.1244287,25.6239706],[85.124314,25.6239709],[85.1243136,25.6239663],[85.1243033,25.6238222],[85.1242651,25.6237386],[85.1242643,25.6236863],[85.1242658,25.6235864],[85.1242248,25.6233467],[85.1241678,25.6231699],[85.1241235,25.6230888],[85.124071,25.6229926],[85.1239905,25.6228024],[85.1239833,25.6227854],[85.1239269,25.6226523],[85.1237922,25.6223526],[85.1236931,25.6221879],[85.1236903,25.6221832],[85.1236854,25.6221752],[85.1235862,25.6219951],[85.1235436,25.6219177],[85.1234676,25.6217797],[85.1234325,25.6217125],[85.1234035,25.621657],[85.1233981,25.6216467],[85.1233563,25.6215666],[85.1233371,25.6215298],[85.1231951,25.621263],[85.1231422,25.6211635],[85.1231401,25.6211596],[85.1231379,25.6211554],[85.1231339,25.6211481],[85.1229894,25.6208393],[85.1229732,25.6208094],[85.1228636,25.6206075],[85.1227762,25.6204365],[85.1227428,25.6203712],[85.1226708,25.6202358],[85.1225542,25.6200167],[85.122464,25.6198472],[85.1224575,25.6198349],[85.122377,25.6196813],[85.1223747,25.6196768],[85.1223401,25.6196107],[85.1223138,25.6195587],[85.1223134,25.6195579],[85.1223101,25.6195514],[85.1222751,25.619482],[85.1222119,25.6193568],[85.1221951,25.6193286],[85.1221268,25.6192136],[85.1220636,25.6191071],[85.1220607,25.6191021],[85.1220549,25.6190897],[85.1219566,25.6188793],[85.1219423,25.6188527],[85.1218839,25.6187434],[85.1218355,25.6186529],[85.1217826,25.6185693],[85.1217453,25.6185103],[85.1216801,25.6183718],[85.1216581,25.6183309],[85.1216499,25.6183157],[85.1216161,25.6182529],[85.1216146,25.61825],[85.121587,25.6181987],[85.1215822,25.6181897],[85.1215749,25.6181744],[85.1215596,25.618142],[85.121527,25.6181532],[85.1214965,25.6181637],[85.1214964,25.6181637],[85.1214554,25.6181778],[85.1213343,25.6182196],[85.121255,25.6182469],[85.1212217,25.6182576],[85.121213,25.6182604],[85.1210777,25.618304],[85.1210352,25.6183176],[85.1208485,25.6184012],[85.1207888,25.618428],[85.1207499,25.6184441],[85.120585,25.6185128],[85.1205826,25.6185138],[85.1205804,25.6185147],[85.1205402,25.6185314],[85.1205399,25.6185315],[85.1203734,25.6186008],[85.1202009,25.6186925],[85.1201381,25.6187258],[85.120114,25.6187386],[85.1201606,25.6187679],[85.1202779,25.6188315],[85.1202507,25.6188462],[85.1202473,25.618848],[85.1201951,25.6188762],[85.1201318,25.6189104],[85.1200985,25.6189247],[85.1200985,25.6189248],[85.1200096,25.618963],[85.1198564,25.6190291],[85.119696,25.6190993],[85.1196225,25.6191367],[85.1195743,25.6191613],[85.1194737,25.6192194],[85.1194469,25.6192372],[85.1194345,25.6192619],[85.1194315,25.6192921],[85.1195243,25.6194592],[85.1195348,25.6194756],[85.1195146,25.6194838],[85.1194233,25.619521],[85.1193469,25.619552],[85.1192751,25.6195812],[85.1192633,25.6195852],[85.1192632,25.6195853],[85.1192046,25.6196053],[85.1192021,25.6196061],[85.1191851,25.6196119],[85.1191622,25.6196197],[85.1191102,25.6196355],[85.118904,25.6196982],[85.1188764,25.6197064],[85.118824,25.6197221],[85.1188229,25.6197224],[85.1187501,25.6197442],[85.1187011,25.6197577],[85.118689,25.619761],[85.1186359,25.6197756],[85.1186306,25.6197771],[85.118599,25.6197857],[85.1184996,25.6198282],[85.1184876,25.619833],[85.1184657,25.6198417],[85.1184641,25.6198424],[85.118445,25.61985],[85.1183995,25.6198605],[85.1183987,25.6198607],[85.1183977,25.619861],[85.1183975,25.619861],[85.1183844,25.619864],[85.118349,25.6198703],[85.1183488,25.6198704],[85.1183482,25.6198705],[85.1183059,25.619878],[85.1182881,25.6198812],[85.1182721,25.619884],[85.1182425,25.6198893],[85.1181116,25.6199163],[85.1180303,25.619933],[85.1178301,25.6199839],[85.1176951,25.6200207],[85.1176609,25.6200295],[85.1176553,25.6200072],[85.1176313,25.6199123],[85.1175957,25.6197728],[85.1175654,25.6195942],[85.1175129,25.6194154],[85.1174918,25.6193032],[85.1174858,25.6192886],[85.1178093,25.6191599],[85.1178008,25.6191484],[85.1177793,25.6191338],[85.1177212,25.6190943],[85.1175989,25.619023],[85.1174493,25.6189437],[85.1173351,25.6189249],[85.117188,25.6189185],[85.1169746,25.6189263],[85.1169577,25.6189269],[85.116776,25.6189442],[85.1167339,25.6189511],[85.1166117,25.6189709],[85.1164389,25.6190073],[85.1162138,25.6190548],[85.1162046,25.6190221],[85.116202,25.6190168],[85.1161988,25.6190118],[85.1161961,25.6190083],[85.1161951,25.6190071],[85.1161909,25.6190026],[85.1161863,25.6189986],[85.1161813,25.618995],[85.116176,25.6189918],[85.1161703,25.618989],[85.1161644,25.6189868],[85.1161583,25.6189851],[85.116152,25.6189839],[85.1161419,25.6189891],[85.1161314,25.6189937],[85.1161205,25.6189977],[85.1161094,25.619001],[85.1160769,25.6190063],[85.1157725,25.6190558],[85.1157651,25.6190565],[85.1156662,25.6190652],[85.1155791,25.619073],[85.1155298,25.6190773],[85.1154516,25.6190843],[85.1153487,25.619099],[85.115335,25.619101],[85.1151947,25.6191415],[85.1151675,25.6191493],[85.1150587,25.6191807],[85.1149405,25.6192082],[85.1148284,25.6192343],[85.1148049,25.6192397],[85.1146797,25.619253],[85.1146378,25.6192574],[85.1146046,25.6192542],[85.1144118,25.6192352],[85.1143608,25.6192302],[85.1141664,25.6192086],[85.1140057,25.6191908],[85.1137776,25.6191655],[85.1135005,25.6191295],[85.1134328,25.6191205],[85.1132689,25.6190987],[85.113262,25.6190978],[85.1132401,25.6190961],[85.1130419,25.6190812],[85.1130158,25.6190809],[85.1130095,25.6190538],[85.1129601,25.618842],[85.1129268,25.6186883],[85.1128905,25.6185207],[85.1128576,25.6183896],[85.112831,25.6182834],[85.1128193,25.6182347],[85.1127658,25.6180123],[85.1127324,25.6178132],[85.112665,25.6176061],[85.1126568,25.6175809],[85.1126244,25.6174813],[85.1126151,25.6174528],[85.1126107,25.6174392],[85.1125512,25.6174849],[85.1124431,25.6175679],[85.1124328,25.6175759],[85.112144,25.6177976],[85.1120929,25.6178369],[85.1116353,25.6181957],[85.1115646,25.6182512],[85.1115197,25.6182864],[85.1113189,25.6184354],[85.1111351,25.6185717],[85.1109491,25.6187097],[85.1106779,25.6189109],[85.1102062,25.6192678],[85.1101193,25.6193346],[85.1099073,25.6194971],[85.1099,25.6195028],[85.109773,25.6196002],[85.1097354,25.6196292],[85.1095902,25.6197411],[85.1092512,25.6200024],[85.1092138,25.6200312],[85.108958,25.6202265],[85.1088465,25.6203116],[85.1086994,25.6204247],[85.1085009,25.6205774],[85.1084983,25.6205802],[85.1084956,25.620583],[85.1084929,25.6205857],[85.10849,25.6205883],[85.108487,25.6205908],[85.108484,25.6205932],[85.1084809,25.6205955],[85.1084776,25.6205977],[85.1084743,25.6205998],[85.1084709,25.6206018],[85.1084675,25.6206037],[85.108464,25.6206055],[85.1084604,25.6206072],[85.1084567,25.6206087],[85.108453,25.6206102],[85.1084492,25.6206115],[85.1084454,25.6206127],[85.1084416,25.6206138],[85.1084377,25.6206148],[85.1084337,25.6206157],[85.1084298,25.6206164],[85.1084258,25.620617],[85.1084218,25.6206175],[85.1084178,25.6206179],[85.1084137,25.6206181],[85.1084097,25.6206183],[85.108309,25.6206971],[85.1082159,25.6207699],[85.1081993,25.620783],[85.1081258,25.6208408],[85.1081196,25.6208457],[85.108052,25.620899],[85.1079822,25.6209434],[85.1079821,25.6209434],[85.1079299,25.6209766],[85.1079104,25.6209891],[85.107824,25.621063],[85.1077998,25.6210931],[85.1077213,25.6211909],[85.107675,25.6212674],[85.1076251,25.6213705],[85.1075367,25.6215065],[85.1073945,25.6216598],[85.1072874,25.6217709],[85.1072463,25.62183],[85.1072443,25.621833],[85.1072424,25.6218361],[85.1072406,25.6218392],[85.1072389,25.6218424],[85.1072374,25.6218456],[85.1072359,25.6218489],[85.1072346,25.6218522],[85.1072334,25.6218556],[85.1072324,25.621859],[85.1072314,25.6218624],[85.1072306,25.6218659],[85.10723,25.6218694],[85.1072294,25.6218729],[85.107229,25.6218764],[85.1072287,25.6218799],[85.1072286,25.6218834],[85.1072328,25.6220178],[85.1072545,25.6221681],[85.1072849,25.6223104],[85.1073018,25.6223894],[85.1073161,25.6224568],[85.1073949,25.6227655],[85.1074539,25.6229968],[85.1075319,25.6233025],[85.107532,25.623303],[85.1075322,25.6233034],[85.1075323,25.6233039],[85.1075325,25.6233043],[85.1075327,25.6233048],[85.1075329,25.6233052],[85.1075331,25.6233056],[85.1075334,25.623306],[85.1075336,25.6233065],[85.1075339,25.6233069],[85.1075342,25.6233073],[85.1075345,25.6233076],[85.1075348,25.623308],[85.1075352,25.6233084],[85.1075355,25.6233087],[85.1075359,25.6233091],[85.1075363,25.6233094],[85.1075367,25.6233097],[85.1075371,25.62331],[85.1075375,25.6233103],[85.1075379,25.6233106],[85.1075383,25.6233108],[85.1075388,25.6233111],[85.1075392,25.6233113],[85.1075397,25.6233116],[85.1075401,25.6233118],[85.1075406,25.6233119],[85.1075427,25.6233127],[85.1075533,25.6233168],[85.1075538,25.623317],[85.1075542,25.6233171],[85.1075547,25.6233173],[85.1075557,25.6233175],[85.1075562,25.6233176],[85.1075567,25.6233177],[85.1075572,25.6233177],[85.1075577,25.6233178],[85.1075582,25.6233178],[85.1075587,25.6233179],[85.1075592,25.6233179],[85.1075597,25.6233178],[85.1075602,25.6233178],[85.1075607,25.6233178],[85.1075612,25.6233177],[85.1075617,25.6233176],[85.1075622,25.6233176],[85.1075627,25.6233174],[85.1075832,25.6233128],[85.1077877,25.6232661],[85.1078219,25.6232584],[85.1080398,25.6232087],[85.1080933,25.6231965],[85.108232,25.6231648],[85.1085632,25.6230893],[85.1085777,25.623086],[85.1086713,25.6230647],[85.1086966,25.6230589],[85.1087018,25.6230683],[85.108721,25.6231079],[85.1087305,25.6231338],[85.1088127,25.6233772],[85.1088155,25.6233809],[85.108956,25.6235681],[85.1090333,25.6236328],[85.1091546,25.6236881],[85.1091714,25.6236958],[85.1092877,25.6237118],[85.1095323,25.6236873],[85.1097014,25.6236703],[85.1098357,25.623672],[85.1099576,25.6236865],[85.1099665,25.6237384],[85.1099793,25.623814],[85.1099832,25.6238226],[85.1099918,25.6238644],[85.1100353,25.6240751],[85.1100858,25.624333],[85.1101234,25.6245245],[85.1101559,25.6246903],[85.1102067,25.6249708],[85.1102378,25.6251428],[85.1102472,25.6251537],[85.1102518,25.6251589],[85.1102694,25.6251648],[85.1103049,25.6251658],[85.1107187,25.6250812],[85.1108872,25.6250467],[85.1109121,25.6250416],[85.11135,25.6249521],[85.1119381,25.6248319],[85.1120444,25.624812],[85.1122214,25.6247788],[85.1124971,25.6247272],[85.1126713,25.6246946],[85.1127945,25.6246715],[85.112799,25.6246718],[85.1127999,25.6246735],[85.1128059,25.6246843],[85.1129541,25.6251933],[85.1130294,25.625452],[85.1131489,25.6258627],[85.1131932,25.6260149],[85.113217,25.6260964],[85.113245,25.6261872],[85.113326,25.626449],[85.1134396,25.6268166],[85.1135524,25.6271812],[85.1136255,25.6274179],[85.1136353,25.6274292],[85.1136432,25.6274332],[85.1136487,25.6274359],[85.1136722,25.6274347],[85.1136987,25.6274229],[85.1140312,25.6272922],[85.1144679,25.6271206],[85.1145154,25.6271019],[85.1148647,25.6269646],[85.1150446,25.6268939],[85.1152154,25.6268268],[85.1152182,25.6268259],[85.1154503,25.6267541],[85.1156739,25.6266849],[85.1157261,25.6266687],[85.1159348,25.6266041],[85.1161288,25.626544],[85.1163401,25.6264787],[85.1164709,25.6264382],[85.1165616,25.6264101],[85.116793,25.6263385],[85.1168045,25.6263349],[85.1169417,25.6262836],[85.1173017,25.6261491],[85.1173321,25.6261377],[85.1174821,25.6260817],[85.1176457,25.6260289],[85.1177562,25.6259989],[85.1179157,25.6259556],[85.1180426,25.6259161],[85.1181296,25.6258891],[85.1182359,25.625856],[85.118352,25.6258235],[85.1184059,25.6258085],[85.118539,25.6257676],[85.1185486,25.6257935],[85.1185977,25.6259258],[85.1186509,25.6260867],[85.118654,25.6261337],[85.1186433,25.6262045],[85.1186409,25.6262175],[85.118637,25.6262393],[85.1186367,25.6262402],[85.1186319,25.6262575],[85.1186335,25.6262775],[85.1186424,25.6263212],[85.1186484,25.6263351],[85.118686,25.6264227],[85.1187225,25.6265481],[85.1187653,25.6266401],[85.1187737,25.6266514],[85.1188095,25.6266998],[85.118841,25.6267329],[85.1188769,25.6267674],[85.1188887,25.6267737],[85.1189103,25.6267852],[85.1189436,25.626803],[85.118975,25.6268174],[85.1189828,25.6268209],[85.1190419,25.626847],[85.1190647,25.6268566],[85.1190796,25.6268693],[85.119095,25.6268871],[85.1191106,25.6269151],[85.1191529,25.6269909],[85.1192,25.6270773],[85.1192165,25.6271074],[85.1192797,25.6272227],[85.1193165,25.6272926],[85.1193369,25.6273515],[85.1193423,25.6273667],[85.1193439,25.6273712],[85.1193677,25.6274385],[85.1193874,25.6274855],[85.1194065,25.6275313],[85.119446,25.6276258],[85.11945,25.6276354],[85.119501,25.6277574],[85.1195028,25.6277616],[85.1195119,25.6277833],[85.1195461,25.6278684],[85.1195898,25.6279773],[85.1196635,25.6281151],[85.1196767,25.6281087],[85.1197713,25.6280625],[85.1198225,25.6280375],[85.1198674,25.6280233],[85.1198823,25.6280166],[85.1198982,25.6280094],[85.1199413,25.6279901],[85.1199822,25.6279662],[85.1200071,25.6279553],[85.120045,25.6279391],[85.1200836,25.6279247],[85.1200847,25.6279244],[85.1201025,25.6279185],[85.1202286,25.6278748],[85.1203152,25.6278437],[85.1203453,25.6278329],[85.1204049,25.6278115],[85.1204875,25.6277716],[85.1205171,25.6277535],[85.1205194,25.6277521],[85.1205829,25.6277134],[85.1206743,25.6276521],[85.1207112,25.6276293],[85.1207247,25.6276222],[85.1207471,25.6276106],[85.1207885,25.6275934],[85.1207963,25.6275917],[85.1208178,25.6275872],[85.1208686,25.6275738],[85.1209198,25.6275604],[85.1209998,25.6275331],[85.1210048,25.6275309],[85.1211238,25.6274775],[85.1211908,25.6274539],[85.12126,25.6274295],[85.1213074,25.6274189],[85.121315,25.6274171],[85.1213428,25.6274175],[85.121364,25.6274178],[85.1213824,25.627427],[85.121404,25.6274447],[85.1214379,25.6274769],[85.1214911,25.6275478],[85.1215628,25.6276433],[85.1215871,25.6276899],[85.1216172,25.6277476],[85.1216198,25.6277525],[85.1216739,25.6278564],[85.1217099,25.6279255],[85.1217539,25.6280099],[85.1217721,25.6280448],[85.1217815,25.6280365],[85.121805,25.6280087],[85.1218832,25.6281438],[85.1218834,25.6281442],[85.1218836,25.6281446],[85.1218839,25.628145],[85.1218842,25.6281453],[85.1218844,25.6281457],[85.1218847,25.628146],[85.121885,25.6281464],[85.1218854,25.6281467],[85.1218857,25.628147],[85.1219536,25.6282103],[85.1219759,25.6282439],[85.1219774,25.6282462],[85.1219777,25.6282466],[85.1219779,25.628247],[85.1219781,25.6282474],[85.1219784,25.6282478],[85.1219785,25.6282483],[85.1219787,25.6282487],[85.1219789,25.6282492],[85.121979,25.6282496],[85.1219792,25.6282501],[85.1219793,25.6282505],[85.1219794,25.628251],[85.1219794,25.6282515],[85.1219795,25.6282519],[85.1219795,25.6282524],[85.1219795,25.6282529],[85.1219795,25.6282533],[85.1219795,25.6282538],[85.1219795,25.6282543],[85.1219794,25.6282548],[85.1219794,25.6282552],[85.1219793,25.6282557],[85.1219792,25.6282561],[85.121979,25.6282566],[85.1219789,25.6282571],[85.1219788,25.6282575],[85.1219786,25.6282579],[85.1219784,25.6282584],[85.1219782,25.6282588],[85.1219779,25.6282592],[85.1219777,25.6282597],[85.1219774,25.6282601],[85.1219772,25.6282605],[85.1219769,25.6282609],[85.1219658,25.6282754],[85.1219655,25.6282758],[85.1219652,25.6282762],[85.121965,25.6282766],[85.1219647,25.628277],[85.1219645,25.6282774],[85.1219643,25.6282778],[85.1219641,25.6282783],[85.1219639,25.6282787],[85.1219638,25.6282791],[85.1219636,25.6282796],[85.1219635,25.62828],[85.1219634,25.6282805],[85.1219633,25.628281],[85.1219632,25.6282814],[85.1219632,25.6282819],[85.1219632,25.6282824],[85.1219631,25.6282828],[85.1219631,25.6282833],[85.1219631,25.6282838],[85.1219632,25.6282842],[85.1219632,25.6282847],[85.1219633,25.6282851],[85.1219634,25.6282856],[85.1219635,25.6282861],[85.1219636,25.6282865],[85.1219637,25.628287],[85.1219639,25.6282874],[85.1219641,25.6282879],[85.1219643,25.6282883],[85.1219645,25.6282887],[85.1219647,25.6282891],[85.1219649,25.6282895],[85.1219652,25.62829],[85.1219655,25.6282904],[85.1220224,25.6283715],[85.1220227,25.6283719],[85.1220229,25.6283723],[85.1220231,25.6283727],[85.1220234,25.6283732],[85.1220236,25.6283736],[85.1220238,25.628374],[85.1220239,25.6283744],[85.1220241,25.6283749],[85.1220242,25.6283753],[85.1220243,25.6283758],[85.1220244,25.6283762],[85.1220245,25.6283767],[85.1220246,25.6283771],[85.1220247,25.6283776],[85.1220247,25.6283781],[85.1220247,25.6283785],[85.1220247,25.628379],[85.1220247,25.6283795],[85.1220247,25.6283799],[85.1220246,25.6283804],[85.1220245,25.6283808],[85.1220245,25.6283813],[85.1220244,25.6283817],[85.1220242,25.6283822],[85.1220241,25.6283826],[85.1220239,25.6283831],[85.1220238,25.6283835],[85.1220236,25.6283839],[85.1220234,25.6283844],[85.1220232,25.6283848],[85.1220229,25.6283852],[85.1220186,25.6283926],[85.1220184,25.628393],[85.1220181,25.6283934],[85.1220179,25.6283938],[85.1220178,25.6283942],[85.1220176,25.6283947],[85.1220174,25.6283951],[85.1220173,25.6283955],[85.1220172,25.628396],[85.1220171,25.6283964],[85.122017,25.6283969],[85.1220169,25.6283973],[85.1220169,25.6283978],[85.1220168,25.6283983],[85.1220168,25.6283987],[85.1220168,25.6283992],[85.1220168,25.6283996],[85.1220169,25.6284001],[85.1220169,25.6284005],[85.122017,25.628401],[85.1220171,25.6284014],[85.1220172,25.6284019],[85.1220173,25.6284023],[85.1220174,25.6284028],[85.1220176,25.6284032],[85.1220177,25.6284037],[85.1220179,25.6284041],[85.1220181,25.6284045],[85.1221091,25.6285885],[85.1221416,25.6286313],[85.1221428,25.6286472],[85.1223161,25.628948],[85.1227637,25.6286583],[85.1231621,25.6284532],[85.1232207,25.6284259],[85.1232821,25.6284044],[85.1233458,25.628389],[85.1234109,25.62838],[85.1234569,25.6283941],[85.1235012,25.6284122],[85.1235434,25.6284339],[85.1235831,25.6284592],[85.12362,25.6284877],[85.1236419,25.6285095],[85.1236663,25.628529],[85.1236929,25.628546],[85.1237162,25.6285452],[85.1237391,25.6285409],[85.1237608,25.6285333],[85.1237809,25.6285226],[85.1237988,25.6285092],[85.1238252,25.628454],[85.1238455,25.6283967],[85.1238595,25.628338],[85.1238514,25.6283234],[85.1238407,25.6283102],[85.1238277,25.6282989],[85.1238128,25.6282896],[85.1237521,25.6282412],[85.1236948,25.6281895],[85.1236414,25.6281345],[85.1236469,25.6281134],[85.1236561,25.6280934],[85.1236688,25.628075],[85.1236847,25.6280587],[85.1237467,25.6280243],[85.1238114,25.6279945],[85.1238786,25.6279694],[85.1239478,25.6279492],[85.1240186,25.627934],[85.124031,25.6279359],[85.1240435,25.627936],[85.1240559,25.6279344],[85.1240679,25.6279309],[85.124079,25.6279258],[85.1240892,25.6279191],[85.124098,25.6279111],[85.1241751,25.627867],[85.1242548,25.6278268],[85.1243368,25.6277905],[85.1244208,25.6277582],[85.1245066,25.62773],[85.1245651,25.6277322],[85.1246231,25.6277393],[85.1246801,25.6277514],[85.1246971,25.6277415],[85.1247123,25.6277295],[85.1247253,25.6277155],[85.1247358,25.6276999],[85.1247435,25.627683],[85.1247484,25.6276653],[85.1247502,25.6276472],[85.1247724,25.6276031],[85.1248007,25.627562],[85.1248347,25.6275245],[85.1248737,25.6274913],[85.1249171,25.6274629],[85.1249643,25.6274398],[85.1250201,25.6274165],[85.1250777,25.6273972],[85.1251369,25.627382],[85.1251972,25.6273711],[85.1252333,25.6273487],[85.1252672,25.6273236],[85.1252985,25.627296],[85.1253562,25.6272645],[85.1254163,25.6272369],[85.1254785,25.6272133],[85.1255424,25.627194],[85.125601,25.6271318],[85.1256551,25.6270665],[85.1257145,25.6270482],[85.1257717,25.627025],[85.1257885,25.6270105],[85.1258075,25.6269985],[85.1258284,25.6269893],[85.1258507,25.6269831],[85.1258737,25.6269801],[85.1258969,25.6269804],[85.1259198,25.6269839],[85.1259449,25.6269916],[85.1259709,25.6269958],[85.1259973,25.6269963],[85.1260235,25.6269932],[85.1260489,25.6269864],[85.1260728,25.6269763],[85.1261146,25.6269494],[85.12616,25.6269279],[85.1262082,25.6269121],[85.1262584,25.6269022],[85.1262999,25.6268972],[85.1263406,25.6268881],[85.12638,25.6268751],[85.1263844,25.6268615],[85.1263912,25.6268488],[85.1264004,25.6268373],[85.1264115,25.6268273],[85.1264114,25.6268272],[85.1263485,25.6268129],[85.1263267,25.6268114],[85.1263148,25.6268101],[85.126299,25.6267938],[85.1262854,25.6267835],[85.1262745,25.6267709],[85.1262394,25.6267588],[85.1262112,25.6267473],[85.126199,25.6267396],[85.1261863,25.6267298],[85.1261766,25.6267136],[85.1261375,25.6266035],[85.1261304,25.6265463],[85.126109,25.6265146],[85.1260908,25.6264932],[85.1260606,25.6264294],[85.1260513,25.6264018],[85.126045,25.6263561],[85.1260408,25.6263134],[85.1260417,25.6262894],[85.1260499,25.6262597],[85.1260604,25.6262348],[85.1260629,25.6262172],[85.1260621,25.6261757],[85.1260462,25.6261044],[85.1260309,25.6260788]]]}},{"type":"Feature","properties":{"ward":"23","ward_title":"Ward 23","area":"Kankarbagh North / Doctors Colony / Ashok Nagar","short_area":"Doctors Colony","ac_no":"182","ac_name":"Bankipur","ac_booths":19,"ac_booth_range":"11-99","ac_voters":16933,"total_ward_booths":"19","total_ward_voters":"16,892","center_lat":25.61636215,"center_lon":85.11733660094734,"label_lat":25.617231905958633,"label_lon":85.11534874246911,"has_leader":true,"leader_line":[[25.61636215,85.11733660094734],[25.617231905958633,85.11534874246911]],"color":"#3b82f6","color_dark":"#1d4ed8"},"geometry":{"type":"Polygon","coordinates":[[[85.1214913,25.6179978],[85.1214502,25.6179138],[85.1213577,25.617725],[85.1213266,25.6176616],[85.1212596,25.617529],[85.1211948,25.6174007],[85.1211373,25.6172852],[85.1211024,25.6172151],[85.1210982,25.6172066],[85.1209918,25.6169978],[85.1209028,25.6168297],[85.1208199,25.6166731],[85.1207856,25.6166083],[85.1206008,25.6162362],[85.1204858,25.6160301],[85.1203892,25.6158347],[85.1203653,25.6157865],[85.1202668,25.615571],[85.1202456,25.6155245],[85.1201788,25.6153979],[85.120112,25.6152713],[85.1199303,25.6149626],[85.1199229,25.6149499],[85.1197802,25.6147031],[85.1197438,25.6146376],[85.1197206,25.6145957],[85.1196936,25.614547],[85.1196929,25.6145458],[85.1196635,25.6144927],[85.1195063,25.614184],[85.1194139,25.6140221],[85.1194,25.6139979],[85.119354,25.6139172],[85.119201,25.6136106],[85.1191971,25.613603],[85.119025,25.6132723],[85.1188503,25.6129145],[85.1188429,25.6128977],[85.1187854,25.6127683],[85.1187736,25.6127419],[85.1187675,25.612728],[85.1187414,25.6127482],[85.1184937,25.61294],[85.118391,25.6130186],[85.1183909,25.6130186],[85.1181503,25.6132027],[85.1177495,25.6135095],[85.1175804,25.6136329],[85.1173619,25.6137924],[85.1173043,25.6138367],[85.1171212,25.6139774],[85.1171164,25.6139812],[85.1169158,25.6141354],[85.1167854,25.6142357],[85.1166469,25.6143427],[85.1163148,25.6145994],[85.1162717,25.6146328],[85.1159414,25.6148816],[85.1157652,25.6150143],[85.1154569,25.615254],[85.1151711,25.6154761],[85.1150562,25.6155639],[85.1149719,25.6156282],[85.1149556,25.6156407],[85.1149012,25.6156822],[85.1147004,25.6158355],[85.1145946,25.6159162],[85.1145931,25.6159174],[85.1144018,25.6160631],[85.1140531,25.6163286],[85.1139666,25.6163957],[85.1135705,25.616703],[85.1135007,25.6167571],[85.1133507,25.6168735],[85.112932,25.6171936],[85.1128025,25.6172925],[85.1126379,25.6174183],[85.1126107,25.6174392],[85.1126151,25.6174528],[85.1126244,25.6174813],[85.1126568,25.6175809],[85.112665,25.6176061],[85.1127324,25.6178132],[85.1127658,25.6180123],[85.1128193,25.6182347],[85.112831,25.6182834],[85.1128576,25.6183896],[85.1128905,25.6185207],[85.1129268,25.6186883],[85.1129601,25.618842],[85.1130095,25.6190538],[85.1130158,25.6190809],[85.1130419,25.6190812],[85.1132401,25.6190961],[85.113262,25.6190978],[85.1132689,25.6190987],[85.1134328,25.6191205],[85.1135005,25.6191295],[85.1137776,25.6191655],[85.1140057,25.6191908],[85.1141664,25.6192086],[85.1143608,25.6192302],[85.1144118,25.6192352],[85.1146046,25.6192542],[85.1146378,25.6192574],[85.1146797,25.619253],[85.1148049,25.6192397],[85.1148284,25.6192343],[85.1149405,25.6192082],[85.1150587,25.6191807],[85.1151675,25.6191493],[85.1151947,25.6191415],[85.115335,25.619101],[85.1153487,25.619099],[85.1154516,25.6190843],[85.1155298,25.6190773],[85.1155791,25.619073],[85.1156662,25.6190652],[85.1157651,25.6190565],[85.1157725,25.6190558],[85.1160769,25.6190063],[85.1161094,25.619001],[85.1161205,25.6189977],[85.1161314,25.6189937],[85.1161419,25.6189891],[85.116152,25.6189839],[85.1161583,25.6189851],[85.1161644,25.6189868],[85.1161703,25.618989],[85.116176,25.6189918],[85.1161813,25.618995],[85.1161863,25.6189986],[85.1161909,25.6190026],[85.1161951,25.6190071],[85.1161961,25.6190083],[85.1161988,25.6190118],[85.116202,25.6190168],[85.1162046,25.6190221],[85.1162138,25.6190548],[85.1164389,25.6190073],[85.1166117,25.6189709],[85.1167339,25.6189511],[85.116776,25.6189442],[85.1169577,25.6189269],[85.1169746,25.6189263],[85.117188,25.6189185],[85.1173351,25.6189249],[85.1174493,25.6189437],[85.1175989,25.619023],[85.1177212,25.6190943],[85.1177793,25.6191338],[85.1178008,25.6191484],[85.1178093,25.6191599],[85.1174858,25.6192886],[85.1174918,25.6193032],[85.1175129,25.6194154],[85.1175654,25.6195942],[85.1175957,25.6197728],[85.1176313,25.6199123],[85.1176553,25.6200072],[85.1176609,25.6200295],[85.1176951,25.6200207],[85.1178301,25.6199839],[85.1180303,25.619933],[85.1181116,25.6199163],[85.1182425,25.6198893],[85.1182721,25.619884],[85.1182881,25.6198812],[85.1183059,25.619878],[85.1183482,25.6198705],[85.1183488,25.6198704],[85.118349,25.6198703],[85.1183844,25.619864],[85.1183975,25.619861],[85.1183977,25.619861],[85.1183987,25.6198607],[85.1183995,25.6198605],[85.118445,25.61985],[85.1184641,25.6198424],[85.1184657,25.6198417],[85.1184876,25.619833],[85.1184996,25.6198282],[85.118599,25.6197857],[85.1186306,25.6197771],[85.1186359,25.6197756],[85.118689,25.619761],[85.1187011,25.6197577],[85.1187501,25.6197442],[85.1188229,25.6197224],[85.118824,25.6197221],[85.1188764,25.6197064],[85.118904,25.6196982],[85.1191102,25.6196355],[85.1191622,25.6196197],[85.1191851,25.6196119],[85.1192021,25.6196061],[85.1192046,25.6196053],[85.1192632,25.6195853],[85.1192633,25.6195852],[85.1192751,25.6195812],[85.1193469,25.619552],[85.1194233,25.619521],[85.1195146,25.6194838],[85.1195348,25.6194756],[85.1195243,25.6194592],[85.1194315,25.6192921],[85.1194345,25.6192619],[85.1194469,25.6192372],[85.1194737,25.6192194],[85.1195743,25.6191613],[85.1196225,25.6191367],[85.119696,25.6190993],[85.1198564,25.6190291],[85.1200096,25.618963],[85.1200985,25.6189248],[85.1200985,25.6189247],[85.1201318,25.6189104],[85.1201951,25.6188762],[85.1202473,25.618848],[85.1202507,25.6188462],[85.1202779,25.6188315],[85.1201606,25.6187679],[85.120114,25.6187386],[85.1201381,25.6187258],[85.1202009,25.6186925],[85.1203734,25.6186008],[85.1205399,25.6185315],[85.1205402,25.6185314],[85.1205804,25.6185147],[85.1205826,25.6185138],[85.120585,25.6185128],[85.1207499,25.6184441],[85.1207888,25.618428],[85.1208485,25.6184012],[85.1210352,25.6183176],[85.1210777,25.618304],[85.121213,25.6182604],[85.1212217,25.6182576],[85.121255,25.6182469],[85.1213343,25.6182196],[85.1214554,25.6181778],[85.1214964,25.6181637],[85.1214965,25.6181637],[85.121527,25.6181532],[85.1215596,25.618142],[85.1215593,25.6181414],[85.1214913,25.6179978]]]}},{"type":"Feature","properties":{"ward":"24","ward_title":"Ward 24","area":"Kankarbagh Central / Lohia Nagar","short_area":"Lohia Nagar","ac_no":"182","ac_name":"Bankipur","ac_booths":17,"ac_booth_range":"9-71","ac_voters":15357,"total_ward_booths":"17","total_ward_voters":"8,317","center_lat":25.62173195,"center_lon":85.12710095672433,"label_lat":25.623460684644552,"label_lon":85.12710095672433,"has_leader":true,"leader_line":[[25.62173195,85.12710095672433],[25.623460684644552,85.12710095672433]],"color":"#3b82f6","color_dark":"#1d4ed8"},"geometry":{"type":"Polygon","coordinates":[[[85.1298929,25.6241853],[85.1298933,25.624183],[85.1298947,25.6241804],[85.1298962,25.6241782],[85.1298978,25.6241766],[85.1298996,25.6241754],[85.1298964,25.6241549],[85.1298759,25.6240703],[85.1298721,25.6240604],[85.1298656,25.6240433],[85.1298624,25.6240345],[85.1298529,25.6240137],[85.1298527,25.6240133],[85.1298525,25.6240128],[85.1298523,25.6240124],[85.1298522,25.624012],[85.1298521,25.6240115],[85.129852,25.624011],[85.1298519,25.6240106],[85.1298518,25.6240101],[85.1298518,25.6240096],[85.1298518,25.6240092],[85.1298517,25.6240087],[85.1298517,25.6240082],[85.1298518,25.6240078],[85.1298518,25.6240073],[85.1298519,25.6240069],[85.1298519,25.6240068],[85.1298519,25.6240064],[85.129852,25.6240059],[85.1298521,25.6240055],[85.1298522,25.6240052],[85.1298523,25.624005],[85.1298524,25.6240046],[85.1298526,25.6240041],[85.1298527,25.6240037],[85.1298529,25.6240032],[85.1298531,25.6240028],[85.1298532,25.6240026],[85.1298534,25.6240024],[85.1298536,25.624002],[85.1298539,25.6240016],[85.1298541,25.6240012],[85.1298544,25.6240008],[85.1298547,25.6240004],[85.129855,25.624],[85.1298553,25.6239998],[85.1298554,25.6239997],[85.1298557,25.6239993],[85.1298561,25.623999],[85.1298563,25.6239988],[85.1298564,25.6239987],[85.1298568,25.6239984],[85.1298572,25.6239981],[85.1298576,25.6239978],[85.129858,25.6239975],[85.1298583,25.6239973],[85.1298585,25.6239972],[85.1298589,25.623997],[85.1298594,25.6239967],[85.1298598,25.6239965],[85.1298603,25.6239963],[85.1298607,25.6239961],[85.1298612,25.6239959],[85.1298617,25.6239958],[85.1298622,25.6239956],[85.1298627,25.6239955],[85.1298632,25.6239954],[85.1298637,25.6239953],[85.1298642,25.6239952],[85.1298754,25.6239935],[85.1299302,25.6239852],[85.130082,25.6239622],[85.1300826,25.6239621],[85.1300831,25.623962],[85.1300836,25.6239619],[85.1300841,25.6239618],[85.1300845,25.6239616],[85.130085,25.6239615],[85.1300855,25.6239613],[85.1300859,25.6239611],[85.130086,25.6239611],[85.1300864,25.6239609],[85.1300869,25.6239607],[85.130087,25.6239606],[85.1300873,25.6239604],[85.1300875,25.6239603],[85.1300878,25.6239602],[85.1300882,25.6239599],[85.1300886,25.6239596],[85.130089,25.6239593],[85.1300894,25.623959],[85.1300898,25.6239587],[85.1300902,25.6239584],[85.1300905,25.6239581],[85.1300909,25.6239577],[85.130091,25.6239576],[85.1300912,25.6239573],[85.1300914,25.6239572],[85.1300915,25.623957],[85.1300918,25.6239566],[85.1300921,25.6239562],[85.1300924,25.6239558],[85.1300927,25.6239554],[85.1300929,25.623955],[85.1300931,25.6239546],[85.1300933,25.6239541],[85.1300935,25.6239537],[85.1300937,25.6239533],[85.1300939,25.6239528],[85.130094,25.6239524],[85.1300941,25.6239519],[85.1300942,25.6239515],[85.1300943,25.623951],[85.1300944,25.6239506],[85.1300944,25.6239505],[85.1300945,25.6239501],[85.1300945,25.6239496],[85.1300945,25.6239491],[85.1300945,25.6239487],[85.1300945,25.6239485],[85.1300945,25.6239482],[85.1300945,25.6239477],[85.1300888,25.6238868],[85.1300803,25.6237953],[85.1300996,25.623795],[85.1301541,25.6237908],[85.1303583,25.6237751],[85.1304845,25.6237654],[85.130547,25.6237606],[85.1307325,25.6237355],[85.1307652,25.6237311],[85.1308178,25.6237224],[85.1308835,25.6237116],[85.1308896,25.6237097],[85.1311332,25.6236337],[85.1313326,25.6235714],[85.1313513,25.6235632],[85.1315421,25.6234796],[85.131468,25.6233388],[85.1314336,25.6232717],[85.1314012,25.6232084],[85.1313833,25.623163],[85.1313144,25.6229885],[85.1312383,25.6227956],[85.131128,25.6225234],[85.1310953,25.6224546],[85.1310869,25.622437],[85.1310753,25.6224128],[85.1309593,25.6221692],[85.1308785,25.6219939],[85.1308161,25.6218587],[85.1307667,25.6217514],[85.1307373,25.6216746],[85.1307059,25.6215922],[85.1306662,25.6214884],[85.1305757,25.6212802],[85.1305702,25.6212676],[85.1305557,25.6212342],[85.1304677,25.6210082],[85.1304457,25.6209519],[85.1304073,25.6208531],[85.1303899,25.6208023],[85.130384,25.6207849],[85.1303611,25.620718],[85.1303454,25.6206718],[85.130298,25.6205177],[85.1302795,25.6204711],[85.1302549,25.6204089],[85.130211,25.6203496],[85.1301721,25.6202859],[85.1301537,25.6202478],[85.1301307,25.6202],[85.1301239,25.620186],[85.1301212,25.6201777],[85.1300716,25.6200274],[85.1300382,25.6199321],[85.1299701,25.6198329],[85.1299323,25.619778],[85.1297512,25.6195551],[85.129626,25.6194053],[85.129563,25.6193299],[85.1293918,25.6190814],[85.129376,25.6190584],[85.1295913,25.6189569],[85.1297368,25.6189116],[85.1298106,25.6188902],[85.1298036,25.6188638],[85.1297507,25.6186646],[85.129659,25.6184143],[85.1296586,25.6184129],[85.1296545,25.618398],[85.129616,25.6182596],[85.1295562,25.6181035],[85.1295202,25.6179945],[85.1295073,25.6179555],[85.1295936,25.617935],[85.1297394,25.617905],[85.1297567,25.6179015],[85.129833,25.6178741],[85.1298772,25.6178556],[85.1298934,25.6178446],[85.1298963,25.6178407],[85.1298992,25.6178328],[85.1298976,25.6178234],[85.1298937,25.6177998],[85.1298661,25.6176796],[85.1298443,25.6175528],[85.1298428,25.6174808],[85.1298386,25.617283],[85.1298378,25.6172483],[85.1298266,25.6168075],[85.1298224,25.6166429],[85.1297252,25.6166449],[85.1295434,25.6166582],[85.129533,25.616659],[85.1295049,25.616661],[85.1293626,25.6166691],[85.1292086,25.6166778],[85.129159,25.6166796],[85.1289519,25.6166869],[85.1286376,25.6167004],[85.1286129,25.6167014],[85.1286003,25.6167019],[85.1283554,25.6167213],[85.1283177,25.6167239],[85.1280341,25.6167441],[85.1280043,25.6167462],[85.1280071,25.6168805],[85.128025,25.6171422],[85.128035,25.6174915],[85.1280391,25.6175457],[85.1280326,25.6175643],[85.1280257,25.6175773],[85.1280155,25.6175851],[85.1280086,25.6175902],[85.127998,25.6175954],[85.1278881,25.6176097],[85.1277213,25.6176143],[85.1275591,25.6176469],[85.1274849,25.6176683],[85.1271882,25.617754],[85.1270927,25.6177865],[85.1268533,25.6178681],[85.1266725,25.617919],[85.1266482,25.6179258],[85.1266437,25.6179272],[85.1265973,25.6178405],[85.1265136,25.6176555],[85.1265033,25.6176315],[85.1264416,25.6174873],[85.1264235,25.6174356],[85.1263951,25.6173545],[85.1263859,25.6173283],[85.1263577,25.6173371],[85.1262501,25.6173708],[85.1260508,25.6174248],[85.1259464,25.6174548],[85.1259407,25.6174328],[85.1259015,25.6172817],[85.125878,25.6172897],[85.1256822,25.6173567],[85.1256777,25.6173583],[85.125497,25.6174107],[85.1254814,25.617415],[85.1254094,25.6174351],[85.1254034,25.6174356],[85.1253255,25.6174431],[85.1252978,25.6174458],[85.1252064,25.6174543],[85.1250837,25.6174892],[85.1249825,25.6175244],[85.1247901,25.6176288],[85.1247657,25.6176421],[85.1247622,25.6176396],[85.124761,25.6176388],[85.1247124,25.6175957],[85.1247102,25.617593],[85.1245774,25.6174401],[85.1245077,25.6173541],[85.1244957,25.6173393],[85.1244944,25.6173344],[85.124123,25.6174527],[85.1239576,25.6175083],[85.1239448,25.6175126],[85.123802,25.6175606],[85.1237167,25.6175895],[85.1236223,25.6176215],[85.1235714,25.6176316],[85.1233343,25.6176788],[85.1233332,25.6176791],[85.1230395,25.6177263],[85.1229928,25.6177338],[85.1228468,25.6177744],[85.1225789,25.6178489],[85.1225426,25.6178611],[85.1224829,25.617881],[85.1224219,25.6179015],[85.1222436,25.6179611],[85.122189,25.6179794],[85.1220766,25.6180179],[85.1218554,25.6180936],[85.1218181,25.6181064],[85.121587,25.6181987],[85.1216146,25.61825],[85.1216161,25.6182529],[85.1216499,25.6183157],[85.1216581,25.6183309],[85.1216801,25.6183718],[85.1217453,25.6185103],[85.1217826,25.6185693],[85.1218355,25.6186529],[85.1218839,25.6187434],[85.1219423,25.6188527],[85.1219566,25.6188793],[85.1220549,25.6190897],[85.1220607,25.6191021],[85.1220636,25.6191071],[85.1221268,25.6192136],[85.1221951,25.6193286],[85.1222119,25.6193568],[85.1222751,25.619482],[85.1223101,25.6195514],[85.1223134,25.6195579],[85.1223138,25.6195587],[85.1223401,25.6196107],[85.1223747,25.6196768],[85.122377,25.6196813],[85.1224575,25.6198349],[85.122464,25.6198472],[85.1225542,25.6200167],[85.1226708,25.6202358],[85.1227428,25.6203712],[85.1227762,25.6204365],[85.1228636,25.6206075],[85.1229732,25.6208094],[85.1229894,25.6208393],[85.1231339,25.6211481],[85.1231379,25.6211554],[85.1231401,25.6211596],[85.1231422,25.6211635],[85.1231951,25.621263],[85.1233371,25.6215298],[85.1233563,25.6215666],[85.1233981,25.6216467],[85.1234035,25.621657],[85.1234325,25.6217125],[85.1234676,25.6217797],[85.1235436,25.6219177],[85.1235862,25.6219951],[85.1236854,25.6221752],[85.1236903,25.6221832],[85.1236931,25.6221879],[85.1237922,25.6223526],[85.1239269,25.6226523],[85.1239833,25.6227854],[85.1239905,25.6228024],[85.124071,25.6229926],[85.1241235,25.6230888],[85.1241678,25.6231699],[85.1242248,25.6233467],[85.1242658,25.6235864],[85.1242643,25.6236863],[85.1242651,25.6237386],[85.1243033,25.6238222],[85.1243136,25.6239663],[85.124314,25.6239709],[85.1244287,25.6239706],[85.1244535,25.6240051],[85.1244679,25.6240342],[85.124492,25.6240824],[85.1245288,25.6241356],[85.124533,25.6241474],[85.1245315,25.6242052],[85.1245305,25.6242266],[85.1245299,25.6242664],[85.1245291,25.6243681],[85.1245408,25.6244431],[85.1245466,25.6244803],[85.1245598,25.6245458],[85.1245847,25.62459],[85.1246337,25.6246472],[85.1246855,25.6246787],[85.1247324,25.6247003],[85.1248402,25.624733],[85.1249077,25.624745],[85.1249941,25.6247474],[85.1250267,25.6247478],[85.1250801,25.6247425],[85.1251469,25.6247366],[85.1252777,25.6247361],[85.1253114,25.6247421],[85.1253541,25.6247482],[85.1253672,25.6247574],[85.125395,25.6247755],[85.1254222,25.6247987],[85.1254784,25.6248734],[85.1254952,25.6248875],[85.1255221,25.6249009],[85.1255518,25.6249099],[85.1255716,25.6249376],[85.1255966,25.624975],[85.1256066,25.6249921],[85.1256129,25.6250173],[85.1256129,25.6250546],[85.125617,25.6251363],[85.1256265,25.6251893],[85.1256258,25.6252341],[85.1256366,25.6253167],[85.1256507,25.6253548],[85.1256956,25.6254674],[85.1257526,25.6255901],[85.1257729,25.6256184],[85.1257972,25.62565],[85.1258387,25.6257205],[85.1258552,25.6257488],[85.125874,25.6257722],[85.1258948,25.6257873],[85.1259078,25.6258007],[85.1259518,25.6258762],[85.1259872,25.6259349],[85.1260004,25.6259643],[85.1260025,25.625992],[85.1260026,25.6260216],[85.1260146,25.626048],[85.1260309,25.6260788],[85.1260462,25.6261044],[85.1260528,25.6261342],[85.12605284078667,25.626134179125135],[85.1260621,25.6261757],[85.1260629,25.6262172],[85.1260604,25.6262348],[85.1260499,25.6262597],[85.1260417,25.6262894],[85.1260408,25.6263134],[85.126045,25.6263561],[85.1260513,25.6264018],[85.1260606,25.6264294],[85.1260908,25.6264932],[85.126109,25.6265146],[85.1261304,25.6265463],[85.1261375,25.6266035],[85.1261766,25.6267136],[85.1261863,25.6267298],[85.126199,25.6267396],[85.1262112,25.6267473],[85.1262394,25.6267588],[85.1262745,25.6267709],[85.1262854,25.6267835],[85.126299,25.6267938],[85.1263148,25.6268101],[85.1263267,25.6268114],[85.1263485,25.6268129],[85.1264114,25.6268272],[85.1264115,25.6268273],[85.1264247,25.626819],[85.1264392,25.6268129],[85.1264548,25.6268092],[85.1265422,25.6267695],[85.1266273,25.6267259],[85.1267098,25.6266784],[85.1267896,25.6266272],[85.1268045,25.6266277],[85.1268193,25.626626],[85.1268336,25.6266221],[85.126847,25.6266162],[85.1268592,25.6266084],[85.1268698,25.6265989],[85.1268786,25.6265879],[85.1268852,25.6265759],[85.1270172,25.626496],[85.127146,25.626412],[85.1275433,25.6259394],[85.127618,25.6258783],[85.1276817,25.6258457],[85.1282385,25.6256187],[85.1285578,25.6254174],[85.1296276,25.6250681],[85.1296545,25.625035],[85.1296669,25.6250393],[85.1298325,25.6248304],[85.1299356,25.6245358],[85.129914,25.6244452],[85.1299129,25.6244408],[85.1299047,25.6244426],[85.1299038,25.6244428],[85.1299038,25.6244423],[85.1298929,25.624189],[85.1298929,25.6241853]]]}},{"type":"Feature","properties":{"ward":"25","ward_title":"Ward 25","area":"Kadamkuan East / Rajendra Nagar North","short_area":"Rajendra Nagar","ac_no":"182","ac_name":"Bankipur","ac_booths":14,"ac_booth_range":"53-103","ac_voters":12886,"total_ward_booths":"14","total_ward_voters":"948","center_lat":25.6139558,"center_lon":85.12336088399084,"label_lat":25.613531905958634,"label_lon":85.12534874246907,"has_leader":true,"leader_line":[[25.6139558,85.12336088399084],[25.613531905958634,85.12534874246907]],"color":"#3b82f6","color_dark":"#1d4ed8"},"geometry":{"type":"Polygon","coordinates":[[[85.1301931,25.6112026],[85.1301617,25.6111823],[85.1301337,25.611158],[85.1300922,25.6111201],[85.1300684,25.6111013],[85.1300434,25.6110838],[85.1300174,25.6110676],[85.1299904,25.6110527],[85.1299795,25.6110475],[85.1299624,25.6110393],[85.1299337,25.6110274],[85.1299043,25.611017],[85.1298743,25.6110081],[85.1298437,25.6110008],[85.1298128,25.6109951],[85.1297815,25.610991],[85.1297501,25.6109886],[85.1290377,25.6109411],[85.1288508,25.6109226],[85.127883,25.6108268],[85.1275561,25.6107968],[85.1274546,25.6107874],[85.1272812,25.610772],[85.1272318,25.6107676],[85.1268898,25.6107371],[85.126629,25.6107138],[85.1265814,25.6107096],[85.1259893,25.6106578],[85.1258117,25.610636],[85.1256352,25.6106076],[85.1254962,25.6105798],[85.1254602,25.6105726],[85.1254257,25.6105643],[85.1254082,25.6105602],[85.1252869,25.6105311],[85.1251156,25.6104832],[85.1249467,25.6104289],[85.1247803,25.6103684],[85.1246169,25.6103017],[85.1245536,25.610273],[85.1244566,25.6102289],[85.1234205,25.6098067],[85.1230122,25.6096403],[85.1229466,25.6096535],[85.1228973,25.6096634],[85.1228307,25.6096832],[85.1227666,25.6097088],[85.1227056,25.6097399],[85.1226481,25.6097762],[85.122103,25.6101958],[85.1213979,25.6107391],[85.121081,25.6109687],[85.1208441,25.6111403],[85.120711,25.6112418],[85.1205087,25.611396],[85.1205061,25.6113979],[85.1200846,25.6117149],[85.1199577,25.6118103],[85.119667,25.6120313],[85.1194721,25.6121796],[85.1190702,25.6124937],[85.1189758,25.6125667],[85.1189244,25.6126066],[85.1188074,25.6126971],[85.1187785,25.6127195],[85.1187753,25.612722],[85.1187675,25.612728],[85.1187736,25.6127419],[85.1187854,25.6127683],[85.1188429,25.6128977],[85.1188503,25.6129145],[85.119025,25.6132723],[85.1191971,25.613603],[85.119201,25.6136106],[85.119354,25.6139172],[85.1194,25.6139979],[85.1194139,25.6140221],[85.1195063,25.614184],[85.1196635,25.6144927],[85.1196929,25.6145458],[85.1196936,25.614547],[85.1197206,25.6145957],[85.1197438,25.6146376],[85.1197802,25.6147031],[85.1199229,25.6149499],[85.1199303,25.6149626],[85.120112,25.6152713],[85.1201788,25.6153979],[85.1202456,25.6155245],[85.1202668,25.615571],[85.1203653,25.6157865],[85.1203892,25.6158347],[85.1204858,25.6160301],[85.1206008,25.6162362],[85.1207856,25.6166083],[85.1208199,25.6166731],[85.1209028,25.6168297],[85.1209918,25.6169978],[85.1210982,25.6172066],[85.1211024,25.6172151],[85.1211373,25.6172852],[85.1211948,25.6174007],[85.1212596,25.617529],[85.1213266,25.6176616],[85.1213577,25.617725],[85.1214502,25.6179138],[85.1214913,25.6179978],[85.1215593,25.6181414],[85.1215596,25.618142],[85.1215749,25.6181744],[85.1215822,25.6181897],[85.121587,25.6181987],[85.1218181,25.6181064],[85.1218554,25.6180936],[85.1220766,25.6180179],[85.122189,25.6179794],[85.1222436,25.6179611],[85.1224219,25.6179015],[85.1224829,25.617881],[85.1225426,25.6178611],[85.1225789,25.6178489],[85.1228468,25.6177744],[85.1229928,25.6177338],[85.1230395,25.6177263],[85.1233332,25.6176791],[85.1233343,25.6176788],[85.1235714,25.6176316],[85.1236223,25.6176215],[85.1237167,25.6175895],[85.123802,25.6175606],[85.1239448,25.6175126],[85.1239576,25.6175083],[85.124123,25.6174527],[85.1244944,25.6173344],[85.1244957,25.6173393],[85.1245077,25.6173541],[85.1245774,25.6174401],[85.1247102,25.617593],[85.1247124,25.6175957],[85.124761,25.6176388],[85.1247622,25.6176396],[85.1247657,25.6176421],[85.1247901,25.6176288],[85.1249825,25.6175244],[85.1250837,25.6174892],[85.1252064,25.6174543],[85.1252978,25.6174458],[85.1253255,25.6174431],[85.1254034,25.6174356],[85.1254094,25.6174351],[85.1254814,25.617415],[85.125497,25.6174107],[85.1256777,25.6173583],[85.1256822,25.6173567],[85.125878,25.6172897],[85.1259015,25.6172817],[85.1259407,25.6174328],[85.1259464,25.6174548],[85.1260508,25.6174248],[85.1262501,25.6173708],[85.1263577,25.6173371],[85.1263859,25.6173283],[85.1263487,25.617222],[85.1262757,25.6169567],[85.1262155,25.6167195],[85.1261734,25.6165342],[85.1261422,25.6163322],[85.1261257,25.6161727],[85.1261173,25.6161234],[85.1261146,25.6160462],[85.1261407,25.6158938],[85.1261678,25.6157526],[85.1261728,25.615738],[85.1261733,25.6157364],[85.1261785,25.6157212],[85.1262286,25.6155749],[85.1263238,25.6153928],[85.126342,25.6153618],[85.1263428,25.6153605],[85.1263435,25.6153592],[85.126403,25.6152582],[85.1265531,25.6150403],[85.1265947,25.6149751],[85.1267183,25.6147815],[85.1269516,25.6144783],[85.1270187,25.6143855],[85.1270238,25.6143785],[85.1270257,25.6143759],[85.1270463,25.6143473],[85.1271526,25.6142004],[85.1273153,25.6139944],[85.1274329,25.6138454],[85.1274776,25.6137858],[85.1276482,25.6135582],[85.1277734,25.6133932],[85.1278752,25.6132591],[85.127913,25.6132093],[85.1279394,25.6131759],[85.1281631,25.6128925],[85.1282431,25.6127782],[85.1282974,25.6127114],[85.1283147,25.6126985],[85.1283466,25.6126745],[85.1283852,25.6126494],[85.1284016,25.6126387],[85.1284766,25.6126118],[85.1285952,25.6125751],[85.1285964,25.6125748],[85.1285999,25.6125737],[85.1286027,25.6125728],[85.1286264,25.6125655],[85.1286918,25.6125481],[85.1288226,25.6125133],[85.1289575,25.6124775],[85.1290088,25.6124639],[85.1292844,25.6123909],[85.129367,25.6123715],[85.1293706,25.6123707],[85.1295624,25.6123258],[85.1299787,25.6122205],[85.1299881,25.6122178],[85.1302841,25.6121341],[85.1302876,25.612077],[85.1302879,25.6120541],[85.1302892,25.6119778],[85.1302874,25.6119546],[85.1302783,25.611833],[85.1302609,25.6116781],[85.1302596,25.6116666],[85.1302566,25.6116403],[85.1302355,25.6113668],[85.1302315,25.6113148],[85.130228,25.6112689],[85.1302236,25.6112121],[85.1302214,25.6112116],[85.1301931,25.6112026]]]}},{"type":"Feature","properties":{"ward":"26","ward_title":"Ward 26","area":"Pirbahore / Patna Market / Ashok Rajpath / Sabzibagh","short_area":"Pirbahore","ac_no":"182","ac_name":"Bankipur","ac_booths":19,"ac_booth_range":"72-93","ac_voters":16590,"total_ward_booths":"19","total_ward_voters":"4,274","center_lat":25.6181229,"center_lon":85.13141503654492,"label_lat":25.619930987683404,"label_lon":85.12931275812986,"has_leader":true,"leader_line":[[25.6181229,85.13141503654492],[25.619930987683404,85.12931275812986]],"color":"#3b82f6","color_dark":"#1d4ed8"},"geometry":{"type":"Polygon","coordinates":[[[85.1339458,25.6228348],[85.133923,25.6228151],[85.1339039,25.6227731],[85.1339039,25.6227267],[85.1339044,25.6226965],[85.1339077,25.6226689],[85.1339187,25.6226353],[85.1339248,25.6226121],[85.1339232,25.6225939],[85.1339188,25.6225662],[85.1339058,25.6225488],[85.1338703,25.6225127],[85.1338514,25.6224609],[85.1338246,25.6223875],[85.133823,25.6223882],[85.1333704,25.6225835],[85.1333276,25.622602],[85.1332703,25.622427],[85.1332484,25.6223602],[85.1331891,25.6221792],[85.133208,25.6221735],[85.1332771,25.6221528],[85.1334045,25.6221233],[85.133512,25.6220827],[85.1335492,25.6220363],[85.1335667,25.6219846],[85.1335728,25.6219013],[85.1335713,25.6218815],[85.1335629,25.6217681],[85.1335614,25.6217351],[85.1335558,25.6216122],[85.1335496,25.6215895],[85.1335486,25.6215859],[85.1335275,25.6215086],[85.1335273,25.6215005],[85.1335244,25.6214014],[85.1335365,25.621305],[85.1335394,25.6212815],[85.1335274,25.6211348],[85.1335263,25.6211108],[85.1335213,25.6210018],[85.1335202,25.6209785],[85.1335281,25.6208527],[85.1335298,25.6208261],[85.1335357,25.6205226],[85.133529,25.6202613],[85.1335354,25.6200305],[85.133537,25.6199707],[85.1335317,25.6197823],[85.1335316,25.6197812],[85.1335315,25.6197796],[85.133525,25.6196681],[85.1335242,25.6195685],[85.133523,25.6194325],[85.133523,25.6194292],[85.1335229,25.6194191],[85.1335174,25.61934],[85.1335174,25.6193397],[85.1335112,25.6192509],[85.133495,25.6190642],[85.1334937,25.6189159],[85.1334936,25.6189153],[85.1334815,25.6188321],[85.1334645,25.6187159],[85.1334358,25.6185761],[85.1334123,25.6184617],[85.1334094,25.6184536],[85.1333971,25.6184197],[85.1333458,25.6182774],[85.1333085,25.6182074],[85.1332739,25.6181423],[85.1332318,25.6180328],[85.1332244,25.6180136],[85.1331842,25.617909],[85.133103,25.6177543],[85.1330443,25.617644],[85.1329856,25.6175337],[85.1328727,25.6173086],[85.1328512,25.6172657],[85.1327867,25.6171235],[85.1327784,25.6171052],[85.1327068,25.6169661],[85.1326879,25.6169295],[85.1326602,25.6168776],[85.1325915,25.6167492],[85.1325714,25.6167093],[85.132442,25.6164519],[85.1323639,25.6163059],[85.1323002,25.6161867],[85.1321859,25.6160009],[85.1321585,25.6159492],[85.1320988,25.6158364],[85.1320417,25.6157399],[85.1319886,25.6156202],[85.1319779,25.6156011],[85.1318711,25.6154104],[85.1318078,25.6152534],[85.1318009,25.6152274],[85.1317985,25.6152186],[85.1317615,25.6150797],[85.1317567,25.6150456],[85.1317389,25.6149199],[85.1317347,25.614885],[85.1317239,25.6147956],[85.1317209,25.6147703],[85.1317165,25.6147423],[85.1316883,25.6145628],[85.1316713,25.6143457],[85.1316686,25.614309],[85.1316604,25.6141991],[85.131651,25.6140593],[85.1316468,25.6139976],[85.1316328,25.6138219],[85.1316085,25.6135409],[85.1315973,25.6134607],[85.1315701,25.6132645],[85.1315633,25.6132162],[85.1315245,25.6129479],[85.1315206,25.6129204],[85.1314825,25.6126503],[85.1314318,25.6123403],[85.1314301,25.6123299],[85.1313758,25.6120078],[85.1313699,25.6119726],[85.1313636,25.6119304],[85.1313222,25.6116544],[85.1312953,25.6115181],[85.1312259,25.6111665],[85.1312037,25.611072],[85.131193,25.6110268],[85.130483,25.6111188],[85.1304569,25.6111373],[85.1303805,25.6111852],[85.1303267,25.6112124],[85.1302888,25.6112195],[85.1302472,25.6112174],[85.1302236,25.6112121],[85.130228,25.6112689],[85.1302315,25.6113148],[85.1302355,25.6113668],[85.1302566,25.6116403],[85.1302596,25.6116666],[85.1302609,25.6116781],[85.1302783,25.611833],[85.1302874,25.6119546],[85.1302892,25.6119778],[85.1302879,25.6120541],[85.1302876,25.612077],[85.1302841,25.6121341],[85.1299881,25.6122178],[85.1299787,25.6122205],[85.1295624,25.6123258],[85.1293706,25.6123707],[85.129367,25.6123715],[85.1292844,25.6123909],[85.1290088,25.6124639],[85.1289575,25.6124775],[85.1288226,25.6125133],[85.1286918,25.6125481],[85.1286264,25.6125655],[85.1286027,25.6125728],[85.1285999,25.6125737],[85.1285964,25.6125748],[85.1285952,25.6125751],[85.1284766,25.6126118],[85.1284016,25.6126387],[85.1283852,25.6126494],[85.1283466,25.6126745],[85.1283147,25.6126985],[85.1282974,25.6127114],[85.1282431,25.6127782],[85.1281631,25.6128925],[85.1279394,25.6131759],[85.127913,25.6132093],[85.1278752,25.6132591],[85.1277734,25.6133932],[85.1276482,25.6135582],[85.1274776,25.6137858],[85.1274329,25.6138454],[85.1273153,25.6139944],[85.1271526,25.6142004],[85.1270463,25.6143473],[85.1270257,25.6143759],[85.1270238,25.6143785],[85.1270187,25.6143855],[85.1269516,25.6144783],[85.1267183,25.6147815],[85.1265947,25.6149751],[85.1265531,25.6150403],[85.126403,25.6152582],[85.1263435,25.6153592],[85.1263428,25.6153605],[85.126342,25.6153618],[85.1263238,25.6153928],[85.1262286,25.6155749],[85.1261785,25.6157212],[85.1261733,25.6157364],[85.1261728,25.615738],[85.1261678,25.6157526],[85.1261407,25.6158938],[85.1261146,25.6160462],[85.1261173,25.6161234],[85.1261257,25.6161727],[85.1261422,25.6163322],[85.1261734,25.6165342],[85.1262155,25.6167195],[85.1262757,25.6169567],[85.1263487,25.617222],[85.1263859,25.6173283],[85.1263951,25.6173545],[85.1264235,25.6174356],[85.1264416,25.6174873],[85.1265033,25.6176315],[85.1265136,25.6176555],[85.1265973,25.6178405],[85.1266437,25.6179272],[85.1266482,25.6179258],[85.1266725,25.617919],[85.1268533,25.6178681],[85.1270927,25.6177865],[85.1271882,25.617754],[85.1274849,25.6176683],[85.1275591,25.6176469],[85.1277213,25.6176143],[85.1278881,25.6176097],[85.127998,25.6175954],[85.1280086,25.6175902],[85.1280155,25.6175851],[85.1280257,25.6175773],[85.1280326,25.6175643],[85.1280391,25.6175457],[85.128035,25.6174915],[85.128025,25.6171422],[85.1280071,25.6168805],[85.1280043,25.6167462],[85.1280341,25.6167441],[85.1283177,25.6167239],[85.1283554,25.6167213],[85.1286003,25.6167019],[85.1286129,25.6167014],[85.1286376,25.6167004],[85.1289519,25.6166869],[85.129159,25.6166796],[85.1292086,25.6166778],[85.1293626,25.6166691],[85.1295049,25.616661],[85.129533,25.616659],[85.1295434,25.6166582],[85.1297252,25.6166449],[85.1298224,25.6166429],[85.1298266,25.6168075],[85.1298378,25.6172483],[85.1298386,25.617283],[85.1298428,25.6174808],[85.1298443,25.6175528],[85.1298661,25.6176796],[85.1298937,25.6177998],[85.1298976,25.6178234],[85.1298992,25.6178328],[85.1298963,25.6178407],[85.1298934,25.6178446],[85.1298772,25.6178556],[85.129833,25.6178741],[85.1297567,25.6179015],[85.1297394,25.617905],[85.1295936,25.617935],[85.1295073,25.6179555],[85.1295202,25.6179945],[85.1295562,25.6181035],[85.129616,25.6182596],[85.1296545,25.618398],[85.1296586,25.6184129],[85.129659,25.6184143],[85.1297507,25.6186646],[85.1298036,25.6188638],[85.1298106,25.6188902],[85.1297368,25.6189116],[85.1295913,25.6189569],[85.129376,25.6190584],[85.1293918,25.6190814],[85.129563,25.6193299],[85.129626,25.6194053],[85.1297512,25.6195551],[85.1299323,25.619778],[85.1299701,25.6198329],[85.1300382,25.6199321],[85.1300716,25.6200274],[85.1301212,25.6201777],[85.1301239,25.620186],[85.1301307,25.6202],[85.1301537,25.6202478],[85.1301721,25.6202859],[85.130211,25.6203496],[85.1302549,25.6204089],[85.1302795,25.6204711],[85.130298,25.6205177],[85.1303454,25.6206718],[85.1303611,25.620718],[85.130384,25.6207849],[85.1303899,25.6208023],[85.1304073,25.6208531],[85.1304457,25.6209519],[85.1304677,25.6210082],[85.1305557,25.6212342],[85.1305702,25.6212676],[85.1305757,25.6212802],[85.1306662,25.6214884],[85.1307059,25.6215922],[85.1307373,25.6216746],[85.1307667,25.6217514],[85.1308161,25.6218587],[85.1308785,25.6219939],[85.1309593,25.6221692],[85.1310753,25.6224128],[85.1310869,25.622437],[85.1310953,25.6224546],[85.131128,25.6225234],[85.1312383,25.6227956],[85.1313144,25.6229885],[85.1313833,25.623163],[85.1314012,25.6232084],[85.1314336,25.6232717],[85.131468,25.6233388],[85.1315421,25.6234796],[85.1313513,25.6235632],[85.1313326,25.6235714],[85.1311332,25.6236337],[85.1308896,25.6237097],[85.1308835,25.6237116],[85.1308178,25.6237224],[85.1307652,25.6237311],[85.1307325,25.6237355],[85.130547,25.6237606],[85.1304845,25.6237654],[85.1303583,25.6237751],[85.1301541,25.6237908],[85.1300996,25.623795],[85.1300803,25.6237953],[85.1300888,25.6238868],[85.1300945,25.6239477],[85.1300945,25.6239482],[85.1300945,25.6239485],[85.1300945,25.6239487],[85.1300945,25.6239491],[85.1300945,25.6239496],[85.1300945,25.6239501],[85.1300944,25.6239505],[85.1300944,25.6239506],[85.1300943,25.623951],[85.1300942,25.6239515],[85.1300941,25.6239519],[85.130094,25.6239524],[85.1300939,25.6239528],[85.1300937,25.6239533],[85.1300935,25.6239537],[85.1300933,25.6239541],[85.1300931,25.6239546],[85.1300929,25.623955],[85.1300927,25.6239554],[85.1300924,25.6239558],[85.1300921,25.6239562],[85.1300918,25.6239566],[85.1300915,25.623957],[85.1300914,25.6239572],[85.1300912,25.6239573],[85.130091,25.6239576],[85.1300909,25.6239577],[85.1300905,25.6239581],[85.1300902,25.6239584],[85.1300898,25.6239587],[85.1300894,25.623959],[85.130089,25.6239593],[85.1300886,25.6239596],[85.1300882,25.6239599],[85.1300878,25.6239602],[85.1300875,25.6239603],[85.1300873,25.6239604],[85.130087,25.6239606],[85.1300869,25.6239607],[85.1300864,25.6239609],[85.130086,25.6239611],[85.1300859,25.6239611],[85.1300855,25.6239613],[85.130085,25.6239615],[85.1300845,25.6239616],[85.1300841,25.6239618],[85.1300836,25.6239619],[85.1300831,25.623962],[85.1300826,25.6239621],[85.130082,25.6239622],[85.1299302,25.6239852],[85.1298754,25.6239935],[85.1298642,25.6239952],[85.1298637,25.6239953],[85.1298632,25.6239954],[85.1298627,25.6239955],[85.1298622,25.6239956],[85.1298617,25.6239958],[85.1298612,25.6239959],[85.1298607,25.6239961],[85.1298603,25.6239963],[85.1298598,25.6239965],[85.1298594,25.6239967],[85.1298589,25.623997],[85.1298585,25.6239972],[85.1298583,25.6239973],[85.129858,25.6239975],[85.1298576,25.6239978],[85.1298572,25.6239981],[85.1298568,25.6239984],[85.1298564,25.6239987],[85.1298563,25.6239988],[85.1298561,25.623999],[85.1298557,25.6239993],[85.1298554,25.6239997],[85.1298553,25.6239998],[85.129855,25.624],[85.1298547,25.6240004],[85.1298544,25.6240008],[85.1298541,25.6240012],[85.1298539,25.6240016],[85.1298536,25.624002],[85.1298534,25.6240024],[85.1298532,25.6240026],[85.1298531,25.6240028],[85.1298529,25.6240032],[85.1298527,25.6240037],[85.1298526,25.6240041],[85.1298524,25.6240046],[85.1298523,25.624005],[85.1298522,25.6240052],[85.1298521,25.6240055],[85.129852,25.6240059],[85.1298519,25.6240064],[85.1298519,25.6240068],[85.1298519,25.6240069],[85.1298518,25.6240073],[85.1298518,25.6240078],[85.1298517,25.6240082],[85.1298517,25.6240087],[85.1298518,25.6240092],[85.1298518,25.6240096],[85.1298518,25.6240101],[85.1298519,25.6240106],[85.129852,25.624011],[85.1298521,25.6240115],[85.1298522,25.624012],[85.1298523,25.6240124],[85.1298525,25.6240128],[85.1298527,25.6240133],[85.1298529,25.6240137],[85.1298624,25.6240345],[85.1298656,25.6240433],[85.1298721,25.6240604],[85.1298759,25.6240703],[85.1298964,25.6241549],[85.1298996,25.6241754],[85.1298978,25.6241766],[85.1298962,25.6241782],[85.1298947,25.6241804],[85.1298933,25.624183],[85.1298929,25.6241853],[85.1298929,25.624189],[85.1299001,25.6243578],[85.12990016270699,25.62435777464967],[85.1299038,25.6244423],[85.1299038,25.6244428],[85.1299047,25.6244426],[85.1299129,25.6244408],[85.129914,25.6244452],[85.1299356,25.6245358],[85.1298325,25.6248304],[85.1296669,25.6250393],[85.1299532,25.6251391],[85.1300893,25.6251982],[85.1301258,25.6251979],[85.1301619,25.6251925],[85.1301966,25.6251822],[85.1302291,25.6251672],[85.1302587,25.6251478],[85.1304089,25.6250449],[85.1305615,25.6249449],[85.1307165,25.6248479],[85.1307545,25.6248133],[85.1307956,25.6247817],[85.1308396,25.6247534],[85.1308861,25.6247286],[85.1309347,25.6247074],[85.1309937,25.6246781],[85.1310555,25.624654],[85.1311196,25.6246356],[85.1311854,25.6246228],[85.1312523,25.6246159],[85.1313033,25.6246102],[85.1313532,25.6245994],[85.1314015,25.6245835],[85.1314475,25.6245629],[85.1314906,25.6245378],[85.1315736,25.6244731],[85.1316521,25.6244039],[85.1317257,25.6243306],[85.1317364,25.6243243],[85.1317482,25.6243198],[85.1317606,25.624317],[85.1317734,25.6243162],[85.1317861,25.6243174],[85.1317984,25.6243204],[85.13181,25.6243253],[85.1318205,25.6243318],[85.131872,25.6243052],[85.1319201,25.6242738],[85.1319643,25.6242381],[85.1320284,25.6241509],[85.1320983,25.6240673],[85.1321737,25.6239876],[85.1322104,25.6239605],[85.1322511,25.6239383],[85.1322948,25.6239214],[85.1323407,25.6239103],[85.1323878,25.623905],[85.1324353,25.6239058],[85.1324823,25.6239126],[85.1325277,25.6239253],[85.1325763,25.6239274],[85.1326248,25.6239239],[85.1326724,25.623915],[85.1327185,25.6239007],[85.1327621,25.6238813],[85.1328027,25.6238571],[85.132853,25.6238027],[85.1329084,25.6237526],[85.1329686,25.6237072],[85.1330331,25.6236667],[85.1331013,25.6236316],[85.1331714,25.6236044],[85.1332439,25.623583],[85.1333183,25.6235675],[85.1333789,25.62357],[85.1334387,25.6235788],[85.1334971,25.6235937],[85.1336243,25.6235857],[85.133751,25.623573],[85.133877,25.6235556],[85.1341885,25.6234322],[85.1341495,25.623407],[85.1341005,25.6233694],[85.1340719,25.623336],[85.1340619,25.6233267],[85.1340284,25.6233262],[85.1339947,25.623335],[85.1339742,25.6233427],[85.1339492,25.6233543],[85.1339301,25.6233646],[85.133914,25.623371],[85.1338892,25.6233707],[85.1338777,25.6233626],[85.1338734,25.6233573],[85.1338707,25.6233467],[85.1338709,25.6233321],[85.1338728,25.6233045],[85.1338783,25.6232552],[85.1338919,25.623224],[85.1339307,25.6230632],[85.1339501,25.6229843],[85.1339788,25.6229413],[85.1340024,25.6229103],[85.1340079,25.622876],[85.1340033,25.622852],[85.13398557287464,25.62283960910115],[85.1339856,25.6228396],[85.1339837,25.6228383],[85.1339458,25.6228348]]]}},{"type":"Feature","properties":{"ward":"27","ward_title":"Ward 27","area":"RMS Colony / Malahi Pakri / Chitragupt Nagar","short_area":"RMS Colony","ac_no":"182","ac_name":"Bankipur","ac_booths":23,"ac_booth_range":"104-128","ac_voters":20754,"total_ward_booths":"23","total_ward_voters":"26,607","center_lat":25.616846250000002,"center_lon":85.14081276606805,"label_lat":25.616369513351113,"label_lon":85.13931273873025,"has_leader":true,"leader_line":[[25.616846250000002,85.14081276606805],[25.616369513351113,85.13931273873025]],"color":"#3b82f6","color_dark":"#1d4ed8"},"geometry":{"type":"Polygon","coordinates":[[[85.1493689,25.6181096],[85.1493064,25.6178639],[85.1492992,25.6178405],[85.1492317,25.61762],[85.1491981,25.6174969],[85.1491926,25.6174769],[85.1491912,25.6174725],[85.1491666,25.6173943],[85.1491397,25.6172996],[85.1491125,25.6172179],[85.1490361,25.6170003],[85.149014,25.6169371],[85.1489711,25.6168149],[85.149005,25.616803],[85.1490119,25.6168006],[85.1490023,25.616763],[85.1489611,25.6166011],[85.1489259,25.6164645],[85.1488997,25.6163632],[85.1488449,25.6160996],[85.1488348,25.6160427],[85.148822,25.6159706],[85.1488156,25.6159345],[85.1488156,25.6159344],[85.1488156,25.6159343],[85.1487572,25.6159535],[85.1487571,25.6159535],[85.1484078,25.6160671],[85.1483795,25.6160764],[85.1483711,25.6160405],[85.148354,25.6159909],[85.1483197,25.6158917],[85.1482615,25.6157586],[85.1482124,25.6156603],[85.1481154,25.6155183],[85.1480717,25.6154646],[85.147992,25.6153669],[85.1479006,25.615261],[85.1478824,25.6152457],[85.1478456,25.6152148],[85.1478194,25.615195],[85.1477727,25.6151598],[85.1477001,25.6151189],[85.1476462,25.6150867],[85.1475614,25.6150463],[85.1474727,25.6150159],[85.1473556,25.6149737],[85.1472231,25.614937],[85.1470594,25.6149019],[85.1469984,25.6148949],[85.1468887,25.6148823],[85.146877,25.6148824],[85.1468765,25.6148824],[85.1468555,25.6148825],[85.1466621,25.6148836],[85.1465083,25.6148956],[85.1462963,25.6149374],[85.1460083,25.6149943],[85.1458715,25.6150286],[85.1456539,25.6151004],[85.1453723,25.6151938],[85.1449657,25.6153285],[85.1447909,25.6153863],[85.1447634,25.6153962],[85.1446742,25.6154285],[85.1444664,25.6155038],[85.1441857,25.6156054],[85.1440948,25.6156383],[85.1440718,25.6156471],[85.1439507,25.6156931],[85.1439042,25.6157108],[85.1437351,25.6157751],[85.1435434,25.6158514],[85.143541,25.6158524],[85.1435401,25.6158527],[85.143388,25.6159132],[85.1431951,25.6159921],[85.1431898,25.6159942],[85.1431065,25.6160268],[85.1429362,25.6161058],[85.1427916,25.6161696],[85.1427614,25.6161829],[85.1427249,25.6161998],[85.142699,25.6162095],[85.1426858,25.6162144],[85.1426458,25.6162267],[85.1426049,25.6162364],[85.1425634,25.6162437],[85.1425215,25.6162485],[85.1424793,25.6162507],[85.142437,25.6162504],[85.1423949,25.6162475],[85.142353,25.616242],[85.1423117,25.6162341],[85.1423066,25.6162328],[85.142271,25.6162237],[85.1422312,25.6162108],[85.1421791,25.6161754],[85.14212,25.6161507],[85.1420565,25.6161376],[85.1420386,25.6161374],[85.1420161,25.6161186],[85.1419997,25.6161036],[85.1419842,25.6160879],[85.1419695,25.6160716],[85.1419556,25.6160546],[85.1419426,25.6160371],[85.1419306,25.6160191],[85.1419195,25.6160005],[85.1419094,25.6159816],[85.1419003,25.6159622],[85.1418964,25.6159525],[85.1418922,25.6159424],[85.1418852,25.6159223],[85.1418774,25.6158908],[85.1418547,25.6157989],[85.1418069,25.6156168],[85.1417826,25.6155244],[85.141718,25.6152749],[85.1416511,25.6150258],[85.1415529,25.6146351],[85.1414776,25.6143555],[85.1414754,25.6143474],[85.1414032,25.6140784],[85.1413175,25.6137526],[85.1413114,25.61373],[85.1413049,25.6137063],[85.1413049,25.6137061],[85.1412144,25.6133719],[85.1411884,25.6132749],[85.14113,25.6130577],[85.1411296,25.6130566],[85.1411287,25.613054],[85.1411287,25.6130539],[85.1411093,25.613005],[85.1410757,25.6129204],[85.1410176,25.6128298],[85.1409863,25.6127827],[85.1409869,25.6127809],[85.1409879,25.6127775],[85.1409885,25.612774],[85.140989,25.6127705],[85.1409892,25.6127669],[85.1409892,25.6127652],[85.1409885,25.6127285],[85.1409884,25.6127267],[85.1409881,25.6127231],[85.1409875,25.6127196],[85.1409866,25.6127162],[85.1409856,25.6127128],[85.1409842,25.6127094],[85.1409841,25.6127091],[85.1409645,25.6126653],[85.1409631,25.6126623],[85.1409613,25.6126592],[85.1409593,25.6126561],[85.1409571,25.6126532],[85.1409546,25.6126505],[85.1409545,25.6126503],[85.140871,25.6125621],[85.1408685,25.6125596],[85.1408657,25.6125571],[85.1408627,25.6125548],[85.1408599,25.6125529],[85.1408571,25.6125511],[85.140821,25.6125283],[85.1408207,25.6125281],[85.1408174,25.6125262],[85.140814,25.6125245],[85.1408105,25.612523],[85.1408077,25.612522],[85.1408068,25.6125217],[85.1408031,25.6125206],[85.1407993,25.6125198],[85.1407955,25.6125191],[85.1407916,25.6125187],[85.1407877,25.6125186],[85.1407854,25.6125186],[85.1407524,25.6125193],[85.1407508,25.6125194],[85.1407469,25.6125197],[85.1407435,25.6125201],[85.1407431,25.6125202],[85.1407393,25.6125209],[85.1407355,25.6125219],[85.1407318,25.6125231],[85.1407282,25.6125245],[85.1407248,25.6125262],[85.1407214,25.612528],[85.1407182,25.61253],[85.1407167,25.6125311],[85.1406886,25.6125514],[85.140687,25.6125525],[85.1406841,25.6125549],[85.1406799,25.6125586],[85.1405281,25.6125844],[85.1404216,25.6126025],[85.1403963,25.6126068],[85.1403258,25.6126188],[85.140299,25.6126252],[85.140094,25.6126748],[85.13996,25.6127216],[85.1399395,25.6127288],[85.1398434,25.6127623],[85.1396319,25.6128341],[85.1394033,25.6129232],[85.1392671,25.612971],[85.1392488,25.6129735],[85.1392265,25.6129746],[85.1392123,25.6129731],[85.1391994,25.6129712],[85.1391867,25.6129677],[85.139172,25.6129624],[85.1391641,25.6129596],[85.1391209,25.6129376],[85.1390689,25.6128999],[85.1390198,25.6128551],[85.13894,25.6127521],[85.1388568,25.6125873],[85.1388138,25.6125021],[85.1386824,25.6122513],[85.1385782,25.6120197],[85.1384527,25.6117491],[85.1383286,25.6114905],[85.1383177,25.6114677],[85.1383146,25.6114613],[85.1382208,25.6114918],[85.1381846,25.6115036],[85.1376432,25.6116239],[85.1376167,25.6116296],[85.1374434,25.6116672],[85.1371601,25.6117285],[85.1371536,25.6117299],[85.1370923,25.6117442],[85.1370921,25.6117442],[85.1367096,25.6118331],[85.136671,25.6118408],[85.1366583,25.6118433],[85.1364633,25.6118794],[85.1361057,25.6119521],[85.1360663,25.6119578],[85.1359971,25.6119667],[85.1357786,25.6110077],[85.1357462,25.6108659],[85.1357419,25.6108468],[85.1357204,25.6107526],[85.1356187,25.6103063],[85.1355943,25.6103092],[85.1350708,25.6103706],[85.1350609,25.6103714],[85.1350161,25.6103762],[85.1350115,25.6103767],[85.1345999,25.6104205],[85.1344884,25.6104343],[85.133944,25.6105186],[85.1337339,25.610556],[85.1337326,25.6105562],[85.1336623,25.6105688],[85.1332701,25.6106414],[85.1332019,25.610654],[85.1331674,25.6106604],[85.1328837,25.610729],[85.1328834,25.610729],[85.1328831,25.6107291],[85.1328829,25.6107292],[85.1328826,25.6107292],[85.1328823,25.6107293],[85.132882,25.6107294],[85.1328818,25.6107294],[85.1328815,25.6107295],[85.1328812,25.6107295],[85.1328809,25.6107296],[85.1328806,25.6107296],[85.1328804,25.6107297],[85.1327144,25.6107615],[85.1321608,25.6108674],[85.1318023,25.6109359],[85.1313661,25.6110104],[85.1313526,25.6110128],[85.1311945,25.6110266],[85.131193,25.6110268],[85.1312037,25.611072],[85.1312259,25.6111665],[85.1312953,25.6115181],[85.1313222,25.6116544],[85.1313636,25.6119304],[85.1313699,25.6119726],[85.1313758,25.6120078],[85.1314301,25.6123299],[85.1314318,25.6123403],[85.1314825,25.6126503],[85.1315206,25.6129204],[85.1315245,25.6129479],[85.1315633,25.6132162],[85.1315701,25.6132645],[85.1315973,25.6134607],[85.1316085,25.6135409],[85.1316328,25.6138219],[85.1316468,25.6139976],[85.131651,25.6140593],[85.1316604,25.6141991],[85.1316686,25.614309],[85.1316713,25.6143457],[85.1316883,25.6145628],[85.1317165,25.6147423],[85.1317209,25.6147703],[85.1317239,25.6147956],[85.1317347,25.614885],[85.1317389,25.6149199],[85.1317567,25.6150456],[85.1317615,25.6150797],[85.1317985,25.6152186],[85.1318009,25.6152274],[85.1318078,25.6152534],[85.1318711,25.6154104],[85.1319779,25.6156011],[85.1319886,25.6156202],[85.1320417,25.6157399],[85.1320988,25.6158364],[85.1321585,25.6159492],[85.1321859,25.6160009],[85.1323002,25.6161867],[85.1323639,25.6163059],[85.132442,25.6164519],[85.1325714,25.6167093],[85.1325915,25.6167492],[85.1326602,25.6168776],[85.1326879,25.6169295],[85.1327068,25.6169661],[85.1327784,25.6171052],[85.1327867,25.6171235],[85.1328512,25.6172657],[85.1328727,25.6173086],[85.1329856,25.6175337],[85.1330443,25.617644],[85.133103,25.6177543],[85.1331842,25.617909],[85.1332244,25.6180136],[85.1332318,25.6180328],[85.1332739,25.6181423],[85.1333085,25.6182074],[85.1333458,25.6182774],[85.1333971,25.6184197],[85.1334094,25.6184536],[85.1334123,25.6184617],[85.1334358,25.6185761],[85.1334645,25.6187159],[85.1334815,25.6188321],[85.1334936,25.6189153],[85.1334937,25.6189159],[85.133495,25.6190642],[85.1335112,25.6192509],[85.1335174,25.6193397],[85.1335174,25.61934],[85.1335229,25.6194191],[85.133523,25.6194292],[85.133523,25.6194325],[85.1335242,25.6195685],[85.133525,25.6196681],[85.1335315,25.6197796],[85.1335316,25.6197812],[85.1335317,25.6197823],[85.133537,25.6199707],[85.1335354,25.6200305],[85.133529,25.6202613],[85.1335357,25.6205226],[85.1335298,25.6208261],[85.1335281,25.6208527],[85.1335202,25.6209785],[85.1335213,25.6210018],[85.1335263,25.6211108],[85.1335274,25.6211348],[85.1335394,25.6212815],[85.1335365,25.621305],[85.1335244,25.6214014],[85.1335273,25.6215005],[85.1335275,25.6215086],[85.1335486,25.6215859],[85.1335496,25.6215895],[85.1335558,25.6216122],[85.1335614,25.6217351],[85.1335629,25.6217681],[85.1335713,25.6218815],[85.1335728,25.6219013],[85.1335667,25.6219846],[85.1335492,25.6220363],[85.133512,25.6220827],[85.1334045,25.6221233],[85.1332771,25.6221528],[85.133208,25.6221735],[85.1331891,25.6221792],[85.1332484,25.6223602],[85.1332703,25.622427],[85.1333276,25.622602],[85.1333704,25.6225835],[85.133823,25.6223882],[85.1338246,25.6223875],[85.1338514,25.6224609],[85.1338703,25.6225127],[85.1339058,25.6225488],[85.1339188,25.6225662],[85.1339232,25.6225939],[85.1339248,25.6226121],[85.1339187,25.6226353],[85.1339077,25.6226689],[85.1339044,25.6226965],[85.1339039,25.6227267],[85.1339039,25.6227731],[85.133923,25.6228151],[85.1339458,25.6228348],[85.1339837,25.6228383],[85.1340033,25.622852],[85.1340079,25.622876],[85.1340024,25.6229103],[85.1339788,25.6229413],[85.1339501,25.6229843],[85.1339307,25.6230632],[85.1338919,25.623224],[85.1338783,25.6232552],[85.1338728,25.6233045],[85.1338709,25.6233321],[85.1338707,25.6233467],[85.1338734,25.6233573],[85.1338777,25.6233626],[85.1338892,25.6233707],[85.133914,25.623371],[85.1339301,25.6233646],[85.1339492,25.6233543],[85.1339742,25.6233427],[85.1339947,25.623335],[85.1340284,25.6233262],[85.1340619,25.6233267],[85.1340719,25.623336],[85.1341005,25.6233694],[85.1341495,25.623407],[85.1341885,25.6234322],[85.134227,25.6234167],[85.1343267,25.6234371],[85.1345502,25.6232967],[85.1346984,25.6232556],[85.1349893,25.6231876],[85.1356567,25.6229573],[85.1360651,25.6227905],[85.1361818,25.6227347],[85.1364899,25.6225762],[85.136739,25.6224838],[85.1369762,25.6224773],[85.1371392,25.6224985],[85.1371397,25.6224651],[85.1369612,25.6224246],[85.137046,25.6223922],[85.1375799,25.6222796],[85.1380438,25.6222712],[85.1386752,25.622327],[85.1390177,25.6223218],[85.1398934,25.6222613],[85.1405844,25.6222128],[85.1405499,25.6220547],[85.1405019,25.6217531],[85.1404317,25.6211838],[85.1403836,25.6205431],[85.1418459,25.6203658],[85.1432451,25.619839],[85.1451643,25.6194144],[85.1458515,25.6192655],[85.1479721,25.6187621],[85.1498911,25.6189135],[85.1498953,25.6188936],[85.1497685,25.6188762],[85.1495443,25.6188477],[85.1495042,25.6186587],[85.1494776,25.6185331],[85.1494715,25.6185085],[85.1494591,25.6184578],[85.1494547,25.6184401],[85.1494407,25.6183832],[85.149378,25.6181453],[85.1493689,25.6181096]]]}},{"type":"Feature","properties":{"ward":"28","ward_title":"Ward 28","area":"Rajendra Nagar South / Dinkar Golambar / Saidpur","short_area":"Dinkar Golambar","ac_no":"182","ac_name":"Bankipur","ac_booths":24,"ac_booth_range":"139-195","ac_voters":21429,"total_ward_booths":"24","total_ward_voters":"8,500","center_lat":25.6091191,"center_lon":85.14012823501076,"label_lat":25.609108039018825,"label_lon":85.14012823501076,"has_leader":false,"leader_line":null,"color":"#3b82f6","color_dark":"#1d4ed8"},"geometry":{"type":"Polygon","coordinates":[[[85.1416906,25.6042172],[85.14169,25.6042171],[85.1415705,25.6041964],[85.1414425,25.6042015],[85.141239,25.6042095],[85.1409095,25.6041794],[85.1403242,25.6040908],[85.1397395,25.6039608],[85.1397226,25.603957],[85.1394706,25.6038998],[85.1393154,25.6038553],[85.139203,25.6038232],[85.1389905,25.6037506],[85.1388139,25.6036903],[85.1386738,25.6036424],[85.1384198,25.6035521],[85.1380357,25.6034154],[85.1379022,25.603368],[85.1374179,25.6031956],[85.1371801,25.6031109],[85.1371725,25.6031083],[85.1371508,25.6031006],[85.1358756,25.6026506],[85.1346822,25.6022847],[85.1338764,25.6020459],[85.1337138,25.6019978],[85.1336557,25.6019854],[85.1335813,25.6019695],[85.1334445,25.6022737],[85.1334256,25.6023156],[85.1332928,25.602611],[85.1332614,25.6027748],[85.1332341,25.6029178],[85.1330221,25.6033465],[85.1328308,25.6037334],[85.1328192,25.6037598],[85.1328086,25.6037866],[85.132799,25.6038138],[85.1327905,25.6038412],[85.132783,25.6038688],[85.1327766,25.6038967],[85.1327712,25.6039247],[85.1327669,25.6039529],[85.1327637,25.6039812],[85.1327615,25.6040096],[85.1327604,25.6040381],[85.1327604,25.6040666],[85.1327615,25.604095],[85.1327637,25.6041234],[85.1327669,25.6041518],[85.1327712,25.60418],[85.1327765,25.604208],[85.132783,25.6042359],[85.1327904,25.6042635],[85.132799,25.6042909],[85.1328085,25.6043181],[85.1328191,25.6043449],[85.1329296,25.6046104],[85.1330372,25.6048402],[85.1332076,25.6052084],[85.1333233,25.6054584],[85.133454,25.6057675],[85.1334774,25.6058227],[85.1335453,25.6059758],[85.1335738,25.6061045],[85.1336021,25.6062367],[85.133653,25.6064744],[85.133666,25.6065354],[85.1337306,25.6068369],[85.1338096,25.607468],[85.1338445,25.6077642],[85.1338445,25.6078024],[85.1338444,25.6078586],[85.1338444,25.6079438],[85.1338229,25.6081803],[85.1337694,25.6085239],[85.1337268,25.6088663],[85.1337176,25.608911],[85.133714,25.6089284],[85.1337003,25.6089946],[85.1336829,25.6090552],[85.1336461,25.6091407],[85.1336212,25.6091986],[85.1335604,25.6092926],[85.1335504,25.6093064],[85.1335076,25.6093653],[85.1333228,25.6095472],[85.1332242,25.6096734],[85.1331623,25.609797],[85.1331379,25.6098824],[85.1331283,25.6099347],[85.133125,25.6100048],[85.1331319,25.6101239],[85.133143,25.6102458],[85.1331604,25.6103779],[85.1331629,25.6103945],[85.1331682,25.6104307],[85.1331692,25.6104378],[85.1331849,25.6104679],[85.1332431,25.6105542],[85.1332546,25.6105911],[85.1332701,25.6106414],[85.1336623,25.6105688],[85.1337326,25.6105562],[85.1337339,25.610556],[85.133944,25.6105186],[85.1344884,25.6104343],[85.1345999,25.6104205],[85.1350115,25.6103767],[85.1350161,25.6103762],[85.1350609,25.6103714],[85.1350708,25.6103706],[85.1355943,25.6103092],[85.1356187,25.6103063],[85.1357204,25.6107526],[85.1357419,25.6108468],[85.1357462,25.6108659],[85.1357786,25.6110077],[85.1359971,25.6119667],[85.1360663,25.6119578],[85.1361057,25.6119521],[85.1364633,25.6118794],[85.1366583,25.6118433],[85.136671,25.6118408],[85.1367096,25.6118331],[85.1370921,25.6117442],[85.1370923,25.6117442],[85.1371536,25.6117299],[85.1371601,25.6117285],[85.1374434,25.6116672],[85.1376167,25.6116296],[85.1376432,25.6116239],[85.1381846,25.6115036],[85.1382208,25.6114918],[85.1383146,25.6114613],[85.1383177,25.6114677],[85.1383286,25.6114905],[85.1384527,25.6117491],[85.1385782,25.6120197],[85.1386824,25.6122513],[85.1388138,25.6125021],[85.1388568,25.6125873],[85.13894,25.6127521],[85.1390198,25.6128551],[85.1390689,25.6128999],[85.1391209,25.6129376],[85.1391641,25.6129596],[85.139172,25.6129624],[85.1391867,25.6129677],[85.1391994,25.6129712],[85.1392123,25.6129731],[85.1392265,25.6129746],[85.1392488,25.6129735],[85.1392671,25.612971],[85.1394033,25.6129232],[85.1396319,25.6128341],[85.1398434,25.6127623],[85.1399395,25.6127288],[85.13996,25.6127216],[85.140094,25.6126748],[85.140299,25.6126252],[85.1403258,25.6126188],[85.1403963,25.6126068],[85.1404216,25.6126025],[85.1405281,25.6125844],[85.1406799,25.6125586],[85.1406841,25.6125549],[85.140687,25.6125525],[85.1406886,25.6125514],[85.1407167,25.6125311],[85.1407182,25.61253],[85.1407214,25.612528],[85.1407248,25.6125262],[85.1407282,25.6125245],[85.1407318,25.6125231],[85.1407355,25.6125219],[85.1407393,25.6125209],[85.1407431,25.6125202],[85.1407435,25.6125201],[85.1407469,25.6125197],[85.1407508,25.6125194],[85.1407524,25.6125193],[85.1407854,25.6125186],[85.1407877,25.6125186],[85.1407916,25.6125187],[85.1407955,25.6125191],[85.1407993,25.6125198],[85.1408031,25.6125206],[85.1408068,25.6125217],[85.1408077,25.612522],[85.1408105,25.612523],[85.140814,25.6125245],[85.1408174,25.6125262],[85.1408207,25.6125281],[85.140821,25.6125283],[85.1408571,25.6125511],[85.1408599,25.6125529],[85.1408627,25.6125548],[85.1408657,25.6125571],[85.1408685,25.6125596],[85.140871,25.6125621],[85.1409545,25.6126503],[85.1409546,25.6126505],[85.1409571,25.6126532],[85.1409593,25.6126561],[85.1409613,25.6126592],[85.1409631,25.6126623],[85.1409645,25.6126653],[85.1409841,25.6127091],[85.1409842,25.6127094],[85.1409856,25.6127128],[85.1409866,25.6127162],[85.1409875,25.6127196],[85.1409881,25.6127231],[85.1409884,25.6127267],[85.1409885,25.6127285],[85.1409892,25.6127652],[85.1409892,25.6127669],[85.140989,25.6127705],[85.1409885,25.612774],[85.1409879,25.6127775],[85.1409869,25.6127809],[85.1409863,25.6127827],[85.1410176,25.6128298],[85.1410757,25.6129204],[85.1411093,25.613005],[85.1411287,25.6130539],[85.1411287,25.613054],[85.1411296,25.6130566],[85.14113,25.6130577],[85.1411884,25.6132749],[85.1412144,25.6133719],[85.1413049,25.6137061],[85.1413049,25.6137063],[85.1413114,25.61373],[85.1413175,25.6137526],[85.1414032,25.6140784],[85.1414754,25.6143474],[85.1414776,25.6143555],[85.1415529,25.6146351],[85.1416511,25.6150258],[85.141718,25.6152749],[85.1417826,25.6155244],[85.1418069,25.6156168],[85.1418547,25.6157989],[85.1418774,25.6158908],[85.1418852,25.6159223],[85.1418922,25.6159424],[85.1418964,25.6159525],[85.1419003,25.6159622],[85.1419094,25.6159816],[85.1419195,25.6160005],[85.1419306,25.6160191],[85.1419426,25.6160371],[85.1419556,25.6160546],[85.1419695,25.6160716],[85.1419842,25.6160879],[85.1419997,25.6161036],[85.1420161,25.6161186],[85.1420386,25.6161374],[85.1420565,25.6161376],[85.14212,25.6161507],[85.1421791,25.6161754],[85.1422312,25.6162108],[85.142271,25.6162237],[85.1423066,25.6162328],[85.1423117,25.6162341],[85.142353,25.616242],[85.1423949,25.6162475],[85.142437,25.6162504],[85.1424793,25.6162507],[85.1425215,25.6162485],[85.1425634,25.6162437],[85.1426049,25.6162364],[85.1426458,25.6162267],[85.1426858,25.6162144],[85.142699,25.6162095],[85.1427249,25.6161998],[85.1427614,25.6161829],[85.1427916,25.6161696],[85.1429362,25.6161058],[85.1431065,25.6160268],[85.1431898,25.6159942],[85.1431951,25.6159921],[85.143388,25.6159132],[85.1435401,25.6158527],[85.143541,25.6158524],[85.1435434,25.6158514],[85.1437351,25.6157751],[85.1439042,25.6157108],[85.1439507,25.6156931],[85.1440718,25.6156471],[85.1440948,25.6156383],[85.1441857,25.6156054],[85.1444664,25.6155038],[85.1446742,25.6154285],[85.1447634,25.6153962],[85.1447353,25.6153916],[85.1447326,25.6153912],[85.1446779,25.6153763],[85.1446254,25.6153557],[85.1445759,25.6153299],[85.14453,25.615299],[85.1444884,25.6152636],[85.1444515,25.615224],[85.1444198,25.6151809],[85.1443939,25.6151348],[85.1443739,25.6150863],[85.1443613,25.6150398],[85.1443304,25.6149555],[85.1443211,25.6149303],[85.1442366,25.614685],[85.1442011,25.6145821],[85.1441507,25.6144361],[85.1439995,25.6140046],[85.1439433,25.6138407],[85.1439407,25.6138333],[85.1438663,25.6136164],[85.1437485,25.6132888],[85.1437476,25.6132863],[85.1437341,25.6132488],[85.1436351,25.6129623],[85.1435937,25.6128423],[85.1434602,25.6124657],[85.1434788,25.6124612],[85.1440251,25.6123297],[85.144132,25.612304],[85.1442608,25.612273],[85.1442715,25.6122699],[85.1442725,25.6122696],[85.1442735,25.6122693],[85.1442744,25.6122689],[85.1442754,25.6122685],[85.1442763,25.6122681],[85.1442772,25.6122677],[85.1442781,25.6122672],[85.144279,25.6122667],[85.1442798,25.6122662],[85.1442807,25.6122656],[85.1442815,25.612265],[85.1442823,25.6122644],[85.144283,25.6122638],[85.1442838,25.6122632],[85.1442845,25.6122625],[85.1442852,25.6122618],[85.1442858,25.6122611],[85.1442865,25.6122603],[85.1442871,25.6122596],[85.1442876,25.6122588],[85.1442882,25.612258],[85.1442887,25.6122572],[85.1442892,25.6122564],[85.1442896,25.6122555],[85.1442901,25.6122547],[85.1442904,25.6122538],[85.1442908,25.6122529],[85.1442911,25.6122521],[85.1442914,25.6122512],[85.1442917,25.6122503],[85.1442919,25.6122493],[85.1442921,25.6122484],[85.1442922,25.6122475],[85.1442923,25.6122466],[85.1442924,25.6122456],[85.1442924,25.6122447],[85.1442925,25.6122438],[85.1442924,25.6122428],[85.1442924,25.6122419],[85.1442918,25.6122356],[85.1442838,25.6121535],[85.1442609,25.6119182],[85.1442559,25.6118706],[85.1442551,25.6118628],[85.144255,25.6118619],[85.144255,25.6118609],[85.144255,25.61186],[85.144255,25.611859],[85.1442551,25.6118581],[85.1442552,25.6118572],[85.1442553,25.6118562],[85.1442555,25.6118553],[85.1442557,25.6118544],[85.1442559,25.6118535],[85.1442562,25.6118525],[85.1442565,25.6118516],[85.1442568,25.6118508],[85.1442572,25.6118499],[85.1442576,25.611849],[85.1442581,25.6118482],[85.1442586,25.6118473],[85.1442591,25.6118465],[85.1442596,25.6118457],[85.1442602,25.6118449],[85.1442608,25.6118441],[85.1442614,25.6118434],[85.1442621,25.6118427],[85.1442628,25.611842],[85.1442635,25.6118413],[85.1442642,25.6118406],[85.144265,25.61184],[85.1442658,25.6118394],[85.1442666,25.6118388],[85.1442674,25.6118382],[85.1442683,25.6118377],[85.1442692,25.6118372],[85.1442701,25.6118367],[85.144271,25.6118362],[85.1442719,25.6118358],[85.1443076,25.6118202],[85.1444583,25.6117675],[85.1446049,25.6117174],[85.1447538,25.6116695],[85.1448401,25.6116554],[85.1449934,25.6116335],[85.1451369,25.6116267],[85.1451631,25.6116315],[85.145164,25.6116317],[85.145165,25.6116319],[85.145166,25.6116322],[85.145167,25.6116325],[85.1451679,25.6116328],[85.1451688,25.6116331],[85.1451698,25.6116335],[85.1451707,25.6116339],[85.1451716,25.6116343],[85.1451724,25.6116348],[85.1451733,25.6116353],[85.1451741,25.6116358],[85.145175,25.6116363],[85.1451758,25.6116369],[85.1451765,25.6116374],[85.1451773,25.611638],[85.145178,25.6116387],[85.1451787,25.6116393],[85.1451794,25.61164],[85.1451801,25.6116407],[85.1451807,25.6116414],[85.1451813,25.6116421],[85.1451819,25.6116429],[85.1452125,25.611684],[85.145273,25.6117952],[85.1452978,25.6118264],[85.1453184,25.6118524],[85.1453465,25.6118266],[85.1453672,25.6118077],[85.1454116,25.6117732],[85.14542,25.6117666],[85.1453646,25.6116949],[85.1453095,25.6116166],[85.1453248,25.6115998],[85.1453824,25.6115539],[85.1454278,25.6115178],[85.1454282,25.6113615],[85.1453101,25.6113582],[85.1453052,25.61128],[85.145287,25.6112797],[85.1452692,25.6112795],[85.1452332,25.611211],[85.145242,25.6109673],[85.1452424,25.6109549],[85.1452554,25.6107748],[85.1452242,25.6104831],[85.1452188,25.6104327],[85.1452399,25.6104294],[85.1453346,25.6104143],[85.1453493,25.6104123],[85.1456473,25.6103723],[85.1456892,25.6103696],[85.1456893,25.6103696],[85.1459042,25.6103556],[85.1461708,25.6103447],[85.1462427,25.6103342],[85.1462562,25.6103322],[85.1463798,25.61031],[85.1464537,25.6103028],[85.1465758,25.6102898],[85.1466799,25.6102786],[85.1469054,25.6102549],[85.1470515,25.6102395],[85.1470979,25.6102352],[85.147173,25.6102283],[85.1471876,25.6102256],[85.1472315,25.6102177],[85.1473132,25.6102029],[85.1473344,25.6101972],[85.1473257,25.6101665],[85.1473234,25.6101582],[85.1472791,25.6099861],[85.1472132,25.6097138],[85.1471979,25.6096512],[85.1471353,25.6093946],[85.1471193,25.6093284],[85.1471187,25.6093257],[85.1471121,25.6092797],[85.1471166,25.6092505],[85.1471212,25.6092293],[85.1471237,25.6092182],[85.147126,25.6092077],[85.1471156,25.6092033],[85.1471131,25.6092023],[85.1470415,25.6091796],[85.1470007,25.6091727],[85.146995,25.6091717],[85.146891,25.6091538],[85.1464206,25.6090975],[85.1461898,25.6090699],[85.1460638,25.6090536],[85.1460437,25.609051],[85.145716,25.6090086],[85.1456961,25.609006],[85.1455486,25.608987],[85.1454187,25.6089686],[85.1453634,25.6089579],[85.1452755,25.6089375],[85.1452641,25.6089339],[85.1452379,25.6089248],[85.1451763,25.6089033],[85.1450775,25.6088623],[85.1450693,25.6088579],[85.1449811,25.6088104],[85.1447524,25.608656],[85.1447293,25.6086404],[85.1446236,25.6085615],[85.1445557,25.6085109],[85.1443878,25.6083857],[85.1443439,25.6083481],[85.1439488,25.6080092],[85.1438076,25.6078782],[85.1437079,25.6077858],[85.1434534,25.6075387],[85.1434427,25.6075284],[85.1431941,25.6072845],[85.1431829,25.6072735],[85.1430701,25.6071822],[85.1429694,25.6071131],[85.1429387,25.6070897],[85.1429383,25.6070894],[85.1429046,25.6070646],[85.1428837,25.6070492],[85.142579,25.6068606],[85.1422059,25.6066905],[85.1420744,25.6066305],[85.141878,25.6065468],[85.1418762,25.606546],[85.1418399,25.6065305],[85.141817,25.606519],[85.1417946,25.6065069],[85.1417727,25.606494],[85.1417512,25.6064805],[85.1417303,25.6064664],[85.1417099,25.6064516],[85.1417065,25.6064489],[85.1416901,25.6064362],[85.1416708,25.6064202],[85.1416522,25.6064036],[85.1416342,25.6063865],[85.1416168,25.6063688],[85.1416001,25.6063506],[85.141584,25.6063319],[85.1415687,25.6063128],[85.1415541,25.6062931],[85.1415035,25.6062359],[85.141462,25.6061812],[85.1414496,25.6061634],[85.1414575,25.6060998],[85.141487,25.6059327],[85.1415114,25.6057883],[85.1415274,25.6056764],[85.1415504,25.6055853],[85.1415712,25.6054059],[85.1416144,25.6051714],[85.1416463,25.6049726],[85.1416662,25.6048488],[85.1417012,25.6046827],[85.1417362,25.6045166],[85.1418158,25.6042389],[85.1417928,25.6042349],[85.1416906,25.6042172]]]}},{"type":"Feature","properties":{"ward":"29","ward_title":"Ward 29","area":"Bahadurpur / Nand Lal Chhapra / Bazar Samiti West","short_area":"Bahadurpur","ac_no":"182","ac_name":"Bankipur","ac_booths":26,"ac_booth_range":"196-235","ac_voters":23404,"total_ward_booths":"26","total_ward_voters":"22,971","center_lat":25.59443065,"center_lon":85.13433705530909,"label_lat":25.59459479188505,"label_lon":85.13433705530909,"has_leader":false,"leader_line":null,"color":"#3b82f6","color_dark":"#1d4ed8"},"geometry":{"type":"Polygon","coordinates":[[[85.1441403,25.5961451],[85.1441137,25.596141],[85.144075,25.596138],[85.1439743,25.5961305],[85.143828,25.596139],[85.1437804,25.5961417],[85.1436123,25.5961514],[85.1434005,25.5961636],[85.1433681,25.5961654],[85.1432453,25.5961725],[85.1432332,25.5961732],[85.1430938,25.5961812],[85.143063,25.5961818],[85.1430223,25.5961827],[85.142922,25.5961847],[85.1428881,25.5961854],[85.1428802,25.5961856],[85.1428328,25.5961866],[85.1428278,25.5961867],[85.1427586,25.5961747],[85.1427049,25.5961653],[85.1426705,25.5961594],[85.1425429,25.5961372],[85.1424279,25.5961248],[85.1424278,25.5961248],[85.1423067,25.5961117],[85.1421831,25.5960983],[85.1421796,25.596098],[85.1421619,25.5960961],[85.1421618,25.596096],[85.1420399,25.5960829],[85.1420091,25.5960794],[85.1419077,25.5960678],[85.1418079,25.5960563],[85.1417965,25.596055],[85.1417938,25.5960547],[85.1415659,25.5960109],[85.1415641,25.5960104],[85.141562,25.5960098],[85.1415554,25.596008],[85.1414048,25.5959673],[85.1414047,25.5959673],[85.1413443,25.595951],[85.1411021,25.5958778],[85.141102,25.5958777],[85.1410673,25.5958673],[85.1409215,25.5958232],[85.1408054,25.5957963],[85.1407806,25.5957905],[85.1407742,25.595789],[85.1407585,25.5957854],[85.1406273,25.595755],[85.1404259,25.5957082],[85.1403752,25.595699],[85.1403439,25.5956933],[85.1401746,25.5956624],[85.1401715,25.5956618],[85.1401701,25.5956616],[85.1401098,25.5956505],[85.1400257,25.5956352],[85.1400219,25.5956345],[85.140011,25.5956303],[85.1399193,25.595595],[85.139877,25.5955787],[85.1397135,25.5955157],[85.1396718,25.5954996],[85.1396422,25.5954938],[85.139542,25.5954743],[85.1395277,25.5954743],[85.1393157,25.5954745],[85.1392859,25.5954745],[85.1392855,25.5954746],[85.1392841,25.5954747],[85.1392097,25.5954811],[85.1391226,25.5954887],[85.1389594,25.5955085],[85.1388584,25.5955209],[85.138791,25.5955252],[85.1386513,25.5955343],[85.1385651,25.5955399],[85.1384748,25.5955458],[85.1384697,25.5955461],[85.1383541,25.5955508],[85.138354,25.5955508],[85.1382613,25.5955542],[85.1381148,25.5955595],[85.1381103,25.5955596],[85.1380877,25.5955604],[85.1379504,25.5955654],[85.1379503,25.5955654],[85.1379273,25.5955662],[85.1377338,25.5955732],[85.1376795,25.5955752],[85.137536,25.5955804],[85.1375118,25.5955812],[85.1373797,25.595586],[85.1372885,25.5955893],[85.1372126,25.595592],[85.1369818,25.5956004],[85.1369216,25.5956025],[85.1368581,25.5956026],[85.136858,25.5956026],[85.1368119,25.5954726],[85.136805,25.5954402],[85.1368198,25.5953984],[85.1368206,25.5953464],[85.1368033,25.5952675],[85.1367865,25.5952064],[85.1367039,25.5949048],[85.1366261,25.5946209],[85.1365948,25.5944988],[85.1364094,25.593777],[85.1363699,25.5936267],[85.1362934,25.5933359],[85.1362475,25.5931613],[85.1361961,25.592966],[85.1361888,25.5929362],[85.1361283,25.5927041],[85.1361283,25.592704],[85.1361089,25.5926293],[85.1360918,25.5925636],[85.1360636,25.5924553],[85.1359719,25.5921283],[85.1359233,25.5919548],[85.135779,25.591431],[85.1357773,25.591425],[85.1357415,25.591293],[85.1356738,25.5910432],[85.1356315,25.5908891],[85.1355315,25.5905251],[85.1353653,25.5899369],[85.1353563,25.5899055],[85.1353212,25.5897824],[85.1352795,25.5896385],[85.1352657,25.589591],[85.1351597,25.5892247],[85.1351461,25.5891778],[85.1350811,25.5889546],[85.1350559,25.5888681],[85.1350153,25.5887441],[85.1349259,25.5884714],[85.1348575,25.5882495],[85.1348289,25.5881567],[85.1347487,25.5878962],[85.1347083,25.5877768],[85.1347083,25.5877767],[85.1347019,25.5877578],[85.1346033,25.5874659],[85.1345354,25.5872451],[85.1345305,25.5872293],[85.1343804,25.5867416],[85.1343084,25.5865081],[85.1341113,25.585869],[85.1339497,25.5853265],[85.133949,25.5853238],[85.1339058,25.5851783],[85.1338503,25.584991],[85.1338186,25.5848838],[85.1338133,25.584868],[85.1338075,25.5848593],[85.1338038,25.5848538],[85.1337907,25.5848423],[85.1337748,25.5848341],[85.1337601,25.5848306],[85.1337583,25.5848301],[85.1337582,25.5848301],[85.1337571,25.5848299],[85.1337545,25.5848298],[85.1337541,25.5848298],[85.1337388,25.5848297],[85.1337304,25.5848316],[85.1337303,25.584831],[85.1337299,25.5848296],[85.1337228,25.5848006],[85.1337202,25.5848006],[85.1337198,25.5848006],[85.13335,25.5848013],[85.1333498,25.5848013],[85.1333381,25.5847987],[85.1333261,25.5847967],[85.133314,25.5847956],[85.1333113,25.5847956],[85.1333109,25.5847956],[85.1332841,25.5847953],[85.1332839,25.5847953],[85.1332837,25.5847953],[85.1332836,25.5847953],[85.1319417,25.5847329],[85.1303745,25.5846696],[85.1299098,25.5846508],[85.1296142,25.5846389],[85.1296138,25.5846388],[85.1293644,25.5846333],[85.129338,25.5846327],[85.1293028,25.5846319],[85.1293013,25.5846318],[85.1292163,25.5846299],[85.1292024,25.5846295],[85.1292023,25.5846295],[85.1292023,25.5846296],[85.1292208,25.5846795],[85.1292263,25.5847393],[85.129234,25.584822],[85.1292456,25.5848696],[85.129252,25.584896],[85.1292667,25.5849563],[85.129272,25.584978],[85.1292837,25.5850261],[85.1292957,25.5850753],[85.1293325,25.5851872],[85.1294247,25.5854678],[85.1294484,25.5855399],[85.1294529,25.5855536],[85.1296132,25.5860102],[85.1296292,25.586056],[85.1297257,25.5863386],[85.1298177,25.5866085],[85.1298454,25.5867022],[85.1298847,25.5868354],[85.1299798,25.5871576],[85.1301622,25.5877641],[85.1301643,25.5877711],[85.1302074,25.5879142],[85.1302418,25.5880238],[85.130318,25.5882661],[85.1303197,25.5882716],[85.1304042,25.5885407],[85.1304116,25.5885658],[85.1304385,25.5886576],[85.1304466,25.5886852],[85.1305799,25.5891398],[85.1306201,25.5892769],[85.1307101,25.5895885],[85.1307825,25.5898396],[85.1308409,25.5900419],[85.1308493,25.5900708],[85.1308804,25.5901966],[85.1309803,25.5906001],[85.1310273,25.5907621],[85.1311609,25.5912225],[85.1311674,25.5912435],[85.1312331,25.5914561],[85.1312844,25.5916221],[85.1312952,25.5916571],[85.1312955,25.591658],[85.1314363,25.592151],[85.1314363,25.5921511],[85.1314741,25.5922836],[85.1315213,25.5924522],[85.131529,25.5924796],[85.1315611,25.5925942],[85.1316915,25.5930597],[85.1317136,25.5931366],[85.1317591,25.5932947],[85.1317816,25.593373],[85.1318075,25.5934631],[85.1318612,25.5936393],[85.1318638,25.5936477],[85.1319245,25.5938471],[85.1319916,25.5940673],[85.1320771,25.5943625],[85.1321625,25.5946577],[85.1321844,25.594731],[85.1322385,25.5949123],[85.1323094,25.5951496],[85.1324554,25.5956304],[85.1324555,25.5956325],[85.1324573,25.5956671],[85.1325166,25.5958746],[85.1325186,25.5958817],[85.1325673,25.5960523],[85.1326136,25.5962145],[85.13267,25.596412],[85.1327142,25.5965667],[85.1328168,25.5969263],[85.132866,25.5970985],[85.132949,25.5973616],[85.1331528,25.5980069],[85.1331577,25.5980226],[85.1331999,25.5981564],[85.1332187,25.5982311],[85.1332853,25.5984973],[85.1332869,25.5985248],[85.1332842,25.5985498],[85.1332839,25.5985722],[85.1332801,25.5985897],[85.1332565,25.5986376],[85.133256,25.5986703],[85.1333158,25.5988671],[85.1333847,25.5990941],[85.1333863,25.5990994],[85.1334073,25.5991683],[85.1334241,25.5992843],[85.1334258,25.5993241],[85.1334261,25.5993337],[85.1334263,25.5993432],[85.1334262,25.5993527],[85.133426,25.5993567],[85.1334258,25.5993623],[85.1334254,25.5993698],[85.1334252,25.5993718],[85.1334244,25.5993813],[85.1334234,25.5993908],[85.1334221,25.5994003],[85.1334206,25.5994097],[85.1334188,25.5994191],[85.1334168,25.5994285],[85.1334146,25.5994378],[85.1333893,25.5994695],[85.1334603,25.5996253],[85.1335413,25.5998933],[85.1335434,25.5999004],[85.1337057,25.6005106],[85.1337294,25.6005807],[85.1338019,25.6007873],[85.1338345,25.6008899],[85.1338618,25.6009758],[85.1338742,25.601015],[85.1338964,25.6010849],[85.1339049,25.6010866],[85.1339497,25.6010957],[85.1339582,25.6010974],[85.133931,25.6011613],[85.133911,25.6012085],[85.1337749,25.6015284],[85.1337713,25.6015369],[85.1337606,25.601562],[85.133757,25.6015705],[85.1336926,25.6017219],[85.1335813,25.6019695],[85.1336557,25.6019854],[85.1337138,25.6019978],[85.1338764,25.6020459],[85.1346822,25.6022847],[85.1358756,25.6026506],[85.1371508,25.6031006],[85.1371725,25.6031083],[85.1371801,25.6031109],[85.1374179,25.6031956],[85.1379022,25.603368],[85.1380357,25.6034154],[85.1384198,25.6035521],[85.1386738,25.6036424],[85.1388139,25.6036903],[85.1389905,25.6037506],[85.139203,25.6038232],[85.1393154,25.6038553],[85.1394706,25.6038998],[85.1397226,25.603957],[85.1397395,25.6039608],[85.1403242,25.6040908],[85.1409095,25.6041794],[85.141239,25.6042095],[85.1414425,25.6042015],[85.1415705,25.6041964],[85.14169,25.6042171],[85.1417156,25.6040654],[85.1417161,25.6040628],[85.1417172,25.6040558],[85.1417462,25.6038954],[85.1417507,25.6038709],[85.1417551,25.6038463],[85.1417792,25.603713],[85.1417794,25.6037115],[85.141829,25.6034618],[85.1418442,25.6033849],[85.1418639,25.6032753],[85.1418826,25.6031715],[85.1418971,25.603082],[85.1419068,25.6030225],[85.1419346,25.6028416],[85.1419616,25.6027659],[85.1419645,25.6027578],[85.1420004,25.6026788],[85.1420293,25.602633],[85.142052,25.6025956],[85.1420859,25.6025556],[85.1421195,25.6025226],[85.142162,25.6024809],[85.1421917,25.6024516],[85.1422497,25.6023946],[85.1422821,25.6024003],[85.1422885,25.6024014],[85.1425223,25.6024289],[85.1426963,25.6024581],[85.1428592,25.6024855],[85.1431717,25.6025369],[85.1433145,25.6025605],[85.1435292,25.602595],[85.1435294,25.602595],[85.143626,25.6026105],[85.1437451,25.6026285],[85.143752,25.6026295],[85.1439202,25.6026549],[85.1441927,25.6026983],[85.1445769,25.6027386],[85.1447756,25.6027595],[85.1449732,25.6027815],[85.144974,25.6027634],[85.1449775,25.6026839],[85.1449582,25.6024983],[85.1449132,25.6020657],[85.1449091,25.6020458],[85.1448807,25.6019063],[85.1448696,25.6018518],[85.144867,25.6018332],[85.1448653,25.6018209],[85.1448371,25.6016161],[85.1448212,25.6015001],[85.1447894,25.6012783],[85.1447824,25.601213],[85.1447719,25.6011169],[85.144768,25.6010807],[85.1447674,25.6010748],[85.144765,25.6010529],[85.1447584,25.6009933],[85.144752,25.6009359],[85.1447406,25.600833],[85.1447377,25.6008075],[85.1447114,25.6005628],[85.1447024,25.6004792],[85.1446995,25.600455],[85.1446713,25.6002159],[85.1446693,25.6001993],[85.1446658,25.6001705],[85.1446591,25.6001155],[85.1446443,25.5999927],[85.1446415,25.5999695],[85.1446407,25.5999632],[85.1446336,25.5999043],[85.1446142,25.5997704],[85.1446127,25.5997604],[85.1445961,25.5996462],[85.1445755,25.5995005],[85.1445551,25.5993567],[85.1445484,25.5993059],[85.1445457,25.599285],[85.1445251,25.5991285],[85.1445208,25.5990961],[85.1445208,25.599096],[85.1445079,25.5990055],[85.1444901,25.5988807],[85.1444881,25.5988412],[85.1444814,25.5987087],[85.1444766,25.5986151],[85.1444481,25.5983631],[85.1444429,25.5983173],[85.1444401,25.5982927],[85.1444304,25.5982191],[85.14443,25.598216],[85.1444209,25.5981469],[85.144416,25.5981091],[85.1444082,25.5980501],[85.1444012,25.5979967],[85.1443891,25.5978338],[85.1443877,25.5978149],[85.144363,25.5976126],[85.1443579,25.597579],[85.1443466,25.5975042],[85.1443326,25.5974116],[85.1443275,25.5973797],[85.1442956,25.5971809],[85.1442956,25.5971805],[85.1442853,25.5970329],[85.1442803,25.5969619],[85.1442783,25.5969417],[85.1442576,25.5967321],[85.14425,25.5966988],[85.1442464,25.5966829],[85.1442236,25.5965826],[85.1442193,25.596564],[85.1442051,25.5964453],[85.1441947,25.5963218],[85.144164,25.5961488],[85.1441455,25.5961459],[85.1441403,25.5961451]]]}},{"type":"Feature","properties":{"ward":"30","ward_title":"Ward 30","area":"Bahadurpur / Sandalpur West / Kumhrar Border","short_area":"Sandalpur (W)","ac_no":"182","ac_name":"Bankipur","ac_booths":26,"ac_booth_range":"236-355","ac_voters":24659,"total_ward_booths":"30","total_ward_voters":"23,923","center_lat":25.5826059,"center_lon":85.13014012107323,"label_lat":25.581884324202573,"label_lon":85.13014012107323,"has_leader":false,"leader_line":null,"color":"#3b82f6","color_dark":"#1d4ed8"},"geometry":{"type":"Polygon","coordinates":[[[85.142266,25.5757224],[85.142266,25.5757223],[85.1422704,25.5756724],[85.1422777,25.5755911],[85.1422763,25.575527],[85.1422753,25.5754756],[85.1422592,25.5754771],[85.1421274,25.5752724],[85.1418716,25.5752125],[85.1415624,25.5751936],[85.1413362,25.575134],[85.1411096,25.5750983],[85.1408368,25.5750709],[85.1407151,25.5750664],[85.1407125,25.5750186],[85.140715,25.5748574],[85.1407093,25.5748036],[85.1406998,25.5747736],[85.1406936,25.5747497],[85.1406839,25.5747376],[85.1406545,25.5747223],[85.1405988,25.5747067],[85.140533,25.5747028],[85.1402404,25.5746812],[85.1401943,25.5746806],[85.1401321,25.5746589],[85.1400666,25.5746402],[85.1400142,25.5746216],[85.1399847,25.5746152],[85.1399452,25.5746147],[85.1399155,25.5746174],[85.1398724,25.5746347],[85.1397892,25.5746934],[85.1397462,25.5747078],[85.1396735,25.5747247],[85.1396307,25.5747302],[85.1394989,25.5747375],[85.1393836,25.574739],[85.139159,25.5747869],[85.1390233,25.5748359],[85.1387854,25.5748926],[85.1386502,25.5749088],[85.1384919,25.5749277],[85.1383339,25.5749257],[85.138235,25.5749334],[85.1380536,25.5749609],[85.1380351,25.57488],[85.1380198,25.5748022],[85.1379915,25.5747183],[85.1379726,25.5746643],[85.1379675,25.5745687],[85.1379555,25.5744879],[85.1379429,25.5744519],[85.1379169,25.5744307],[85.1378842,25.5744213],[85.1378481,25.5744119],[85.1376173,25.5744358],[85.1373696,25.5744894],[85.1370188,25.5746103],[85.1369891,25.5746159],[85.1369592,25.5746275],[85.136662,25.5746924],[85.1365664,25.5747001],[85.1362798,25.5747144],[85.1359893,25.5747644],[85.1356664,25.5747872],[85.1353927,25.5748165],[85.1352636,25.5748597],[85.1350856,25.5748753],[85.1349238,25.5749061],[85.1346262,25.5749949],[85.1343375,25.5750585],[85.1342743,25.5750576],[85.1341793,25.5750708],[85.1340761,25.5751053],[85.1339087,25.5751963],[85.1338058,25.5752093],[85.133687,25.5752293],[85.133386,25.5752828],[85.133322,25.5753321],[85.1331609,25.5755307],[85.1329765,25.5757075],[85.1327895,25.5755331],[85.1327043,25.5754246],[85.1326652,25.5754026],[85.1325862,25.5754015],[85.132341,25.5754199],[85.1318654,25.5755213],[85.1317863,25.5755275],[85.1317073,25.5755265],[85.1316596,25.5755474],[85.1316197,25.5755683],[85.1315807,25.5755392],[85.1315253,25.5755456],[85.1314616,25.5755735],[85.1313984,25.5755727],[85.1313431,25.575572],[85.1313038,25.5755643],[85.1312273,25.5753985],[85.131144,25.5751682],[85.1309947,25.5746074],[85.1308362,25.5746412],[85.1308285,25.5746267],[85.1305992,25.5746381],[85.1305251,25.5743219],[85.1302468,25.5744402],[85.1301776,25.5743175],[85.1300027,25.5743869],[85.129965,25.5742717],[85.1297951,25.5740188],[85.1298035,25.5739831],[85.12982,25.5739403],[85.1298295,25.5738401],[85.1298309,25.573747],[85.1297736,25.5733664],[85.1297351,25.5733015],[85.1292651,25.5735534],[85.1289627,25.5736929],[85.1288837,25.5736918],[85.1286689,25.5737894],[85.1284374,25.5739441],[85.1282467,25.5740133],[85.1280962,25.57404],[85.1279697,25.5740456],[85.1278749,25.5740444],[85.1277837,25.5740661],[85.1277831,25.5740685],[85.127782,25.5740789],[85.1277806,25.5740968],[85.1277828,25.5741185],[85.1277842,25.57413],[85.1277895,25.5741768],[85.1277925,25.5742045],[85.1277978,25.5742389],[85.1278007,25.5742574],[85.1278089,25.574312],[85.1278193,25.5743808],[85.1278298,25.5744509],[85.1278311,25.574459],[85.127837,25.5744855],[85.1278444,25.5745181],[85.1278596,25.5745852],[85.1278619,25.5745955],[85.1278651,25.5746098],[85.1278666,25.5746182],[85.1278679,25.5746233],[85.1278721,25.574639],[85.1278881,25.5746942],[85.1278937,25.5747137],[85.1278955,25.5747187],[85.1279072,25.5747444],[85.1279123,25.5747549],[85.1279214,25.574781],[85.127929,25.5748049],[85.1279294,25.5748103],[85.1279303,25.5748204],[85.1279324,25.5748338],[85.1279436,25.5749085],[85.1279441,25.5749206],[85.1279442,25.5749292],[85.1279433,25.5749335],[85.1279417,25.5749415],[85.1279378,25.5749472],[85.1279341,25.5749508],[85.1278995,25.5749706],[85.1278381,25.5750059],[85.1277526,25.5750557],[85.1277486,25.5750575],[85.1276982,25.5750726],[85.1276664,25.5750819],[85.1275416,25.5751185],[85.1275115,25.5751273],[85.1274777,25.5751315],[85.1273889,25.575142],[85.1273323,25.5751487],[85.1272487,25.5751585],[85.1272179,25.5751621],[85.1272128,25.5751628],[85.1271709,25.5751625],[85.127115,25.5751627],[85.12702,25.5751623],[85.1269889,25.5751624],[85.1268875,25.575162],[85.1268027,25.5751619],[85.1267624,25.5751618],[85.1266929,25.5751617],[85.1266434,25.5751632],[85.1265983,25.5751645],[85.1265617,25.5751657],[85.126474,25.5751682],[85.1263854,25.5751711],[85.1263623,25.5751715],[85.1263573,25.5751538],[85.1263373,25.5750845],[85.1263104,25.5749947],[85.1262961,25.5749486],[85.1262837,25.5749081],[85.1262765,25.5748854],[85.1262645,25.5748429],[85.1262493,25.5747884],[85.1262367,25.5747443],[85.1262116,25.5746614],[85.1261913,25.5745947],[85.1261791,25.5745542],[85.126163,25.5745019],[85.1261473,25.5744494],[85.1261285,25.5743852],[85.126113,25.5743305],[85.1260948,25.5742675],[85.1260698,25.5741813],[85.1260401,25.5740785],[85.1260336,25.5740564],[85.1260189,25.5740054],[85.1260051,25.5739611],[85.1259725,25.5738544],[85.1259305,25.5737171],[85.1258911,25.5735852],[85.1258579,25.573474],[85.1258448,25.5734303],[85.1258163,25.5733356],[85.1257822,25.5732232],[85.1257493,25.5731138],[85.125714,25.5729942],[85.1256758,25.5728669],[85.1256518,25.5727838],[85.1255066,25.5728068],[85.1253112,25.5728383],[85.1250687,25.572877],[85.1248812,25.5729068],[85.1247086,25.5729375],[85.1245264,25.5729707],[85.1245194,25.5729512],[85.1244964,25.5728788],[85.1244828,25.5728368],[85.1244416,25.5728478],[85.124413,25.5728554],[85.1243946,25.5728601],[85.1243806,25.5728633],[85.1243836,25.5728727],[85.1243862,25.5728805],[85.1243916,25.5728977],[85.1243995,25.5729227],[85.1244062,25.5729439],[85.1244151,25.5729726],[85.1244157,25.5729744],[85.1244205,25.5729827],[85.1244199,25.5729829],[85.1244044,25.5729801],[85.1243917,25.5729795],[85.1243887,25.5729794],[85.1243662,25.5729828],[85.1243244,25.5729891],[85.1243079,25.5729916],[85.1242954,25.5729935],[85.1242841,25.5729948],[85.1242601,25.5729976],[85.12423,25.5730012],[85.1242091,25.5730036],[85.124193,25.5730056],[85.1241514,25.5730112],[85.1241211,25.5730152],[85.1240974,25.5730184],[85.1240584,25.5730237],[85.1240348,25.573027],[85.1240085,25.5730306],[85.1239783,25.5730347],[85.1239483,25.5730381],[85.1239116,25.5730423],[85.1238946,25.5730442],[85.1238431,25.57305],[85.1238052,25.5730543],[85.1237507,25.5730605],[85.1237283,25.573063],[85.1236782,25.5730687],[85.1236179,25.5730757],[85.1235982,25.5730779],[85.1235544,25.5730828],[85.1235233,25.5730864],[85.1234624,25.5730933],[85.1233848,25.573102],[85.1233246,25.5731088],[85.1232443,25.5731179],[85.1232435,25.573099],[85.1232423,25.5730646],[85.1232407,25.5730188],[85.1232395,25.5729871],[85.1232382,25.5729493],[85.1232363,25.5729006],[85.1232345,25.5728538],[85.1232327,25.5728078],[85.1232321,25.5727892],[85.123229,25.5727607],[85.1232241,25.5727166],[85.1232195,25.572676],[85.1232146,25.5726337],[85.123208,25.5725762],[85.1232055,25.5725529],[85.1232014,25.5725168],[85.1231966,25.5724738],[85.12319,25.5724158],[85.123186,25.5723805],[85.1231841,25.572367],[85.1231771,25.5723212],[85.1231719,25.5722901],[85.1231629,25.5722329],[85.1231575,25.5721984],[85.1231489,25.5721675],[85.1231336,25.5721121],[85.123127,25.5720881],[85.1231254,25.5720799],[85.1231199,25.5720478],[85.1231121,25.5720028],[85.1231053,25.5719628],[85.123101,25.5719391],[85.1230994,25.5719331],[85.123095,25.5719224],[85.1230816,25.5718892],[85.1230773,25.5718796],[85.1230576,25.5718581],[85.1230166,25.571813],[85.123009,25.5718047],[85.1230056,25.5718018],[85.1229709,25.5717859],[85.122914,25.5717601],[85.1228768,25.5717438],[85.1228709,25.5717422],[85.1227871,25.5717237],[85.122759,25.5717176],[85.1227531,25.5717174],[85.1226897,25.5717158],[85.1225939,25.5717132],[85.1225303,25.5717116],[85.122521,25.5717115],[85.1224963,25.5717129],[85.1224436,25.5717165],[85.1223814,25.5717206],[85.1223399,25.5717235],[85.1222673,25.5717283],[85.1222264,25.5717312],[85.1222169,25.5717319],[85.1222011,25.5717342],[85.1221367,25.5717442],[85.1220887,25.5717522],[85.1219717,25.5717708],[85.1218972,25.5717826],[85.1218914,25.5717833],[85.1218186,25.5717865],[85.1217774,25.5717883],[85.1216816,25.5717924],[85.1216515,25.5717939],[85.121622,25.5717937],[85.1215175,25.5717928],[85.1213914,25.5717911],[85.1212865,25.57179],[85.1211698,25.5717883],[85.1211055,25.5717875],[85.1210937,25.5717873],[85.1210362,25.5717894],[85.120974,25.5717919],[85.1209308,25.5717936],[85.120883,25.5717954],[85.1208408,25.5717969],[85.1207321,25.5718007],[85.1206404,25.5718041],[85.120617,25.5718054],[85.1205642,25.5718093],[85.1204797,25.5718158],[85.1204126,25.5718208],[85.1203476,25.5718258],[85.1203152,25.5718299],[85.1202439,25.5718396],[85.1201524,25.5718519],[85.1201451,25.5718532],[85.1201381,25.5718551],[85.1200488,25.571884],[85.1199736,25.5719085],[85.1198788,25.571909],[85.1198143,25.5719091],[85.1198099,25.5719089],[85.1197886,25.5719049],[85.119712,25.5718907],[85.119649,25.5718789],[85.1196449,25.5718781],[85.1196408,25.5718783],[85.1196222,25.5718805],[85.1195367,25.5718904],[85.1194582,25.5718993],[85.1193572,25.5719107],[85.1192856,25.5719193],[85.1191732,25.5719329],[85.1191385,25.5719369],[85.1191337,25.5719377],[85.1190801,25.5719571],[85.1189946,25.5719876],[85.1189025,25.57202],[85.1188404,25.5720419],[85.1188269,25.5720462],[85.1187505,25.5720686],[85.1186891,25.5720866],[85.1186204,25.5721069],[85.1186155,25.5721083],[85.1185989,25.5721096],[85.1185777,25.5721112],[85.1184917,25.5721182],[85.1184888,25.5721182],[85.1184633,25.5721143],[85.1183812,25.5721014],[85.1183701,25.5720995],[85.1183201,25.5720825],[85.118291,25.5720725],[85.1182788,25.5720683],[85.118274,25.5720678],[85.1182691,25.5720678],[85.1182643,25.5720683],[85.1182118,25.5720721],[85.1181928,25.5720761],[85.1180281,25.5720991],[85.1179439,25.5721252],[85.1178035,25.5721657],[85.11776,25.5721666],[85.117745,25.5721628],[85.1176732,25.5721096],[85.1176483,25.572087],[85.1174375,25.571873],[85.1172366,25.5716848],[85.1172033,25.5716435],[85.1170849,25.5714865],[85.1169439,25.5713098],[85.1169028,25.5712606],[85.1168745,25.5711979],[85.1168433,25.5711244],[85.1168111,25.5710122],[85.1167512,25.5708001],[85.1167115,25.570662],[85.1166928,25.5705937],[85.1166573,25.5704399],[85.1166418,25.5703687],[85.1166207,25.5703068],[85.1166083,25.5702859],[85.1165743,25.5702417],[85.1165633,25.5702337],[85.1164893,25.5702191],[85.1164523,25.5702122],[85.1162326,25.5702173],[85.115853,25.5702425],[85.1154753,25.5702484],[85.1153153,25.5702241],[85.1150691,25.5701543],[85.1148695,25.5700879],[85.1146973,25.5700305],[85.1146761,25.5700238],[85.114655,25.5700085],[85.1146222,25.5699859],[85.1145995,25.5699748],[85.1141595,25.5698208],[85.114099,25.5698007],[85.1140816,25.5697969],[85.1138947,25.5697802],[85.1138483,25.5697674],[85.1138231,25.5697586],[85.1137807,25.5697347],[85.1137409,25.5697109],[85.1137259,25.5697018],[85.1136813,25.5696923],[85.1135362,25.5696653],[85.1132982,25.5696491],[85.1129738,25.5696348],[85.112935,25.5696325],[85.1128882,25.5696343],[85.1126385,25.5696513],[85.11245,25.5696626],[85.112427,25.5696635],[85.1122045,25.5696571],[85.1120571,25.569654],[85.1117937,25.5696578],[85.1117582,25.5696585],[85.111675,25.5696729],[85.1115231,25.5697008],[85.1113883,25.5697349],[85.1112548,25.5697702],[85.1111544,25.5697862],[85.1109934,25.5698122],[85.1109393,25.5698205],[85.1109365,25.5698206],[85.1109344,25.569886],[85.1109333,25.569887],[85.1109584,25.569936],[85.1109861,25.5699899],[85.111012,25.5700899],[85.1110762,25.5702473],[85.1110771,25.5702492],[85.1110959,25.5702395],[85.1110949,25.5702504],[85.1110951,25.5702555],[85.1110959,25.5702728],[85.1111007,25.570296],[85.1111104,25.5703365],[85.1111115,25.5703415],[85.111115,25.5703572],[85.1111307,25.5703887],[85.111142,25.5704102],[85.1111774,25.5704777],[85.1112154,25.5705514],[85.1112532,25.5706242],[85.1112997,25.5707136],[85.1113466,25.5708045],[85.1113893,25.5708846],[85.1114365,25.5709715],[85.1114794,25.5710501],[85.1115232,25.5711322],[85.1115679,25.5712137],[85.1116124,25.5712958],[85.1116185,25.5713071],[85.1116253,25.5713394],[85.1116252,25.5713749],[85.1116217,25.5714172],[85.1116227,25.5714298],[85.1116266,25.5714395],[85.1116279,25.5714427],[85.1116397,25.5714579],[85.1116401,25.5714584],[85.1116414,25.5714603],[85.1116626,25.571489],[85.1117441,25.5715969],[85.1118276,25.5717057],[85.1118312,25.571711],[85.1118382,25.5717213],[85.1118612,25.5717994],[85.1118809,25.5718826],[85.1118931,25.5719339],[85.1118948,25.5719407],[85.1119002,25.5719637],[85.1119112,25.5719976],[85.1119145,25.5720076],[85.1119391,25.572083],[85.1119577,25.5721402],[85.112048,25.5723475],[85.1120761,25.5724582],[85.1120925,25.5725227],[85.1120943,25.5725297],[85.1120966,25.5725367],[85.1121215,25.5726138],[85.1121748,25.5727784],[85.1122422,25.57299],[85.1122676,25.5730698],[85.1123326,25.5733836],[85.1123482,25.5734589],[85.1123596,25.5735087],[85.1123714,25.5735603],[85.1123762,25.5736326],[85.1123751,25.5737663],[85.112388,25.5738351],[85.1124039,25.57391],[85.1124501,25.5739905],[85.1124966,25.5740576],[85.1125626,25.5741372],[85.112612,25.5741888],[85.1126906,25.5742707],[85.1128894,25.5744758],[85.1129383,25.5745295],[85.1130086,25.5746067],[85.1130416,25.5746597],[85.1130847,25.5747421],[85.1131564,25.5749409],[85.1131632,25.5749571],[85.1131759,25.5749875],[85.1131759,25.5749876],[85.1131938,25.5750118],[85.1132269,25.5750516],[85.1133682,25.5751633],[85.1133931,25.5751865],[85.1134276,25.5752186],[85.113453,25.5752423],[85.1134729,25.5752697],[85.1134732,25.5752701],[85.1135397,25.5753855],[85.113561,25.5754224],[85.1136722,25.5755941],[85.1136734,25.5755959],[85.1136764,25.5756006],[85.1137958,25.5757851],[85.1138549,25.5759015],[85.1138617,25.5759151],[85.1138818,25.5759448],[85.113895,25.5759521],[85.1138959,25.5759522],[85.1139151,25.5759535],[85.1139418,25.5759509],[85.1139453,25.5759506],[85.1139626,25.5759446],[85.113973,25.575941],[85.1139875,25.5759344],[85.1139919,25.5759323],[85.1140076,25.575925],[85.1140133,25.5759218],[85.1140759,25.5758862],[85.1140948,25.5758755],[85.1141635,25.5758369],[85.1141861,25.5758249],[85.1142719,25.5757901],[85.1143693,25.5757522],[85.1144069,25.5757395],[85.1144345,25.5757298],[85.1144593,25.575717],[85.1145091,25.5758234],[85.1145449,25.5759031],[85.1145549,25.5759254],[85.1146895,25.5762102],[85.1147246,25.5762843],[85.1147339,25.5763008],[85.1148397,25.5764882],[85.1148757,25.5765513],[85.1149341,25.5766818],[85.11499,25.5768153],[85.1150005,25.5768451],[85.1150047,25.5768647],[85.1150111,25.5768936],[85.1150132,25.576975],[85.1150219,25.577074],[85.1150336,25.5771267],[85.1150389,25.5771494],[85.1151221,25.5772977],[85.1152961,25.5775952],[85.1153083,25.577614],[85.1153641,25.5777004],[85.1154977,25.5779196],[85.1155589,25.5780202],[85.1155919,25.5780674],[85.1156228,25.5781116],[85.1156567,25.5781601],[85.1157443,25.5782697],[85.1159835,25.5785611],[85.1162155,25.5788264],[85.1163955,25.5790333],[85.1165321,25.5792026],[85.1165374,25.5792098],[85.116555,25.579234],[85.1165677,25.5792453],[85.1165819,25.5792529],[85.1165863,25.5792552],[85.116595,25.5792571],[85.1166017,25.5792584],[85.1166087,25.5792599],[85.1166402,25.5792637],[85.1166555,25.5792658],[85.1166625,25.5792668],[85.1166773,25.5792688],[85.1166894,25.5792695],[85.1167464,25.579273],[85.116766,25.5792742],[85.1167423,25.5794091],[85.1167028,25.5796631],[85.1166884,25.5797578],[85.116687,25.5797674],[85.1166727,25.5798616],[85.1166723,25.5799556],[85.1166767,25.5799877],[85.1166803,25.5800042],[85.1166888,25.5800238],[85.1168263,25.5802733],[85.1169999,25.5805782],[85.1170342,25.5806455],[85.1170412,25.5806591],[85.1171056,25.5807855],[85.1171255,25.5808201],[85.1171362,25.5808386],[85.1172733,25.5810766],[85.1173357,25.5811935],[85.1173357,25.5811936],[85.1173495,25.5812193],[85.1173951,25.5813046],[85.1175123,25.581509],[85.117579,25.5816322],[85.1176836,25.5818253],[85.117787,25.5820091],[85.1178212,25.5820698],[85.1178366,25.5820955],[85.1179321,25.5822549],[85.1179681,25.5823151],[85.1181329,25.5825791],[85.1181753,25.5826327],[85.1181754,25.5826327],[85.1182495,25.5827265],[85.1183326,25.5828214],[85.1184443,25.5829491],[85.1184851,25.5829957],[85.118525,25.5830437],[85.1187099,25.5832663],[85.1187356,25.5833],[85.1187504,25.5833195],[85.1187818,25.5833607],[85.1188187,25.5834091],[85.1189333,25.5835597],[85.1189789,25.5836196],[85.119004,25.5836236],[85.1192116,25.5836702],[85.1192827,25.5836862],[85.1194275,25.5837173],[85.1194816,25.5837288],[85.1196099,25.5837564],[85.1196162,25.5837577],[85.1199963,25.5838384],[85.1199964,25.5838384],[85.1199968,25.5838385],[85.1201851,25.5838784],[85.1204381,25.5839345],[85.1206025,25.5839709],[85.1206026,25.5839709],[85.1207698,25.5840079],[85.120855,25.5840234],[85.1209831,25.5840467],[85.1209982,25.5840498],[85.1210144,25.5840532],[85.1210419,25.5840588],[85.1210755,25.5840657],[85.1213712,25.5841267],[85.1215395,25.5841613],[85.1217366,25.584202],[85.1219029,25.5842362],[85.1219536,25.5842469],[85.1219602,25.5842483],[85.1223178,25.5843238],[85.122437,25.5843419],[85.1230794,25.5844391],[85.1230989,25.584442],[85.1232161,25.5844562],[85.1232273,25.5844575],[85.1232883,25.5844649],[85.1234157,25.5844709],[85.1234736,25.5844737],[85.1234858,25.5844743],[85.1234889,25.5844744],[85.1235934,25.5844779],[85.1236946,25.5844813],[85.1238566,25.5844868],[85.123857,25.5844868],[85.1238587,25.5844869],[85.1239748,25.5844908],[85.1239762,25.5844908],[85.1239765,25.5844909],[85.1239789,25.5844909],[85.1239793,25.584491],[85.1239815,25.584491],[85.1239819,25.584491],[85.124058,25.5844936],[85.1240583,25.5844936],[85.124409,25.5844998],[85.1247691,25.5845124],[85.1250125,25.5845209],[85.1250282,25.5845214],[85.1250439,25.584522],[85.1250968,25.5845238],[85.1250971,25.5845238],[85.1251003,25.5845239],[85.1251163,25.5845245],[85.1251902,25.584527],[85.1254545,25.584531],[85.1256796,25.5845344],[85.1257152,25.5845349],[85.1257153,25.5845349],[85.1257172,25.584535],[85.1257175,25.584535],[85.1257176,25.584535],[85.1257178,25.584535],[85.1257203,25.584535],[85.1257205,25.584535],[85.1257706,25.5845358],[85.1259816,25.5845389],[85.1264993,25.5845524],[85.1272867,25.5845798],[85.1281135,25.584599],[85.1283763,25.584607],[85.1283767,25.584607],[85.1288969,25.5846228],[85.1292023,25.5846296],[85.1292023,25.5846295],[85.1292024,25.5846295],[85.1292163,25.5846299],[85.1293013,25.5846318],[85.1293028,25.5846319],[85.129338,25.5846327],[85.1293644,25.5846333],[85.1296138,25.5846388],[85.1296142,25.5846389],[85.1299098,25.5846508],[85.1303745,25.5846696],[85.1319417,25.5847329],[85.1332836,25.5847953],[85.1332837,25.5847953],[85.1332839,25.5847953],[85.1332841,25.5847953],[85.1333109,25.5847956],[85.1333113,25.5847956],[85.133314,25.5847956],[85.1333261,25.5847967],[85.1333381,25.5847987],[85.1333498,25.5848013],[85.13335,25.5848013],[85.1337198,25.5848006],[85.1337202,25.5848006],[85.1337228,25.5848006],[85.1337299,25.5848296],[85.1337303,25.584831],[85.1337304,25.5848316],[85.1337388,25.5848297],[85.1337541,25.5848298],[85.1337545,25.5848298],[85.1337571,25.5848299],[85.1337582,25.5848301],[85.1337583,25.5848301],[85.1337601,25.5848306],[85.1337748,25.5848341],[85.1337907,25.5848423],[85.1338038,25.5848538],[85.1338075,25.5848593],[85.1338133,25.584868],[85.1338186,25.5848838],[85.1338503,25.584991],[85.1339058,25.5851783],[85.133949,25.5853238],[85.1339497,25.5853265],[85.1341113,25.585869],[85.1343084,25.5865081],[85.1343804,25.5867416],[85.1345305,25.5872293],[85.1345354,25.5872451],[85.1346033,25.5874659],[85.1347019,25.5877578],[85.1347083,25.5877767],[85.1347083,25.5877768],[85.1347487,25.5878962],[85.1348289,25.5881567],[85.1348575,25.5882495],[85.1349259,25.5884714],[85.1350153,25.5887441],[85.1350559,25.5888681],[85.1350811,25.5889546],[85.1351461,25.5891778],[85.1351597,25.5892247],[85.1352657,25.589591],[85.1352795,25.5896385],[85.1353212,25.5897824],[85.1353563,25.5899055],[85.1353653,25.5899369],[85.1355315,25.5905251],[85.1356315,25.5908891],[85.1356738,25.5910432],[85.1357415,25.591293],[85.1357773,25.591425],[85.135779,25.591431],[85.1359233,25.5919548],[85.1359719,25.5921283],[85.1360636,25.5924553],[85.1360918,25.5925636],[85.1361089,25.5926293],[85.1361283,25.592704],[85.1361283,25.5927041],[85.1361888,25.5929362],[85.1361961,25.592966],[85.1362475,25.5931613],[85.1362934,25.5933359],[85.1363699,25.5936267],[85.1364094,25.593777],[85.1365948,25.5944988],[85.1366261,25.5946209],[85.1367039,25.5949048],[85.1367865,25.5952064],[85.1368033,25.5952675],[85.1368206,25.5953464],[85.1368198,25.5953984],[85.136805,25.5954402],[85.1368119,25.5954726],[85.136858,25.5956026],[85.1368581,25.5956026],[85.1369216,25.5956025],[85.1369818,25.5956004],[85.1372126,25.595592],[85.1372885,25.5955893],[85.1373797,25.595586],[85.1375118,25.5955812],[85.137536,25.5955804],[85.1376795,25.5955752],[85.1377338,25.5955732],[85.1379273,25.5955662],[85.1379503,25.5955654],[85.1379504,25.5955654],[85.1380877,25.5955604],[85.1381103,25.5955596],[85.1381148,25.5955595],[85.1382613,25.5955542],[85.138354,25.5955508],[85.1383541,25.5955508],[85.1384697,25.5955461],[85.1384748,25.5955458],[85.1385651,25.5955399],[85.1386513,25.5955343],[85.1386482,25.5954221],[85.1386451,25.5953117],[85.1386426,25.5952208],[85.138642,25.5951977],[85.1386403,25.5951316],[85.1386375,25.5950206],[85.1386346,25.5949759],[85.1386346,25.5949758],[85.1386344,25.5949723],[85.1386344,25.5949722],[85.1386227,25.5947928],[85.1386113,25.5946468],[85.1386099,25.5946281],[85.1386062,25.5945489],[85.1386031,25.5944846],[85.1386007,25.5944314],[85.1385917,25.5943283],[85.1385917,25.5943282],[85.1385823,25.5942198],[85.1385828,25.5942142],[85.1385849,25.5941931],[85.1385871,25.5941702],[85.1385886,25.5941558],[85.1385919,25.594114],[85.1385973,25.5940472],[85.1385977,25.5940424],[85.1386075,25.593921],[85.1386089,25.5939037],[85.1386148,25.5938776],[85.1386406,25.5937633],[85.1387051,25.5936247],[85.1387216,25.5935873],[85.1387317,25.5935643],[85.1387366,25.593553],[85.1387673,25.5934832],[85.1387693,25.5934692],[85.1387707,25.593459],[85.1387784,25.5934046],[85.1387862,25.5933501],[85.1387891,25.5933187],[85.138795,25.5932539],[85.1387961,25.5932426],[85.138797,25.593232],[85.138795,25.5931991],[85.1387916,25.5931429],[85.1387679,25.5930594],[85.1387617,25.5930378],[85.1387614,25.5930367],[85.1387596,25.5930304],[85.1387491,25.5929934],[85.1387419,25.592968],[85.1387241,25.5928728],[85.1387161,25.5928301],[85.1387161,25.59283],[85.1386992,25.5927394],[85.1386869,25.5926735],[85.1386823,25.5926491],[85.1386645,25.5925535],[85.138664,25.5925508],[85.13862,25.5922774],[85.1385935,25.5921129],[85.1385824,25.5920443],[85.1385732,25.591992],[85.1385601,25.5919173],[85.1385433,25.5918215],[85.138519,25.5917647],[85.1384971,25.5917133],[85.1384573,25.5916503],[85.1384356,25.5916278],[85.1383846,25.5915931],[85.1380781,25.5914786],[85.1380546,25.5913945],[85.1380266,25.5912946],[85.1379146,25.5908952],[85.1379064,25.5908657],[85.1379021,25.5908506],[85.1378944,25.5908161],[85.1378742,25.5907265],[85.1378306,25.5905324],[85.1377906,25.5903543],[85.13779,25.5903519],[85.1377887,25.5903465],[85.1377887,25.5903464],[85.1377457,25.5901705],[85.1377377,25.5901381],[85.1377235,25.5900801],[85.1376935,25.5899574],[85.1376848,25.5899217],[85.1376742,25.5898642],[85.1376468,25.589716],[85.1376455,25.5897088],[85.1376275,25.5896112],[85.1376234,25.589589],[85.1376222,25.5895827],[85.137612,25.5895277],[85.137593,25.5894244],[85.1375924,25.5894213],[85.1375916,25.5894169],[85.1375548,25.5892379],[85.1375824,25.5892339],[85.137857,25.5891941],[85.1379973,25.5891737],[85.1380902,25.5891602],[85.138479,25.5890382],[85.1385171,25.5890287],[85.1385471,25.5890212],[85.1386957,25.5889839],[85.138994,25.5889092],[85.1390593,25.5888948],[85.1390812,25.5888901],[85.1390812,25.58889],[85.1391021,25.5888855],[85.1391514,25.5888746],[85.139256,25.5888517],[85.1392945,25.5888399],[85.1393536,25.5888219],[85.1393838,25.5888127],[85.1394113,25.5887993],[85.1394232,25.5887934],[85.139472,25.5887696],[85.1394721,25.5887696],[85.1396319,25.5886917],[85.1397855,25.5886382],[85.1399439,25.5885831],[85.1399444,25.5885829],[85.1399469,25.5885821],[85.1399685,25.5885746],[85.1399799,25.5885706],[85.1401976,25.5884764],[85.1402613,25.5884488],[85.1402781,25.5884415],[85.1403306,25.5884124],[85.1403565,25.5883979],[85.140425,25.58831],[85.1405145,25.588195],[85.1405617,25.5881342],[85.1406253,25.588025],[85.1406283,25.5880198],[85.140642,25.5879964],[85.1406695,25.5878983],[85.1406753,25.5878534],[85.1406814,25.5878058],[85.1406877,25.5877573],[85.1406927,25.5877374],[85.1406983,25.5877156],[85.1406992,25.5877121],[85.1407228,25.5876189],[85.1407444,25.5875337],[85.1407634,25.5874591],[85.1407819,25.5873859],[85.1407892,25.5873573],[85.140802,25.5873069],[85.1408135,25.5872673],[85.1408379,25.5871839],[85.1408843,25.5870251],[85.1409226,25.5868937],[85.1409706,25.5867294],[85.1409723,25.5867235],[85.1409723,25.5867234],[85.1409745,25.5867163],[85.1409895,25.5866678],[85.1410269,25.5865472],[85.1410269,25.5865471],[85.141027,25.5865468],[85.141058,25.5864338],[85.1410772,25.5863638],[85.1410775,25.5863622],[85.1411131,25.5861748],[85.1411188,25.586145],[85.1411192,25.5861432],[85.1411214,25.586132],[85.1411214,25.5861319],[85.1411505,25.5859866],[85.1411548,25.5859552],[85.1411657,25.5858744],[85.1411717,25.5858306],[85.1411753,25.5858037],[85.1411764,25.5857983],[85.1411777,25.585792],[85.1411814,25.5857739],[85.1411833,25.5857645],[85.141186,25.58571],[85.141189,25.5856472],[85.1411925,25.5855735],[85.1411999,25.5855123],[85.1412029,25.5854874],[85.1412005,25.5854685],[85.1411992,25.5854587],[85.1411927,25.5854509],[85.1411829,25.5854393],[85.1411677,25.5854247],[85.1411466,25.5854169],[85.1411021,25.5854078],[85.1410729,25.5854019],[85.1410382,25.5853963],[85.1410074,25.5853851],[85.1410061,25.5853839],[85.1410036,25.5853816],[85.1410035,25.5853816],[85.1409906,25.5853699],[85.1409825,25.5853487],[85.1409696,25.5853015],[85.1409585,25.5852608],[85.1409493,25.585227],[85.1409431,25.5851849],[85.1409377,25.5851485],[85.140935,25.5851079],[85.1409319,25.5850618],[85.1409328,25.5850426],[85.1409372,25.5849484],[85.1409372,25.5849473],[85.1409373,25.5849273],[85.1409376,25.5848749],[85.1409355,25.5848679],[85.1409092,25.5847803],[85.1408554,25.5845586],[85.1408417,25.5845022],[85.140834,25.5844704],[85.1408173,25.5844016],[85.1408119,25.5843795],[85.1408151,25.5843791],[85.1408583,25.5843735],[85.1409039,25.5843677],[85.1409424,25.5843627],[85.1412281,25.5843317],[85.1413958,25.5843134],[85.1414337,25.5843093],[85.1418578,25.5842633],[85.1418587,25.5842632],[85.1421375,25.5842391],[85.1421376,25.5842391],[85.1421369,25.5842165],[85.1421335,25.5840945],[85.1421312,25.5840089],[85.1421289,25.5839284],[85.1421203,25.5836192],[85.1421192,25.5835786],[85.142119,25.5835701],[85.1421227,25.5833274],[85.1421231,25.5833034],[85.1421255,25.5831448],[85.142125,25.5831251],[85.1421237,25.583082],[85.142116,25.5828268],[85.1421198,25.5827426],[85.1421281,25.5825637],[85.1421306,25.5823969],[85.1421257,25.5823498],[85.1421234,25.5823275],[85.1421075,25.5822861],[85.1420708,25.5822556],[85.1420494,25.5822465],[85.1420482,25.582246],[85.1420458,25.5822461],[85.1420455,25.5822461],[85.1420175,25.5822477],[85.1419405,25.5822521],[85.1418831,25.5822609],[85.141883,25.5822604],[85.1418791,25.5822475],[85.141877,25.5822405],[85.1418707,25.5822193],[85.141863,25.5820893],[85.1418635,25.582078],[85.1418709,25.5818987],[85.1418778,25.5817644],[85.1418803,25.5817163],[85.1418897,25.5816405],[85.1418861,25.5815555],[85.1418754,25.5815048],[85.1418727,25.5814929],[85.1418711,25.5814856],[85.1418701,25.5814814],[85.14187,25.5814806],[85.1418673,25.5814689],[85.1418659,25.5814623],[85.1418647,25.5814572],[85.14186,25.581436],[85.141852,25.5813144],[85.1418542,25.5811685],[85.1418541,25.5811672],[85.1418503,25.5811152],[85.1418416,25.5809976],[85.1418379,25.5809478],[85.1418379,25.580947],[85.1418378,25.5809443],[85.1418331,25.5808363],[85.1418319,25.5808068],[85.1418162,25.580723],[85.1418154,25.5807186],[85.1418152,25.5807172],[85.1417965,25.5806214],[85.1417954,25.5806157],[85.1417643,25.5804976],[85.1417424,25.5803759],[85.141734,25.5803295],[85.1417218,25.5801595],[85.1417244,25.579996],[85.1417245,25.5799682],[85.1417245,25.5799681],[85.1417195,25.5797774],[85.141716,25.5795892],[85.1417141,25.5794905],[85.1417236,25.5792735],[85.1417243,25.5792568],[85.1417232,25.579122],[85.1417232,25.5791219],[85.1417226,25.5790489],[85.141716,25.5789446],[85.1417186,25.5788806],[85.1417101,25.5787941],[85.1417033,25.5787037],[85.1417171,25.5786652],[85.141742,25.5786476],[85.1417486,25.5786429],[85.1417487,25.5786429],[85.1417752,25.5786242],[85.1418335,25.5785773],[85.1418351,25.5785756],[85.1418569,25.5785538],[85.1418606,25.5785225],[85.1418629,25.5784838],[85.141853,25.5783773],[85.1418502,25.5782251],[85.1418494,25.5781836],[85.1418534,25.5780356],[85.1418648,25.57788],[85.141873,25.5777678],[85.141873,25.5777677],[85.1418764,25.5777208],[85.141887,25.5775691],[85.1418959,25.5775215],[85.1419177,25.577495],[85.1419488,25.5774637],[85.1419528,25.5774597],[85.1419949,25.577403],[85.1420008,25.5773912],[85.1420135,25.577366],[85.1420274,25.5773185],[85.1420375,25.5772622],[85.1420418,25.5772383],[85.1420476,25.577076],[85.1420501,25.5769157],[85.1420519,25.5769059],[85.1420662,25.5768281],[85.1420784,25.576785],[85.1421035,25.576757],[85.1421399,25.5767193],[85.1421503,25.5767085],[85.1421907,25.576645],[85.1422128,25.576602],[85.142219,25.5765157],[85.1422228,25.576379],[85.1422266,25.5762576],[85.1422266,25.5762575],[85.1422292,25.5761721],[85.142231,25.576128],[85.1422372,25.5759748],[85.1422583,25.5757939],[85.1422638,25.5757473],[85.142266,25.5757224]]]}},{"type":"Feature","properties":{"ward":"31","ward_title":"Ward 31","area":"Chiraiyatand / Postal Park","short_area":"Chiraiyatand","ac_no":"182","ac_name":"Bankipur","ac_booths":2,"ac_booth_range":"218-219","ac_voters":1856,"total_ward_booths":"27","total_ward_voters":"9,731","center_lat":25.58590405,"center_lon":85.14222881530854,"label_lat":25.58567879897929,"label_lon":85.14222881530854,"has_leader":false,"leader_line":null,"color":"#3b82f6","color_dark":"#1d4ed8"},"geometry":{"type":"Polygon","coordinates":[[[85.1478352,25.5760309],[85.147825,25.5759516],[85.1478129,25.5758598],[85.1478064,25.5758109],[85.1478213,25.5758093],[85.1478705,25.5758007],[85.14787,25.575792],[85.1478627,25.5756453],[85.1478461,25.5756525],[85.1478365,25.5756404],[85.1476291,25.5756408],[85.1474085,25.575638],[85.1472929,25.5756664],[85.1472899,25.5756484],[85.1469997,25.5756776],[85.1467554,25.5757282],[85.1466701,25.5757092],[85.1462368,25.5756291],[85.1458591,25.5755706],[85.1456748,25.5755682],[85.1454246,25.5755681],[85.1451453,25.5755347],[85.1449913,25.5754879],[85.144567,25.5754676],[85.1440531,25.575488],[85.1436487,25.575459],[85.1432575,25.5754211],[85.1432114,25.5754235],[85.1430111,25.5753911],[85.1429091,25.5753839],[85.1428563,25.5753922],[85.1427606,25.5754089],[85.1426482,25.5754403],[85.1422753,25.5754756],[85.1422763,25.575527],[85.1422777,25.5755911],[85.1422704,25.5756724],[85.142266,25.5757223],[85.142266,25.5757224],[85.1422638,25.5757473],[85.1422583,25.5757939],[85.14224440808442,25.575913001778574],[85.1422444,25.575913],[85.1422372,25.5759748],[85.142231,25.576128],[85.1422292,25.5761721],[85.1422266,25.5762575],[85.1422266,25.5762576],[85.1422228,25.576379],[85.142219,25.5765157],[85.1422128,25.576602],[85.1421907,25.576645],[85.1421503,25.5767085],[85.1421399,25.5767193],[85.1421035,25.576757],[85.1420784,25.576785],[85.1420662,25.5768281],[85.1420519,25.5769059],[85.1420501,25.5769157],[85.1420476,25.577076],[85.1420418,25.5772383],[85.1420375,25.5772622],[85.1420274,25.5773185],[85.1420135,25.577366],[85.1420008,25.5773912],[85.1419949,25.577403],[85.1419528,25.5774597],[85.1419488,25.5774637],[85.1419177,25.577495],[85.1418959,25.5775215],[85.141887,25.5775691],[85.1418764,25.5777208],[85.141873,25.5777677],[85.141873,25.5777678],[85.1418648,25.57788],[85.1418534,25.5780356],[85.1418494,25.5781836],[85.1418502,25.5782251],[85.141853,25.5783773],[85.1418629,25.5784838],[85.1418606,25.5785225],[85.1418569,25.5785538],[85.1418351,25.5785756],[85.1418335,25.5785773],[85.1417752,25.5786242],[85.1417487,25.5786429],[85.1417486,25.5786429],[85.141742,25.5786476],[85.1417171,25.5786652],[85.1417033,25.5787037],[85.1417101,25.5787941],[85.1417186,25.5788806],[85.141716,25.5789446],[85.1417226,25.5790489],[85.1417232,25.5791219],[85.1417232,25.579122],[85.1417243,25.5792568],[85.1417236,25.5792735],[85.1417141,25.5794905],[85.141716,25.5795892],[85.1417195,25.5797774],[85.1417245,25.5799681],[85.1417245,25.5799682],[85.1417244,25.579996],[85.1417218,25.5801595],[85.141734,25.5803295],[85.1417424,25.5803759],[85.1417643,25.5804976],[85.1417954,25.5806157],[85.1417965,25.5806214],[85.1418152,25.5807172],[85.1418154,25.5807186],[85.1418162,25.580723],[85.1418319,25.5808068],[85.1418331,25.5808363],[85.1418378,25.5809443],[85.1418379,25.580947],[85.1418379,25.5809478],[85.1418416,25.5809976],[85.1418503,25.5811152],[85.1418541,25.5811672],[85.1418542,25.5811685],[85.141852,25.5813144],[85.14186,25.581436],[85.1418647,25.5814572],[85.1418659,25.5814623],[85.1418673,25.5814689],[85.14187,25.5814806],[85.1418701,25.5814814],[85.1418711,25.5814856],[85.1418727,25.5814929],[85.1418754,25.5815048],[85.1418861,25.5815555],[85.1418897,25.5816405],[85.1418803,25.5817163],[85.1418778,25.5817644],[85.1418709,25.5818987],[85.1418635,25.582078],[85.141863,25.5820893],[85.1418707,25.5822193],[85.141877,25.5822405],[85.1418791,25.5822475],[85.141883,25.5822604],[85.1418831,25.5822609],[85.1419405,25.5822521],[85.1420175,25.5822477],[85.1420455,25.5822461],[85.1420458,25.5822461],[85.1420482,25.582246],[85.1420494,25.5822465],[85.1420708,25.5822556],[85.1421075,25.5822861],[85.1421234,25.5823275],[85.1421257,25.5823498],[85.1421306,25.5823969],[85.1421281,25.5825637],[85.1421198,25.5827426],[85.142116,25.5828268],[85.1421237,25.583082],[85.142125,25.5831251],[85.1421255,25.5831448],[85.1421231,25.5833034],[85.1421227,25.5833274],[85.142119,25.5835701],[85.1421192,25.5835786],[85.1421203,25.5836192],[85.1421289,25.5839284],[85.1421312,25.5840089],[85.1421335,25.5840945],[85.1421369,25.5842165],[85.1421376,25.5842391],[85.1421375,25.5842391],[85.1418587,25.5842632],[85.1418578,25.5842633],[85.1414337,25.5843093],[85.1413958,25.5843134],[85.1412281,25.5843317],[85.1409424,25.5843627],[85.1409039,25.5843677],[85.1408583,25.5843735],[85.1408151,25.5843791],[85.1408119,25.5843795],[85.1408173,25.5844016],[85.140834,25.5844704],[85.1408417,25.5845022],[85.1408554,25.5845586],[85.1409092,25.5847803],[85.1409355,25.5848679],[85.1409376,25.5848749],[85.1409373,25.5849273],[85.1409372,25.5849473],[85.1409372,25.5849484],[85.1409328,25.5850426],[85.1409319,25.5850618],[85.140935,25.5851079],[85.1409377,25.5851485],[85.1409431,25.5851849],[85.1409493,25.585227],[85.1409585,25.5852608],[85.1409696,25.5853015],[85.1409825,25.5853487],[85.1409906,25.5853699],[85.1410035,25.5853816],[85.1410036,25.5853816],[85.1410061,25.5853839],[85.1410074,25.5853851],[85.1410382,25.5853963],[85.1410729,25.5854019],[85.1411021,25.5854078],[85.1411466,25.5854169],[85.1411677,25.5854247],[85.1411829,25.5854393],[85.1411927,25.5854509],[85.1411992,25.5854587],[85.1412005,25.5854685],[85.1412029,25.5854874],[85.1411999,25.5855123],[85.1411925,25.5855735],[85.141189,25.5856472],[85.141186,25.58571],[85.1411833,25.5857645],[85.1411814,25.5857739],[85.1411777,25.585792],[85.1411764,25.5857983],[85.1411753,25.5858037],[85.1411717,25.5858306],[85.1411657,25.5858744],[85.1411548,25.5859552],[85.1411505,25.5859866],[85.1411214,25.5861319],[85.1411214,25.586132],[85.1411192,25.5861432],[85.1411188,25.586145],[85.1411131,25.5861748],[85.1410775,25.5863622],[85.1410772,25.5863638],[85.141058,25.5864338],[85.141027,25.5865468],[85.1410269,25.5865471],[85.1410269,25.5865472],[85.1409895,25.5866678],[85.1409745,25.5867163],[85.1409723,25.5867234],[85.1409723,25.5867235],[85.1409706,25.5867294],[85.1409226,25.5868937],[85.1408843,25.5870251],[85.1408379,25.5871839],[85.1408135,25.5872673],[85.140802,25.5873069],[85.1407892,25.5873573],[85.1407819,25.5873859],[85.1407634,25.5874591],[85.1407444,25.5875337],[85.1407228,25.5876189],[85.1406992,25.5877121],[85.1406983,25.5877156],[85.1406927,25.5877374],[85.1406877,25.5877573],[85.1406814,25.5878058],[85.1406753,25.5878534],[85.1406695,25.5878983],[85.140642,25.5879964],[85.1406283,25.5880198],[85.1406253,25.588025],[85.1405617,25.5881342],[85.1405145,25.588195],[85.140425,25.58831],[85.1403565,25.5883979],[85.1403306,25.5884124],[85.1402781,25.5884415],[85.1402613,25.5884488],[85.1401976,25.5884764],[85.1399799,25.5885706],[85.1399685,25.5885746],[85.1399469,25.5885821],[85.1399444,25.5885829],[85.1399439,25.5885831],[85.1397855,25.5886382],[85.1396319,25.5886917],[85.1394721,25.5887696],[85.139472,25.5887696],[85.1394232,25.5887934],[85.1394113,25.5887993],[85.1393838,25.5888127],[85.1393536,25.5888219],[85.1392945,25.5888399],[85.139256,25.5888517],[85.1391514,25.5888746],[85.1391021,25.5888855],[85.1390812,25.58889],[85.1390812,25.5888901],[85.1390593,25.5888948],[85.138994,25.5889092],[85.1386957,25.5889839],[85.1385471,25.5890212],[85.1385171,25.5890287],[85.138479,25.5890382],[85.1380902,25.5891602],[85.1379973,25.5891737],[85.137857,25.5891941],[85.1375824,25.5892339],[85.1375548,25.5892379],[85.1375916,25.5894169],[85.1375924,25.5894213],[85.137593,25.5894244],[85.137612,25.5895277],[85.1376222,25.5895827],[85.1376234,25.589589],[85.1376275,25.5896112],[85.1376455,25.5897088],[85.1376468,25.589716],[85.1376742,25.5898642],[85.1376848,25.5899217],[85.1376935,25.5899574],[85.1377235,25.5900801],[85.1377377,25.5901381],[85.1377457,25.5901705],[85.1377887,25.5903464],[85.1377887,25.5903465],[85.13779,25.5903519],[85.1377906,25.5903543],[85.1378306,25.5905324],[85.1378742,25.5907265],[85.1378944,25.5908161],[85.1379021,25.5908506],[85.1379064,25.5908657],[85.1379146,25.5908952],[85.1380266,25.5912946],[85.1380546,25.5913945],[85.1380781,25.5914786],[85.1383846,25.5915931],[85.1384356,25.5916278],[85.1384573,25.5916503],[85.1384971,25.5917133],[85.138519,25.5917647],[85.1385433,25.5918215],[85.1385601,25.5919173],[85.1385732,25.591992],[85.1385824,25.5920443],[85.1385935,25.5921129],[85.13862,25.5922774],[85.138664,25.5925508],[85.1386645,25.5925535],[85.1386823,25.5926491],[85.1386869,25.5926735],[85.1386992,25.5927394],[85.1387161,25.59283],[85.1387161,25.5928301],[85.1387241,25.5928728],[85.1387419,25.592968],[85.1387491,25.5929934],[85.1387596,25.5930304],[85.1387614,25.5930367],[85.1387617,25.5930378],[85.1387679,25.5930594],[85.1387916,25.5931429],[85.138795,25.5931991],[85.138797,25.593232],[85.1387961,25.5932426],[85.138795,25.5932539],[85.1387891,25.5933187],[85.1387862,25.5933501],[85.1387784,25.5934046],[85.1387707,25.593459],[85.1387693,25.5934692],[85.1387673,25.5934832],[85.1387366,25.593553],[85.1387317,25.5935643],[85.1387216,25.5935873],[85.1387051,25.5936247],[85.1386406,25.5937633],[85.1386148,25.5938776],[85.1386089,25.5939037],[85.1386075,25.593921],[85.1385977,25.5940424],[85.1385973,25.5940472],[85.1385919,25.594114],[85.1385886,25.5941558],[85.1385871,25.5941702],[85.1385849,25.5941931],[85.1385828,25.5942142],[85.1385823,25.5942198],[85.1385917,25.5943282],[85.1385917,25.5943283],[85.1386007,25.5944314],[85.1386031,25.5944846],[85.1386062,25.5945489],[85.1386099,25.5946281],[85.1386113,25.5946468],[85.1386227,25.5947928],[85.1386344,25.5949722],[85.1386344,25.5949723],[85.1386346,25.5949758],[85.1386346,25.5949759],[85.1386375,25.5950206],[85.1386403,25.5951316],[85.138642,25.5951977],[85.1386426,25.5952208],[85.1386451,25.5953117],[85.1386482,25.5954221],[85.1386513,25.5955343],[85.138791,25.5955252],[85.1388584,25.5955209],[85.1389594,25.5955085],[85.1391226,25.5954887],[85.1392097,25.5954811],[85.1392841,25.5954747],[85.1392855,25.5954746],[85.1392859,25.5954745],[85.1393157,25.5954745],[85.1395277,25.5954743],[85.139542,25.5954743],[85.1396422,25.5954938],[85.1396718,25.5954996],[85.1397135,25.5955157],[85.139877,25.5955787],[85.1399193,25.595595],[85.140011,25.5956303],[85.1400219,25.5956345],[85.1400257,25.5956352],[85.1401098,25.5956505],[85.1401701,25.5956616],[85.1401715,25.5956618],[85.1401746,25.5956624],[85.1403439,25.5956933],[85.1403752,25.595699],[85.1404259,25.5957082],[85.1406273,25.595755],[85.1407585,25.5957854],[85.1407742,25.595789],[85.1407806,25.5957905],[85.1408054,25.5957963],[85.1409215,25.5958232],[85.1410673,25.5958673],[85.141102,25.5958777],[85.1411021,25.5958778],[85.1413443,25.595951],[85.1414047,25.5959673],[85.1414048,25.5959673],[85.1415554,25.596008],[85.141562,25.5960098],[85.1415641,25.5960104],[85.1415659,25.5960109],[85.1417938,25.5960547],[85.1417965,25.596055],[85.1418079,25.5960563],[85.1419077,25.5960678],[85.1420091,25.5960794],[85.1420399,25.5960829],[85.1421618,25.596096],[85.1421619,25.5960961],[85.1421796,25.596098],[85.1421831,25.5960983],[85.1423067,25.5961117],[85.1424278,25.5961248],[85.1424279,25.5961248],[85.1425429,25.5961372],[85.1426705,25.5961594],[85.1427049,25.5961653],[85.1427586,25.5961747],[85.1428278,25.5961867],[85.1428328,25.5961866],[85.1428802,25.5961856],[85.1428881,25.5961854],[85.142922,25.5961847],[85.1430223,25.5961827],[85.143063,25.5961818],[85.1430938,25.5961812],[85.1432332,25.5961732],[85.1432453,25.5961725],[85.1433681,25.5961654],[85.1434005,25.5961636],[85.1436123,25.5961514],[85.1437804,25.5961417],[85.143828,25.596139],[85.1439743,25.5961305],[85.144075,25.596138],[85.1441137,25.596141],[85.1441403,25.5961451],[85.1441455,25.5961459],[85.144164,25.5961488],[85.144296,25.5961694],[85.1443172,25.5961727],[85.1444376,25.5961915],[85.1444974,25.5962008],[85.1445277,25.5962055],[85.1447073,25.5962294],[85.144708,25.5962295],[85.1447258,25.5962319],[85.1447624,25.5962398],[85.1449743,25.5962973],[85.1449795,25.5962994],[85.1449822,25.5963005],[85.145026,25.596318],[85.1450261,25.596318],[85.1452065,25.5963899],[85.1452178,25.5963928],[85.1452588,25.5964036],[85.1453331,25.5964229],[85.1453954,25.5964392],[85.1455067,25.5964484],[85.145545,25.5964516],[85.1455665,25.5964534],[85.1455863,25.5964531],[85.1455877,25.5964531],[85.1456479,25.5964523],[85.1456484,25.5964522],[85.1456723,25.5964496],[85.1457062,25.5964381],[85.1457138,25.5964356],[85.1457318,25.5964253],[85.1457459,25.5964163],[85.145759,25.5964078],[85.1457649,25.5964021],[85.1457674,25.5963998],[85.1457757,25.5963919],[85.145786,25.596382],[85.1457861,25.5963817],[85.1457972,25.5963463],[85.1457975,25.5963456],[85.1457978,25.5963445],[85.1458004,25.5963101],[85.145801,25.5963019],[85.145801,25.5963016],[85.1457946,25.59627],[85.1457943,25.5962689],[85.1457882,25.5962617],[85.1457881,25.5962616],[85.1457822,25.5962541],[85.1457768,25.5962463],[85.1457749,25.5962433],[85.1457717,25.5962383],[85.1457682,25.596232],[85.1457672,25.59623],[85.1457656,25.5962269],[85.145763,25.5962216],[85.1457594,25.596213],[85.1457583,25.59621],[85.1457571,25.596207],[85.1457562,25.5962043],[85.1457534,25.5961954],[85.1457526,25.5961922],[85.1457512,25.5961864],[85.1457498,25.5961791],[85.1457494,25.5961773],[85.1457482,25.5961681],[85.1457524,25.5961146],[85.1457563,25.5960658],[85.1457652,25.5959546],[85.1457718,25.5958493],[85.1457738,25.5958173],[85.1457779,25.5957527],[85.1457798,25.595722],[85.1457816,25.5956937],[85.1457817,25.5956919],[85.1457838,25.5956063],[85.1457846,25.5955742],[85.1457851,25.5955561],[85.1457909,25.5953168],[85.1457905,25.5953088],[85.1457902,25.5953015],[85.1457902,25.595301],[85.1457811,25.5951087],[85.1457807,25.595101],[85.1457519,25.5948513],[85.1457484,25.5948208],[85.1457359,25.5946659],[85.1457305,25.5945988],[85.1457241,25.5945193],[85.1457227,25.5945147],[85.1457174,25.5945072],[85.1457105,25.5944975],[85.145706,25.5944911],[85.1457056,25.5944904],[85.1457053,25.5944898],[85.145705,25.594489],[85.1457047,25.5944884],[85.1457045,25.5944874],[85.1457043,25.594487],[85.1456632,25.5942902],[85.1456595,25.5942725],[85.1456591,25.5942576],[85.1456552,25.5941179],[85.1456685,25.5939578],[85.1456904,25.5937694],[85.1457081,25.5934786],[85.1457081,25.5934785],[85.1457095,25.5934558],[85.1457088,25.5932514],[85.1457088,25.593243],[85.1457085,25.5931635],[85.1457309,25.593103],[85.1457677,25.593048],[85.1458463,25.5929833],[85.1458473,25.5929825],[85.1458474,25.5929824],[85.1458524,25.5929784],[85.1458648,25.5929683],[85.1458638,25.5929656],[85.1458586,25.5929519],[85.1458562,25.5928797],[85.1458533,25.5927944],[85.1458528,25.5927785],[85.1458503,25.592704],[85.1458483,25.5926437],[85.1458421,25.5924564],[85.1458415,25.5924493],[85.1458326,25.5923445],[85.1458251,25.5922985],[85.1458157,25.5922409],[85.145811,25.592212],[85.1457766,25.5920697],[85.1457726,25.5920349],[85.1457482,25.5918219],[85.1457443,25.5917878],[85.1457358,25.5917138],[85.1457169,25.5915599],[85.1456881,25.5913258],[85.145687,25.5913166],[85.1456808,25.591266],[85.1456664,25.5911098],[85.1456432,25.5908579],[85.145637,25.5907822],[85.1456174,25.5905398],[85.1456167,25.5905313],[85.1455727,25.5901283],[85.1455523,25.5900593],[85.1455454,25.5900359],[85.1455026,25.5897534],[85.1455025,25.5897526],[85.1454743,25.5894847],[85.1454702,25.589446],[85.1454633,25.5893735],[85.1454633,25.5893734],[85.1454613,25.5893519],[85.1454409,25.5891383],[85.145431,25.5890525],[85.1454188,25.588946],[85.1454149,25.5889262],[85.1454075,25.5888877],[85.145378,25.5887359],[85.1453519,25.5886339],[85.145284,25.5883706],[85.1452794,25.5883532],[85.1452411,25.5883683],[85.145238,25.5883691],[85.1452328,25.5883704],[85.1452284,25.5883715],[85.1451466,25.5883923],[85.1450244,25.5883907],[85.1448158,25.5883697],[85.1447977,25.5883679],[85.1447639,25.5883645],[85.1447124,25.5883593],[85.1444701,25.5882979],[85.1444624,25.5882951],[85.1442647,25.588222],[85.1441494,25.5881736],[85.1440715,25.5881408],[85.1440197,25.588119],[85.1439588,25.5880934],[85.1438859,25.5880611],[85.1438064,25.588026],[85.1437593,25.5879858],[85.1437511,25.5879788],[85.1437031,25.587938],[85.1437006,25.5879358],[85.1436568,25.58787],[85.1436302,25.5877883],[85.1436098,25.5877257],[85.1435948,25.5876276],[85.1435948,25.5876267],[85.1435949,25.587626],[85.1435974,25.5875483],[85.1435976,25.5875425],[85.1435982,25.5875045],[85.1435984,25.5874914],[85.1435984,25.5874902],[85.1435986,25.5874751],[85.1435995,25.5874185],[85.1435933,25.5873812],[85.143584,25.5873253],[85.143584,25.5873252],[85.143581,25.5873073],[85.1435779,25.5872885],[85.1435276,25.5869859],[85.1435255,25.5869738],[85.1435164,25.5869203],[85.1435137,25.586904],[85.1434869,25.5867463],[85.1434658,25.5866971],[85.1434434,25.5866613],[85.1434298,25.5866395],[85.1434298,25.5866394],[85.1433935,25.5865808],[85.143386,25.5865688],[85.1433524,25.5864773],[85.1433457,25.5864298],[85.1433429,25.58641],[85.1433342,25.5863008],[85.1433306,25.586256],[85.1433297,25.5862453],[85.1433226,25.5861561],[85.1433225,25.5861547],[85.1433179,25.5861113],[85.1433162,25.5860959],[85.1433121,25.586057],[85.1433097,25.586035],[85.1433084,25.586023],[85.1432989,25.5859337],[85.1432924,25.5858688],[85.1432847,25.585792],[85.1432788,25.5857326],[85.143267,25.585615],[85.1432657,25.5856017],[85.1432653,25.5855983],[85.1432644,25.5855891],[85.143218,25.5853718],[85.1431991,25.585283],[85.1431836,25.5852107],[85.1431799,25.5851942],[85.1431782,25.5851864],[85.1431676,25.5851394],[85.1431642,25.5851241],[85.1431302,25.5849722],[85.1431055,25.5848623],[85.1430902,25.5847939],[85.1430304,25.5844949],[85.1430132,25.5844089],[85.142988,25.5842309],[85.1429784,25.5841627],[85.1429752,25.5841403],[85.1431957,25.5841128],[85.1435046,25.5840858],[85.1435429,25.5840825],[85.1435944,25.5840769],[85.1435982,25.5840765],[85.1439167,25.584042],[85.1439249,25.584041],[85.1439283,25.5840406],[85.1440419,25.5840268],[85.1443644,25.58399],[85.1444919,25.5839683],[85.1446789,25.5839474],[85.1447137,25.5839435],[85.1448969,25.5839295],[85.1449034,25.583929],[85.1449137,25.5839282],[85.1450019,25.5839186],[85.1451623,25.5839012],[85.1453124,25.583888],[85.1453991,25.5838803],[85.1454579,25.583875],[85.1455146,25.58387],[85.1456742,25.5838528],[85.1456859,25.5838516],[85.145698,25.5838496],[85.1458497,25.5838249],[85.1459207,25.5838133],[85.1459442,25.5838095],[85.1459781,25.5838056],[85.1460715,25.5837947],[85.1462562,25.5837718],[85.146333,25.5837623],[85.1465089,25.5837398],[85.1466345,25.5837244],[85.1468231,25.5837012],[85.1468449,25.583699],[85.1468571,25.5836977],[85.1469618,25.5836867],[85.1469813,25.5836847],[85.1469868,25.5836841],[85.1471555,25.5836684],[85.1473176,25.5836567],[85.1474376,25.5836486],[85.1475587,25.5836446],[85.1476813,25.5836462],[85.1478111,25.5836511],[85.1478168,25.5836513],[85.1478446,25.5836524],[85.148008,25.5836558],[85.1481204,25.5836699],[85.1482514,25.5836837],[85.1485643,25.5837166],[85.1486182,25.5837222],[85.1488143,25.58374],[85.148927,25.5837502],[85.1489481,25.5837521],[85.1489609,25.5837533],[85.1490237,25.583759],[85.149194,25.5837744],[85.1492165,25.5837761],[85.1493048,25.5837826],[85.1495508,25.5838008],[85.1495815,25.5838031],[85.1495881,25.5838035],[85.1495923,25.5838039],[85.1496014,25.5838045],[85.1496872,25.5838109],[85.1498349,25.5838218],[85.1499671,25.5838339],[85.1500007,25.583837],[85.1502673,25.5838614],[85.150314,25.5838652],[85.1503376,25.5838672],[85.1503477,25.583868],[85.1503598,25.583869],[85.1503717,25.58387],[85.1503771,25.5838705],[85.150707,25.5838978],[85.1507139,25.5838984],[85.151053,25.5839299],[85.1513224,25.583956],[85.1514807,25.5839674],[85.1514922,25.5839662],[85.1514909,25.5839455],[85.151487,25.5838818],[85.1514834,25.5838246],[85.1514799,25.5837692],[85.1514678,25.5837232],[85.151465,25.5837126],[85.1514524,25.5836825],[85.151443,25.5836601],[85.1513835,25.583492],[85.1513545,25.5834259],[85.1513279,25.5833846],[85.1513183,25.5833696],[85.1513103,25.5833572],[85.1512944,25.5833358],[85.1512927,25.5833335],[85.1512848,25.5833229],[85.1512778,25.5833177],[85.1512462,25.5832945],[85.1512016,25.583279],[85.151187,25.5832739],[85.1511777,25.5832706],[85.1510872,25.583248],[85.1510237,25.5832278],[85.1510182,25.5832247],[85.15097,25.5831976],[85.1509489,25.5831798],[85.1509204,25.5831557],[85.1508905,25.5831261],[85.150853,25.583089],[85.1508267,25.5830531],[85.1508158,25.5830381],[85.1507558,25.582956],[85.1507325,25.5829318],[85.1506446,25.5828407],[85.1506313,25.5828269],[85.1506092,25.5828038],[85.150585,25.5827734],[85.1505763,25.5827624],[85.1505474,25.5827088],[85.1505459,25.5827061],[85.1505395,25.5826895],[85.1505181,25.5826347],[85.1504831,25.5825541],[85.1504454,25.5824671],[85.1503847,25.5823376],[85.1503794,25.5823261],[85.1503791,25.5823255],[85.1503702,25.5823031],[85.1503619,25.5822822],[85.15036,25.5822776],[85.150336,25.5821487],[85.1501132,25.5821675],[85.1499844,25.5821734],[85.1499843,25.5821689],[85.1499825,25.5821129],[85.1499817,25.5820852],[85.1499805,25.5820467],[85.1499786,25.5819844],[85.1499239,25.5819845],[85.1498224,25.5819847],[85.149763,25.5819849],[85.149748,25.5819849],[85.1497476,25.5819667],[85.1497475,25.581965],[85.1497471,25.5819633],[85.1497464,25.5819617],[85.1497456,25.5819601],[85.1497445,25.5819587],[85.1497433,25.5819574],[85.1497418,25.5819563],[85.1497403,25.5819553],[85.1497386,25.5819545],[85.1497368,25.581954],[85.1497349,25.5819536],[85.149733,25.5819535],[85.1494923,25.5819493],[85.1494727,25.5819417],[85.1494586,25.5819271],[85.1494503,25.5819108],[85.1494449,25.5818675],[85.1494369,25.5817964],[85.1494366,25.5817947],[85.149436,25.581793],[85.1494352,25.5817914],[85.1494341,25.5817898],[85.1494329,25.5817885],[85.1494314,25.5817873],[85.1494298,25.5817862],[85.1494281,25.5817854],[85.1494263,25.5817848],[85.1494244,25.5817844],[85.1494224,25.5817843],[85.1494204,25.5817843],[85.149284,25.5817978],[85.1491108,25.5818148],[85.1490586,25.5818212],[85.1490307,25.5815602],[85.149029,25.5815444],[85.1490244,25.5815014],[85.1489964,25.5812706],[85.1488874,25.5807432],[85.1489605,25.5807178],[85.1490324,25.5806789],[85.1490744,25.5806333],[85.1491386,25.5805704],[85.149174,25.5805431],[85.1492253,25.5805186],[85.1492849,25.5805024],[85.1494085,25.5804748],[85.1494025,25.5804529],[85.1492916,25.5803237],[85.1491474,25.5800272],[85.1491114,25.5799973],[85.1490761,25.5799542],[85.1490393,25.579833],[85.149016,25.5796155],[85.1490157,25.5796156],[85.1490008,25.5796171],[85.1489211,25.5796257],[85.1489044,25.5796301],[85.1488557,25.5796429],[85.1488024,25.5796519],[85.1487615,25.579654],[85.1487464,25.5796551],[85.1487377,25.5796557],[85.1487368,25.5796553],[85.1487231,25.5796489],[85.1487114,25.5796398],[85.1487063,25.5796358],[85.1487029,25.5796318],[85.1486919,25.5796187],[85.1486868,25.579606],[85.1486826,25.5795955],[85.1486669,25.5795424],[85.1486544,25.5795002],[85.1486416,25.5794609],[85.1486332,25.579435],[85.1486153,25.5793807],[85.1485972,25.5793255],[85.1485906,25.5792897],[85.1485878,25.5792741],[85.1485864,25.5792693],[85.1485757,25.5792312],[85.1485609,25.5792022],[85.1485491,25.5791762],[85.1485381,25.5791518],[85.1485372,25.5791485],[85.1485347,25.5791391],[85.1485292,25.5791183],[85.1485244,25.5790999],[85.1484929,25.5789811],[85.1484901,25.5789708],[85.1484767,25.5789201],[85.1484707,25.5788916],[85.1484666,25.5788812],[85.1484604,25.5788656],[85.1484416,25.5788382],[85.1484293,25.5788268],[85.1484226,25.5788205],[85.1484198,25.5788164],[85.1484079,25.5787989],[85.1483966,25.5787714],[85.1483952,25.5787679],[85.1483933,25.5787559],[85.148387,25.5787163],[85.1483805,25.5786796],[85.1483785,25.5786685],[85.1483778,25.5786647],[85.1483733,25.5786297],[85.1483637,25.5785559],[85.1483584,25.5784923],[85.1483573,25.5784804],[85.1483568,25.5784421],[85.1483564,25.5784193],[85.1483548,25.5783704],[85.1483546,25.5783667],[85.1483546,25.5783661],[85.1483503,25.5782533],[85.1483488,25.5782145],[85.1483471,25.5781704],[85.1483443,25.578034],[85.1483444,25.5780297],[85.1483446,25.5780254],[85.1483448,25.5780212],[85.1483449,25.5780194],[85.1483451,25.5780169],[85.1483453,25.5780149],[85.1483455,25.5780126],[85.1483455,25.578012],[85.1483459,25.5780084],[85.1483462,25.5780051],[85.1483463,25.5780041],[85.1483465,25.5780029],[85.1483469,25.5779998],[85.1483472,25.5779976],[85.1483475,25.5779956],[85.1483477,25.5779937],[85.1483481,25.5779914],[85.1483484,25.5779898],[85.1483488,25.5779873],[85.1483488,25.5779872],[85.1483488,25.5779871],[85.1483489,25.5779868],[85.1483492,25.5779847],[85.1483496,25.5779829],[85.1483484,25.5779828],[85.1483472,25.5779826],[85.1483399,25.5779788],[85.1483349,25.5779741],[85.1483299,25.5779695],[85.1483292,25.5779684],[85.1483195,25.5779527],[85.1483111,25.5779337],[85.1483093,25.5779282],[85.1483075,25.5779228],[85.1483074,25.5779227],[85.1483019,25.5779064],[85.1482884,25.5777952],[85.1482884,25.5777951],[85.1482858,25.5777736],[85.1482783,25.5777216],[85.1482732,25.5776864],[85.1482737,25.5776557],[85.1482808,25.5775609],[85.1482851,25.577505],[85.148287,25.5774701],[85.1482897,25.5774211],[85.1482884,25.5773767],[85.1482875,25.5773464],[85.14828,25.5772879],[85.1482784,25.5772756],[85.1482746,25.5772597],[85.1482582,25.5771922],[85.1482546,25.5771605],[85.1482498,25.5771625],[85.148231,25.5771702],[85.1482002,25.5771828],[85.1481718,25.5771898],[85.1481536,25.5771913],[85.1481347,25.5771929],[85.1480916,25.5771924],[85.1480435,25.5771828],[85.1480187,25.5771812],[85.1479921,25.5771795],[85.1479616,25.5771809],[85.1479325,25.5771819],[85.1479125,25.5771826],[85.1479126,25.5771779],[85.1479127,25.5771643],[85.1479152,25.5771471],[85.147922,25.5771006],[85.1479251,25.5770397],[85.1479248,25.5770371],[85.1479178,25.5769654],[85.1479107,25.57691],[85.1479073,25.5768827],[85.1479014,25.5768591],[85.1478916,25.5768197],[85.1478728,25.5767295],[85.1478686,25.5766955],[85.1478711,25.5766495],[85.1478748,25.5766086],[85.1478799,25.5765765],[85.1478858,25.5765396],[85.1478883,25.5765231],[85.1478894,25.5765153],[85.1478907,25.5765066],[85.1478932,25.5764624],[85.1478875,25.5764162],[85.1478828,25.5763804],[85.1478802,25.5763606],[85.1478773,25.5763394],[85.1478606,25.5762202],[85.1478598,25.5762146],[85.1478596,25.5762128],[85.147848,25.5761299],[85.1478387,25.5760578],[85.1478352,25.5760309]]]}},{"type":"Feature","properties":{"ward":"35","ward_title":"Ward 35","area":"Chiraiyatand / Postal Park / Munna Chak / Chandmari Road","short_area":"Munna Chak","ac_no":"182","ac_name":"Bankipur","ac_booths":12,"ac_booth_range":"204-232","ac_voters":10630,"total_ward_booths":"21","total_ward_voters":"31,273","center_lat":25.60036435,"center_lon":85.15542399838387,"label_lat":25.600556504631374,"label_lon":85.1558542500534,"has_leader":false,"leader_line":null,"color":"#3b82f6","color_dark":"#1d4ed8"},"geometry":{"type":"Polygon","coordinates":[[[85.1585326,25.60335],[85.1585297,25.6033241],[85.1585264,25.6032932],[85.1584916,25.602976],[85.1584834,25.6029128],[85.1584729,25.6028314],[85.158439,25.6025703],[85.1584389,25.6025693],[85.1584332,25.6025255],[85.1583985,25.6022361],[85.1583985,25.6022358],[85.1583934,25.6022031],[85.1582623,25.6013571],[85.1582579,25.6013288],[85.1581648,25.6007273],[85.1581102,25.6003724],[85.1580639,25.6000716],[85.1580576,25.5999853],[85.1580546,25.5999426],[85.1580526,25.5999427],[85.1580275,25.5999437],[85.1580227,25.5999439],[85.1579635,25.5999461],[85.157908,25.5999491],[85.15788,25.5999506],[85.1578792,25.5999507],[85.157872,25.599951],[85.1578344,25.5999531],[85.157742,25.599958],[85.1574245,25.5999751],[85.1571086,25.5999921],[85.157021,25.5999943],[85.1568204,25.6000102],[85.1565417,25.6000323],[85.1562622,25.6000544],[85.1561718,25.6000615],[85.1560623,25.6000702],[85.1560408,25.6000719],[85.1557405,25.6000959],[85.1555216,25.6001133],[85.155326,25.6001289],[85.1549685,25.6001575],[85.1548248,25.6001696],[85.1547636,25.6001748],[85.1546019,25.6001884],[85.1544735,25.6001993],[85.154332,25.6002112],[85.1536996,25.6002646],[85.1536367,25.6002722],[85.1535293,25.6002832],[85.1528175,25.6003563],[85.1523974,25.6003994],[85.1522795,25.6004079],[85.1522488,25.6004101],[85.151991,25.6004287],[85.1515138,25.6004781],[85.1513924,25.6004868],[85.1510484,25.6005115],[85.1509967,25.6005163],[85.1508388,25.600531],[85.150651,25.6005485],[85.1505904,25.6005542],[85.1500515,25.6005938],[85.1499792,25.6005991],[85.1498478,25.6006088],[85.1493446,25.6006507],[85.1492165,25.6006614],[85.1492076,25.6006622],[85.1491683,25.6006654],[85.14866,25.6007156],[85.1485915,25.6007224],[85.1484613,25.6007361],[85.1477478,25.6007652],[85.1478165,25.600389],[85.1478366,25.6001948],[85.1478387,25.6001692],[85.1478389,25.6001672],[85.1478486,25.6000514],[85.147877,25.5997119],[85.1478861,25.599607],[85.1479148,25.599279],[85.1479245,25.5991679],[85.1479482,25.5988972],[85.1479747,25.5986568],[85.14799,25.5985187],[85.1480015,25.5983618],[85.1480066,25.5982927],[85.148018,25.5981366],[85.1480264,25.5980225],[85.148028,25.5980053],[85.1480556,25.597722],[85.1480879,25.5973573],[85.1480916,25.5973156],[85.1481201,25.596952],[85.1481368,25.5968438],[85.1481378,25.5968374],[85.1481636,25.5966699],[85.1481855,25.5964443],[85.1481882,25.5964034],[85.1481899,25.5963781],[85.1481716,25.596377],[85.1481502,25.5963756],[85.1480349,25.5963683],[85.1472932,25.5963212],[85.1472414,25.5963173],[85.1464752,25.5962593],[85.1463843,25.5962525],[85.1457955,25.5962098],[85.1457571,25.596207],[85.1457583,25.59621],[85.1457594,25.596213],[85.145763,25.5962216],[85.1457656,25.5962269],[85.1457672,25.59623],[85.1457682,25.596232],[85.1457717,25.5962383],[85.1457749,25.5962433],[85.1457768,25.5962463],[85.1457822,25.5962541],[85.1457881,25.5962616],[85.1457882,25.5962617],[85.1457943,25.5962689],[85.1457946,25.59627],[85.145801,25.5963016],[85.145801,25.5963019],[85.1458004,25.5963101],[85.1457978,25.5963445],[85.1457975,25.5963456],[85.1457972,25.5963463],[85.1457861,25.5963817],[85.145786,25.596382],[85.1457757,25.5963919],[85.1457674,25.5963998],[85.1457649,25.5964021],[85.145759,25.5964078],[85.1457459,25.5964163],[85.1457318,25.5964253],[85.1457138,25.5964356],[85.1457062,25.5964381],[85.1456723,25.5964496],[85.1456484,25.5964522],[85.1456479,25.5964523],[85.1455877,25.5964531],[85.1455863,25.5964531],[85.1455665,25.5964534],[85.145545,25.5964516],[85.1455067,25.5964484],[85.1453954,25.5964392],[85.1453331,25.5964229],[85.1452588,25.5964036],[85.1452178,25.5963928],[85.1452065,25.5963899],[85.1450261,25.596318],[85.145026,25.596318],[85.1449822,25.5963005],[85.1449795,25.5962994],[85.1449743,25.5962973],[85.1447624,25.5962398],[85.1447258,25.5962319],[85.144708,25.5962295],[85.1447073,25.5962294],[85.1445277,25.5962055],[85.1444974,25.5962008],[85.1444376,25.5961915],[85.1443172,25.5961727],[85.144296,25.5961694],[85.144164,25.5961488],[85.1441947,25.5963218],[85.1442051,25.5964453],[85.1442193,25.596564],[85.1442236,25.5965826],[85.1442464,25.5966829],[85.14425,25.5966988],[85.1442576,25.5967321],[85.1442783,25.5969417],[85.1442803,25.5969619],[85.1442853,25.5970329],[85.1442956,25.5971805],[85.1442956,25.5971809],[85.1443275,25.5973797],[85.1443326,25.5974116],[85.1443466,25.5975042],[85.1443579,25.597579],[85.144363,25.5976126],[85.1443877,25.5978149],[85.1443891,25.5978338],[85.1444012,25.5979967],[85.1444082,25.5980501],[85.144416,25.5981091],[85.1444209,25.5981469],[85.14443,25.598216],[85.1444304,25.5982191],[85.1444401,25.5982927],[85.1444429,25.5983173],[85.1444481,25.5983631],[85.1444766,25.5986151],[85.1444814,25.5987087],[85.1444881,25.5988412],[85.1444901,25.5988807],[85.1445079,25.5990055],[85.1445208,25.599096],[85.1445208,25.5990961],[85.1445251,25.5991285],[85.1445457,25.599285],[85.1445484,25.5993059],[85.1445551,25.5993567],[85.1445755,25.5995005],[85.1445961,25.5996462],[85.1446127,25.5997604],[85.1446142,25.5997704],[85.1446336,25.5999043],[85.1446407,25.5999632],[85.1446415,25.5999695],[85.1446443,25.5999927],[85.1446591,25.6001155],[85.1446658,25.6001705],[85.1446693,25.6001993],[85.1446713,25.6002159],[85.1446995,25.600455],[85.1447024,25.6004792],[85.1447114,25.6005628],[85.1447377,25.6008075],[85.1447406,25.600833],[85.144752,25.6009359],[85.1447584,25.6009933],[85.144765,25.6010529],[85.1447674,25.6010748],[85.144768,25.6010807],[85.1447719,25.6011169],[85.1447824,25.601213],[85.1447894,25.6012783],[85.1448212,25.6015001],[85.1448371,25.6016161],[85.1448653,25.6018209],[85.144867,25.6018332],[85.1448696,25.6018518],[85.1448807,25.6019063],[85.1449091,25.6020458],[85.1449132,25.6020657],[85.1449582,25.6024983],[85.1449775,25.6026839],[85.144974,25.6027634],[85.1449732,25.6027815],[85.1447756,25.6027595],[85.1445769,25.6027386],[85.1441927,25.6026983],[85.1439202,25.6026549],[85.143752,25.6026295],[85.1437451,25.6026285],[85.143626,25.6026105],[85.1435294,25.602595],[85.1435292,25.602595],[85.1433145,25.6025605],[85.1431717,25.6025369],[85.1428592,25.6024855],[85.1426963,25.6024581],[85.1425223,25.6024289],[85.1422885,25.6024014],[85.1422821,25.6024003],[85.1422497,25.6023946],[85.1421917,25.6024516],[85.142162,25.6024809],[85.1421195,25.6025226],[85.1420859,25.6025556],[85.142052,25.6025956],[85.1420293,25.602633],[85.1420004,25.6026788],[85.1419645,25.6027578],[85.1419616,25.6027659],[85.1419346,25.6028416],[85.1419068,25.6030225],[85.1418971,25.603082],[85.1418826,25.6031715],[85.1418639,25.6032753],[85.1418442,25.6033849],[85.141829,25.6034618],[85.1417794,25.6037115],[85.1417792,25.603713],[85.1417551,25.6038463],[85.1417507,25.6038709],[85.1417462,25.6038954],[85.1417172,25.6040558],[85.1417161,25.6040628],[85.1417156,25.6040654],[85.14169,25.6042171],[85.1416906,25.6042172],[85.1417928,25.6042349],[85.1418158,25.6042389],[85.1418795,25.60425],[85.142346,25.6043074],[85.1425783,25.604335],[85.1429669,25.6043813],[85.1441047,25.6045169],[85.1453369,25.6045476],[85.1461549,25.6045679],[85.1473248,25.6045115],[85.1475771,25.6044994],[85.1481745,25.6044599],[85.1483384,25.6044488],[85.1483563,25.6044476],[85.1498074,25.6043495],[85.1509704,25.6042523],[85.1509717,25.6042522],[85.1514613,25.6042113],[85.1520815,25.6041616],[85.1526707,25.6041143],[85.1553383,25.6038484],[85.1555461,25.6038281],[85.1584745,25.6034967],[85.1585477,25.6034884],[85.1585476,25.6034873],[85.1585327,25.6033508],[85.1585326,25.60335]]]}},{"type":"Feature","properties":{"ward":"36","ward_title":"Ward 36","area":"Purbi Lohanipur / Kadamkuan South / Congress Maidan","short_area":"Purbi Lohanipur","ac_no":"182","ac_name":"Bankipur","ac_booths":32,"ac_booth_range":"163-194","ac_voters":29913,"total_ward_booths":"33","total_ward_voters":"34,036","center_lat":25.60634125,"center_lon":85.15020217267967,"label_lat":25.60539874334305,"label_lon":85.14977192101014,"has_leader":true,"leader_line":[[25.60634125,85.15020217267967],[25.60539874334305,85.14977192101014]],"color":"#3b82f6","color_dark":"#1d4ed8"},"geometry":{"type":"Polygon","coordinates":[[[85.1525605,25.6069907],[85.1528445,25.6069625],[85.1531798,25.6069291],[85.1532588,25.6069213],[85.1533963,25.6069076],[85.1535276,25.6068946],[85.153825,25.606865],[85.1539261,25.606855],[85.1540457,25.6068275],[85.1543731,25.606799],[85.1544048,25.6067963],[85.1544568,25.6067916],[85.1550385,25.60674],[85.1550439,25.6067393],[85.155142,25.6067278],[85.155209,25.6067199],[85.1552972,25.6066914],[85.1553365,25.6066568],[85.1553374,25.6066559],[85.1553645,25.6065953],[85.1553851,25.6065711],[85.1554116,25.6065477],[85.1554125,25.6065469],[85.1554412,25.6065299],[85.1554465,25.6065268],[85.1554737,25.6065107],[85.1555214,25.6064926],[85.1555836,25.6064787],[85.1557484,25.6064672],[85.1558901,25.6064572],[85.1561083,25.6064419],[85.1563437,25.6064254],[85.1564991,25.6064154],[85.1565161,25.6064143],[85.1567479,25.606393],[85.1568462,25.606381],[85.156904,25.6063832],[85.1569672,25.6063856],[85.1569667,25.6063944],[85.1569671,25.6064032],[85.1569685,25.6064119],[85.1569709,25.6064204],[85.1569728,25.6064283],[85.1569751,25.6064364],[85.1569779,25.6064443],[85.1569811,25.6064522],[85.1569846,25.6064599],[85.1569886,25.6064675],[85.1569929,25.6064748],[85.1569977,25.606482],[85.1570027,25.606489],[85.1570082,25.6064957],[85.157014,25.6065023],[85.1570194,25.6065078],[85.1571653,25.606628],[85.1572539,25.6066901],[85.1573087,25.6067255],[85.1573157,25.6067301],[85.1573754,25.6067654],[85.1573789,25.6067674],[85.1574438,25.6068017],[85.1575106,25.6068324],[85.1575793,25.6068589],[85.1576498,25.6068812],[85.1577218,25.6068989],[85.1577951,25.6069119],[85.1578389,25.6069173],[85.1578419,25.6069177],[85.1578697,25.6069211],[85.1579451,25.6069273],[85.1580211,25.6069313],[85.1580977,25.6069341],[85.1581089,25.6069344],[85.1581352,25.6069352],[85.1581554,25.6069358],[85.1581745,25.6069364],[85.1582514,25.6069384],[85.1583283,25.6069402],[85.1583828,25.6069413],[85.1583959,25.6069416],[85.1584053,25.6069418],[85.1584305,25.6069423],[85.1584692,25.606941],[85.1585076,25.6069336],[85.1585346,25.6069246],[85.1585347,25.6069246],[85.1585634,25.6068974],[85.1585754,25.6068741],[85.1585769,25.6068345],[85.158577,25.6068328],[85.1585726,25.6067894],[85.1585702,25.6067648],[85.1585748,25.6067219],[85.1585894,25.6066667],[85.1586631,25.606575],[85.1586634,25.6065746],[85.1587121,25.6065409],[85.158759,25.606518],[85.1588022,25.6065061],[85.1588265,25.6065042],[85.1588273,25.6065041],[85.1588275,25.6065027],[85.1588336,25.6064311],[85.1588193,25.6063859],[85.1587811,25.6061424],[85.1587808,25.60614],[85.1587748,25.6060979],[85.1587703,25.6060593],[85.1587673,25.6060206],[85.1587591,25.6059155],[85.1587441,25.6057219],[85.1587384,25.6056485],[85.1587271,25.6054988],[85.1587231,25.605449],[85.1587002,25.605162],[85.1586696,25.604779],[85.1586579,25.6046266],[85.1586357,25.6043375],[85.158629,25.6042514],[85.1586277,25.6042334],[85.1586109,25.6040148],[85.1585786,25.6037708],[85.1585786,25.6037705],[85.158548,25.603491],[85.1585477,25.6034884],[85.1584745,25.6034967],[85.1555461,25.6038281],[85.1553383,25.6038484],[85.1526707,25.6041143],[85.1520815,25.6041616],[85.1514613,25.6042113],[85.1509717,25.6042522],[85.1509704,25.6042523],[85.1498074,25.6043495],[85.1483563,25.6044476],[85.1483384,25.6044488],[85.1481745,25.6044599],[85.1475771,25.6044994],[85.1473248,25.6045115],[85.1461549,25.6045679],[85.1453369,25.6045476],[85.1441047,25.6045169],[85.1429669,25.6043813],[85.1425783,25.604335],[85.142346,25.6043074],[85.1418795,25.60425],[85.1418158,25.6042389],[85.1417362,25.6045166],[85.1417012,25.6046827],[85.1416662,25.6048488],[85.1416463,25.6049726],[85.1416144,25.6051714],[85.1415712,25.6054059],[85.1415504,25.6055853],[85.1415274,25.6056764],[85.1415114,25.6057883],[85.141487,25.6059327],[85.1414575,25.6060998],[85.1414496,25.6061634],[85.141462,25.6061812],[85.1415035,25.6062359],[85.1415541,25.6062931],[85.1415687,25.6063128],[85.141584,25.6063319],[85.1416001,25.6063506],[85.1416168,25.6063688],[85.1416342,25.6063865],[85.1416522,25.6064036],[85.1416708,25.6064202],[85.1416901,25.6064362],[85.1417065,25.6064489],[85.1417099,25.6064516],[85.1417303,25.6064664],[85.1417512,25.6064805],[85.1417727,25.606494],[85.1417946,25.6065069],[85.141817,25.606519],[85.1418399,25.6065305],[85.1418762,25.606546],[85.141878,25.6065468],[85.1420744,25.6066305],[85.1422059,25.6066905],[85.142579,25.6068606],[85.1428837,25.6070492],[85.1429046,25.6070646],[85.1429383,25.6070894],[85.1429387,25.6070897],[85.1429694,25.6071131],[85.1430701,25.6071822],[85.1431829,25.6072735],[85.1431941,25.6072845],[85.1434427,25.6075284],[85.1434534,25.6075387],[85.1437079,25.6077858],[85.1438076,25.6078782],[85.1439488,25.6080092],[85.1443439,25.6083481],[85.1443878,25.6083857],[85.1445557,25.6085109],[85.1446236,25.6085615],[85.1447293,25.6086404],[85.1447524,25.608656],[85.1449811,25.6088104],[85.1450693,25.6088579],[85.1450775,25.6088623],[85.1451763,25.6089033],[85.1452379,25.6089248],[85.1452641,25.6089339],[85.1452755,25.6089375],[85.1453634,25.6089579],[85.1454187,25.6089686],[85.1455486,25.608987],[85.1456961,25.609006],[85.145716,25.6090086],[85.1460437,25.609051],[85.1460638,25.6090536],[85.1461898,25.6090699],[85.1464206,25.6090975],[85.146891,25.6091538],[85.146995,25.6091717],[85.1470007,25.6091727],[85.1470415,25.6091796],[85.1471131,25.6092023],[85.1471156,25.6092033],[85.147126,25.6092077],[85.1471455,25.6091273],[85.1471484,25.6091007],[85.1471603,25.6089914],[85.1471619,25.6089766],[85.1471805,25.6088056],[85.1471835,25.6087779],[85.1471866,25.6087496],[85.1472014,25.6086135],[85.1472015,25.6086126],[85.1472133,25.6085041],[85.147226,25.6083873],[85.1472318,25.6083109],[85.147237,25.6082408],[85.147261,25.6079216],[85.1472636,25.607887],[85.1472683,25.6077293],[85.1472755,25.6074864],[85.1472766,25.6074497],[85.1472836,25.6073252],[85.1472885,25.6073146],[85.1473013,25.6073066],[85.1473064,25.6073049],[85.1473224,25.6073026],[85.1474856,25.6073],[85.1476392,25.6072976],[85.1476528,25.6072974],[85.1476579,25.6072973],[85.1476781,25.607297],[85.1478043,25.6072923],[85.1479537,25.6072866],[85.1479995,25.6072849],[85.1480195,25.6072842],[85.1480207,25.6072968],[85.1480227,25.6073148],[85.1480256,25.6073414],[85.1480259,25.6073432],[85.1480265,25.6073449],[85.1480273,25.6073465],[85.1480284,25.607348],[85.1480296,25.6073494],[85.1480311,25.6073506],[85.1480327,25.6073517],[85.1480345,25.6073525],[85.1480363,25.6073531],[85.1480383,25.6073535],[85.1480402,25.6073536],[85.1480422,25.6073535],[85.1480738,25.6073501],[85.148224,25.6073337],[85.1486932,25.6072826],[85.1487876,25.6072723],[85.1488338,25.6072673],[85.1491065,25.6072379],[85.1491462,25.6072336],[85.1491545,25.6072327],[85.1492883,25.6072183],[85.1495193,25.6071933],[85.1495206,25.6071933],[85.1495212,25.6071932],[85.1495231,25.6071934],[85.149525,25.6071937],[85.1495262,25.6071935],[85.1495298,25.6071935],[85.149534,25.6071931],[85.1495344,25.6071931],[85.149543,25.6071915],[85.1495696,25.6071781],[85.1495699,25.6071779],[85.1495704,25.6071777],[85.1495709,25.6071775],[85.1495714,25.6071773],[85.1495718,25.6071771],[85.1495723,25.607177],[85.1495728,25.6071769],[85.1495733,25.6071767],[85.1495739,25.6071767],[85.1495744,25.6071766],[85.1495749,25.6071765],[85.1495754,25.6071764],[85.149594,25.6071749],[85.1496184,25.6071729],[85.1497798,25.6071598],[85.1497884,25.6071591],[85.1500686,25.6071363],[85.1501586,25.6071289],[85.1501842,25.6071269],[85.150268,25.6071197],[85.1503535,25.6071125],[85.1503668,25.6071114],[85.1504868,25.6071012],[85.1507086,25.6070823],[85.1507772,25.6070765],[85.1508589,25.6070716],[85.1509892,25.6070637],[85.1510745,25.6070585],[85.1513186,25.6070437],[85.1513316,25.6070481],[85.1513435,25.6070546],[85.151354,25.6070628],[85.1513627,25.6070726],[85.1513694,25.6070836],[85.1513739,25.6070955],[85.1513754,25.6071048],[85.1513759,25.6071047],[85.1514044,25.6071019],[85.1518158,25.6070608],[85.1520344,25.6070401],[85.152074,25.6070369],[85.152079,25.6070365],[85.1522031,25.6070267],[85.1524541,25.6070025],[85.1524695,25.6070008],[85.1524751,25.6070002],[85.1525605,25.6069907]]]}},{"type":"Feature","properties":{"ward":"37","ward_title":"Ward 37","area":"Lohanipur East / Railway Colony / Kadamkuan","short_area":"Lohanipur East","ac_no":"182","ac_name":"Bankipur","ac_booths":13,"ac_booth_range":"125-146","ac_voters":11380,"total_ward_booths":"13","total_ward_voters":"38,067","center_lat":25.6147123,"center_lon":85.14645236553493,"label_lat":25.612669513351115,"label_lon":85.14645236553493,"has_leader":true,"leader_line":[[25.6147123,85.14645236553493],[25.612669513351115,85.14645236553493]],"color":"#3b82f6","color_dark":"#1d4ed8"},"geometry":{"type":"Polygon","coordinates":[[[85.1522636,25.6184061],[85.1522432,25.6183827],[85.1521713,25.6183339],[85.1521687,25.6183319],[85.1521666,25.6183295],[85.1521197,25.6182672],[85.1521188,25.6182659],[85.1520549,25.6181693],[85.1520499,25.6181662],[85.1520416,25.6181609],[85.1518831,25.6181333],[85.1516437,25.6180988],[85.151618,25.6180951],[85.1515634,25.6180895],[85.1513964,25.6180724],[85.1510813,25.6180401],[85.1510247,25.6180362],[85.1510229,25.6180271],[85.1510211,25.6180179],[85.1510122,25.6179721],[85.1509863,25.6178398],[85.1509616,25.6177133],[85.1509314,25.6175586],[85.1509272,25.6175467],[85.1508413,25.6173036],[85.1508007,25.6171886],[85.1507899,25.6171708],[85.1506767,25.6169846],[85.1506223,25.6167994],[85.150612,25.6167644],[85.1505926,25.6167133],[85.1505634,25.6166365],[85.1505504,25.6166022],[85.1504851,25.6164851],[85.1504721,25.6164617],[85.150449,25.6163786],[85.1504278,25.6163078],[85.1504103,25.616249],[85.1504052,25.6162321],[85.1504009,25.6162175],[85.1503211,25.6159506],[85.1503038,25.6158927],[85.1503031,25.6158904],[85.1503025,25.6158886],[85.1502991,25.6158776],[85.1502976,25.6158724],[85.150296,25.6158673],[85.1502831,25.6158252],[85.150272,25.615789],[85.1502714,25.6157872],[85.1502706,25.6157855],[85.1502695,25.6157839],[85.1502683,25.6157824],[85.150267,25.6157811],[85.1502655,25.6157798],[85.1502638,25.6157787],[85.1502621,25.6157778],[85.1502602,25.615777],[85.1502583,25.6157764],[85.1502563,25.615776],[85.1502543,25.6157758],[85.1501699,25.6157703],[85.1500129,25.6157601],[85.1500109,25.6157598],[85.1500089,25.6157594],[85.1500069,25.6157588],[85.1500051,25.615758],[85.1500033,25.6157571],[85.1500016,25.615756],[85.1500001,25.6157547],[85.1499988,25.6157533],[85.1499976,25.6157518],[85.1499966,25.6157502],[85.1499957,25.6157485],[85.1499951,25.6157467],[85.1499924,25.6157377],[85.1499891,25.6157264],[85.1499678,25.615654],[85.1499235,25.6155034],[85.1498516,25.6155348],[85.1498147,25.6155514],[85.1498124,25.6155525],[85.1498107,25.6155532],[85.1498046,25.615556],[85.1495405,25.615675],[85.149509,25.6156892],[85.1493089,25.6157643],[85.1492802,25.6157751],[85.1492247,25.6157959],[85.1492088,25.6157628],[85.1491929,25.6157297],[85.1491652,25.6156679],[85.1491528,25.6156402],[85.1491428,25.6156178],[85.1491391,25.6156096],[85.1490911,25.6155024],[85.1490768,25.6154693],[85.1490402,25.6153842],[85.1490041,25.6153004],[85.1489653,25.6152551],[85.1489651,25.6152549],[85.1489641,25.6152537],[85.1489552,25.6152434],[85.1488394,25.6150685],[85.1488003,25.6149983],[85.1487322,25.614876],[85.1487175,25.614845],[85.1487133,25.6148359],[85.1486679,25.6147396],[85.148601,25.6145405],[85.1485946,25.6145216],[85.148541,25.6143919],[85.1484645,25.6141971],[85.1484365,25.6141563],[85.1484204,25.6141022],[85.148388,25.6139932],[85.1483838,25.6139792],[85.148352,25.6138144],[85.1483461,25.6137384],[85.1483437,25.6137075],[85.1483296,25.6135257],[85.1483171,25.6133479],[85.1483169,25.6133446],[85.1483162,25.6133351],[85.1482998,25.6131006],[85.1482793,25.6128858],[85.1482652,25.6127375],[85.148248,25.6126095],[85.1482131,25.61235],[85.1481991,25.6122456],[85.1481988,25.6122435],[85.1481925,25.6122096],[85.1481736,25.6121095],[85.148169,25.6120847],[85.1480717,25.6117892],[85.1480678,25.6117772],[85.1480516,25.6117273],[85.1479647,25.6114597],[85.1479536,25.6114221],[85.1479124,25.6112821],[85.147868,25.6111314],[85.1478169,25.611007],[85.1478115,25.610994],[85.1477101,25.6107622],[85.1477032,25.6107464],[85.1476782,25.6106893],[85.1476496,25.6106245],[85.147583,25.6104739],[85.1475436,25.6103848],[85.1474718,25.6102049],[85.1473472,25.6102355],[85.1473395,25.6102154],[85.1473344,25.6101972],[85.1473132,25.6102029],[85.1472315,25.6102177],[85.1471876,25.6102256],[85.147173,25.6102283],[85.1470979,25.6102352],[85.1470515,25.6102395],[85.1469054,25.6102549],[85.1466799,25.6102786],[85.1465758,25.6102898],[85.1464537,25.6103028],[85.1463798,25.61031],[85.1462562,25.6103322],[85.1462427,25.6103342],[85.1461708,25.6103447],[85.1459042,25.6103556],[85.1456893,25.6103696],[85.1456892,25.6103696],[85.1456473,25.6103723],[85.1453493,25.6104123],[85.1453346,25.6104143],[85.1452399,25.6104294],[85.1452188,25.6104327],[85.1452242,25.6104831],[85.1452554,25.6107748],[85.1452424,25.6109549],[85.145242,25.6109673],[85.1452332,25.611211],[85.1452692,25.6112795],[85.145287,25.6112797],[85.1453052,25.61128],[85.1453101,25.6113582],[85.1454282,25.6113615],[85.1454278,25.6115178],[85.1453824,25.6115539],[85.1453248,25.6115998],[85.1453095,25.6116166],[85.1453646,25.6116949],[85.14542,25.6117666],[85.1454116,25.6117732],[85.1453672,25.6118077],[85.1453465,25.6118266],[85.1453184,25.6118524],[85.1452978,25.6118264],[85.145273,25.6117952],[85.1452125,25.611684],[85.1451819,25.6116429],[85.1451813,25.6116421],[85.1451807,25.6116414],[85.1451801,25.6116407],[85.1451794,25.61164],[85.1451787,25.6116393],[85.145178,25.6116387],[85.1451773,25.611638],[85.1451765,25.6116374],[85.1451758,25.6116369],[85.145175,25.6116363],[85.1451741,25.6116358],[85.1451733,25.6116353],[85.1451724,25.6116348],[85.1451716,25.6116343],[85.1451707,25.6116339],[85.1451698,25.6116335],[85.1451688,25.6116331],[85.1451679,25.6116328],[85.145167,25.6116325],[85.145166,25.6116322],[85.145165,25.6116319],[85.145164,25.6116317],[85.1451631,25.6116315],[85.1451369,25.6116267],[85.1449934,25.6116335],[85.1448401,25.6116554],[85.1447538,25.6116695],[85.1446049,25.6117174],[85.1444583,25.6117675],[85.1443076,25.6118202],[85.1442719,25.6118358],[85.144271,25.6118362],[85.1442701,25.6118367],[85.1442692,25.6118372],[85.1442683,25.6118377],[85.1442674,25.6118382],[85.1442666,25.6118388],[85.1442658,25.6118394],[85.144265,25.61184],[85.1442642,25.6118406],[85.1442635,25.6118413],[85.1442628,25.611842],[85.1442621,25.6118427],[85.1442614,25.6118434],[85.1442608,25.6118441],[85.1442602,25.6118449],[85.1442596,25.6118457],[85.1442591,25.6118465],[85.1442586,25.6118473],[85.1442581,25.6118482],[85.1442576,25.611849],[85.1442572,25.6118499],[85.1442568,25.6118508],[85.1442565,25.6118516],[85.1442562,25.6118525],[85.1442559,25.6118535],[85.1442557,25.6118544],[85.1442555,25.6118553],[85.1442553,25.6118562],[85.1442552,25.6118572],[85.1442551,25.6118581],[85.144255,25.611859],[85.144255,25.61186],[85.144255,25.6118609],[85.144255,25.6118619],[85.1442551,25.6118628],[85.1442559,25.6118706],[85.1442609,25.6119182],[85.1442838,25.6121535],[85.1442918,25.6122356],[85.1442924,25.6122419],[85.1442924,25.6122428],[85.1442925,25.6122438],[85.1442924,25.6122447],[85.1442924,25.6122456],[85.1442923,25.6122466],[85.1442922,25.6122475],[85.1442921,25.6122484],[85.1442919,25.6122493],[85.1442917,25.6122503],[85.1442914,25.6122512],[85.1442911,25.6122521],[85.1442908,25.6122529],[85.1442904,25.6122538],[85.1442901,25.6122547],[85.1442896,25.6122555],[85.1442892,25.6122564],[85.1442887,25.6122572],[85.1442882,25.612258],[85.1442876,25.6122588],[85.1442871,25.6122596],[85.1442865,25.6122603],[85.1442858,25.6122611],[85.1442852,25.6122618],[85.1442845,25.6122625],[85.1442838,25.6122632],[85.144283,25.6122638],[85.1442823,25.6122644],[85.1442815,25.612265],[85.1442807,25.6122656],[85.1442798,25.6122662],[85.144279,25.6122667],[85.1442781,25.6122672],[85.1442772,25.6122677],[85.1442763,25.6122681],[85.1442754,25.6122685],[85.1442744,25.6122689],[85.1442735,25.6122693],[85.1442725,25.6122696],[85.1442715,25.6122699],[85.1442608,25.612273],[85.144132,25.612304],[85.1440251,25.6123297],[85.1434788,25.6124612],[85.1434602,25.6124657],[85.1435937,25.6128423],[85.1436351,25.6129623],[85.1437341,25.6132488],[85.1437476,25.6132863],[85.1437485,25.6132888],[85.1438663,25.6136164],[85.1439407,25.6138333],[85.1439433,25.6138407],[85.1439995,25.6140046],[85.1441507,25.6144361],[85.1442011,25.6145821],[85.1442366,25.614685],[85.1443211,25.6149303],[85.1443304,25.6149555],[85.1443613,25.6150398],[85.1443739,25.6150863],[85.1443939,25.6151348],[85.1444198,25.6151809],[85.1444515,25.615224],[85.1444884,25.6152636],[85.14453,25.615299],[85.1445759,25.6153299],[85.1446254,25.6153557],[85.1446779,25.6153763],[85.1447326,25.6153912],[85.1447353,25.6153916],[85.1447634,25.6153962],[85.1447909,25.6153863],[85.1449657,25.6153285],[85.1453723,25.6151938],[85.1456539,25.6151004],[85.1458715,25.6150286],[85.1460083,25.6149943],[85.1462963,25.6149374],[85.1465083,25.6148956],[85.1466621,25.6148836],[85.1468555,25.6148825],[85.1468765,25.6148824],[85.146877,25.6148824],[85.1468887,25.6148823],[85.1469984,25.6148949],[85.1470594,25.6149019],[85.1472231,25.614937],[85.1473556,25.6149737],[85.1474727,25.6150159],[85.1475614,25.6150463],[85.1476462,25.6150867],[85.1477001,25.6151189],[85.1477727,25.6151598],[85.1478194,25.615195],[85.1478456,25.6152148],[85.1478824,25.6152457],[85.1479006,25.615261],[85.147992,25.6153669],[85.1480717,25.6154646],[85.1481154,25.6155183],[85.1482124,25.6156603],[85.1482615,25.6157586],[85.1483197,25.6158917],[85.148354,25.6159909],[85.1483711,25.6160405],[85.1483795,25.6160764],[85.1484078,25.6160671],[85.1487571,25.6159535],[85.1487572,25.6159535],[85.1488156,25.6159343],[85.1488156,25.6159344],[85.1488156,25.6159345],[85.148822,25.6159706],[85.1488348,25.6160427],[85.1488449,25.6160996],[85.1488997,25.6163632],[85.1489259,25.6164645],[85.1489611,25.6166011],[85.1490023,25.616763],[85.1490119,25.6168006],[85.149005,25.616803],[85.1489711,25.6168149],[85.149014,25.6169371],[85.1490361,25.6170003],[85.1491125,25.6172179],[85.1491397,25.6172996],[85.1491666,25.6173943],[85.1491912,25.6174725],[85.1491926,25.6174769],[85.1491981,25.6174969],[85.1492317,25.61762],[85.1492992,25.6178405],[85.1493064,25.6178639],[85.1493689,25.6181096],[85.149378,25.6181453],[85.1494099,25.6182665],[85.14940994288658,25.618266499564875],[85.1494407,25.6183832],[85.1494547,25.6184401],[85.1494591,25.6184578],[85.1494715,25.6185085],[85.1494776,25.6185331],[85.1495042,25.6186587],[85.1495443,25.6188477],[85.1497685,25.6188762],[85.1498953,25.6188936],[85.1498911,25.6189135],[85.1499193,25.6189158],[85.150656,25.6189728],[85.152118,25.6191538],[85.1531034,25.6192789],[85.1531063,25.6192603],[85.1531098,25.6192373],[85.1531438,25.6189684],[85.1531453,25.6189564],[85.1531527,25.6188981],[85.1531528,25.6188961],[85.1531525,25.6188941],[85.153152,25.6188922],[85.1531511,25.6188903],[85.15315,25.6188886],[85.1531485,25.6188871],[85.1531469,25.6188858],[85.1531451,25.6188847],[85.1531431,25.6188839],[85.1531409,25.6188833],[85.1531388,25.618883],[85.1531374,25.6188831],[85.1531366,25.6188831],[85.1530089,25.618893],[85.1530067,25.6188931],[85.1529498,25.6188975],[85.1529492,25.6188974],[85.1528399,25.6188799],[85.1527939,25.618854],[85.1526916,25.6187829],[85.1525761,25.6187072],[85.1525204,25.6186684],[85.1525128,25.6186631],[85.152415,25.6185858],[85.1523743,25.6185396],[85.1522796,25.6184244],[85.1522636,25.6184061]]]}},{"type":"Feature","properties":{"ward":"38","ward_title":"Ward 38","area":"Kadamkuan / Churi Market / Shiva Mandir Gali","short_area":"Churi Market","ac_no":"182","ac_name":"Bankipur","ac_booths":23,"ac_booth_range":"400-422","ac_voters":20802,"total_ward_booths":"23","total_ward_voters":"30,473","center_lat":25.611352099999998,"center_lon":85.15057042514823,"label_lat":25.608928995970317,"label_lon":85.15040167003463,"has_leader":true,"leader_line":[[25.611352099999998,85.15057042514823],[25.608928995970317,85.15040167003463]],"color":"#3b82f6","color_dark":"#1d4ed8"},"geometry":{"type":"Polygon","coordinates":[[[85.1540898,25.6148267],[85.1544628,25.6147984],[85.1544851,25.6147894],[85.1545082,25.6147735],[85.1545164,25.6147625],[85.1545234,25.6147529],[85.1545278,25.6147269],[85.1545232,25.6147016],[85.1545108,25.6146726],[85.1544899,25.6146538],[85.1544673,25.6145987],[85.1544325,25.6145133],[85.154432,25.614512],[85.1543837,25.6143939],[85.1543549,25.6143603],[85.1543523,25.6143572],[85.1543331,25.6143239],[85.1543082,25.6142659],[85.1542915,25.6142161],[85.1542854,25.6141863],[85.1542759,25.61414],[85.1542262,25.6140128],[85.1541109,25.61368],[85.1541088,25.6136737],[85.1541083,25.6136724],[85.1541076,25.6136703],[85.154104,25.6136601],[85.1540993,25.6136474],[85.1540444,25.6134959],[85.1539698,25.6132899],[85.1539396,25.6132065],[85.1539383,25.6132029],[85.1539053,25.6131116],[85.1538779,25.6130359],[85.1538369,25.6129227],[85.1538363,25.612921],[85.1537955,25.6128084],[85.1537776,25.6127632],[85.1537045,25.6125784],[85.1536757,25.6125154],[85.1536735,25.6125106],[85.1536476,25.6124539],[85.1536366,25.6123748],[85.1536328,25.6123473],[85.1536272,25.6123062],[85.1536247,25.6122881],[85.1536226,25.6122728],[85.1536103,25.6122048],[85.1536003,25.6121502],[85.1535581,25.6119726],[85.1535472,25.6119216],[85.1535191,25.61179],[85.1535157,25.6117744],[85.1533035,25.6117977],[85.1532969,25.6117666],[85.1532665,25.6116227],[85.1532581,25.6115832],[85.1532388,25.6114943],[85.1531764,25.6112076],[85.1531659,25.6111368],[85.1531383,25.6109493],[85.1531373,25.610942],[85.1531068,25.6107349],[85.1530678,25.6104699],[85.1530556,25.6103872],[85.1530094,25.6100733],[85.1529862,25.609948],[85.1529446,25.609724],[85.1529127,25.6095521],[85.1528996,25.6094811],[85.1528351,25.6091312],[85.1528104,25.6089976],[85.1528087,25.6089881],[85.1527418,25.6086087],[85.1526597,25.6081423],[85.1526456,25.6080623],[85.1526154,25.6078908],[85.1526027,25.607819],[85.1526026,25.6078182],[85.1525453,25.6074666],[85.1525353,25.6074046],[85.1525295,25.6073695],[85.1525232,25.6073309],[85.1524757,25.6070391],[85.1524731,25.6070228],[85.1524695,25.6070008],[85.1524541,25.6070025],[85.1522031,25.6070267],[85.152079,25.6070365],[85.152074,25.6070369],[85.1520344,25.6070401],[85.1518158,25.6070608],[85.1514044,25.6071019],[85.1513759,25.6071047],[85.1513754,25.6071048],[85.1513739,25.6070955],[85.1513694,25.6070836],[85.1513627,25.6070726],[85.151354,25.6070628],[85.1513435,25.6070546],[85.1513316,25.6070481],[85.1513186,25.6070437],[85.1510745,25.6070585],[85.1509892,25.6070637],[85.1508589,25.6070716],[85.1507772,25.6070765],[85.1507086,25.6070823],[85.1504868,25.6071012],[85.1503668,25.6071114],[85.1503535,25.6071125],[85.150268,25.6071197],[85.1501842,25.6071269],[85.1501586,25.6071289],[85.1500686,25.6071363],[85.1497884,25.6071591],[85.1497798,25.6071598],[85.1496184,25.6071729],[85.149594,25.6071749],[85.1495754,25.6071764],[85.1495749,25.6071765],[85.1495744,25.6071766],[85.1495739,25.6071767],[85.1495733,25.6071767],[85.1495728,25.6071769],[85.1495723,25.607177],[85.1495718,25.6071771],[85.1495714,25.6071773],[85.1495709,25.6071775],[85.1495704,25.6071777],[85.1495699,25.6071779],[85.1495696,25.6071781],[85.149543,25.6071915],[85.1495344,25.6071931],[85.149534,25.6071931],[85.1495298,25.6071935],[85.1495262,25.6071935],[85.149525,25.6071937],[85.1495231,25.6071934],[85.1495212,25.6071932],[85.1495206,25.6071933],[85.1495193,25.6071933],[85.1492883,25.6072183],[85.1491545,25.6072327],[85.1491462,25.6072336],[85.1491065,25.6072379],[85.1488338,25.6072673],[85.1487876,25.6072723],[85.1486932,25.6072826],[85.148224,25.6073337],[85.1480738,25.6073501],[85.1480422,25.6073535],[85.1480402,25.6073536],[85.1480383,25.6073535],[85.1480363,25.6073531],[85.1480345,25.6073525],[85.1480327,25.6073517],[85.1480311,25.6073506],[85.1480296,25.6073494],[85.1480284,25.607348],[85.1480273,25.6073465],[85.1480265,25.6073449],[85.1480259,25.6073432],[85.1480256,25.6073414],[85.1480227,25.6073148],[85.1480207,25.6072968],[85.1480195,25.6072842],[85.1479995,25.6072849],[85.1479537,25.6072866],[85.1478043,25.6072923],[85.1476781,25.607297],[85.1476579,25.6072973],[85.1476528,25.6072974],[85.1476392,25.6072976],[85.1474856,25.6073],[85.1473224,25.6073026],[85.1473064,25.6073049],[85.1473013,25.6073066],[85.1472885,25.6073146],[85.1472836,25.6073252],[85.1472766,25.6074497],[85.1472755,25.6074864],[85.1472683,25.6077293],[85.1472636,25.607887],[85.147261,25.6079216],[85.147237,25.6082408],[85.1472318,25.6083109],[85.147226,25.6083873],[85.1472133,25.6085041],[85.1472015,25.6086126],[85.1472014,25.6086135],[85.1471866,25.6087496],[85.1471835,25.6087779],[85.1471805,25.6088056],[85.1471619,25.6089766],[85.1471603,25.6089914],[85.1471484,25.6091007],[85.1471455,25.6091273],[85.147126,25.6092077],[85.1471237,25.6092182],[85.1471212,25.6092293],[85.1471166,25.6092505],[85.1471121,25.6092797],[85.1471187,25.6093257],[85.1471193,25.6093284],[85.1471353,25.6093946],[85.1471979,25.6096512],[85.1472132,25.6097138],[85.1472791,25.6099861],[85.1473234,25.6101582],[85.1473257,25.6101665],[85.1473344,25.6101972],[85.1473395,25.6102154],[85.1473472,25.6102355],[85.1474718,25.6102049],[85.1475436,25.6103848],[85.147583,25.6104739],[85.1476496,25.6106245],[85.1476782,25.6106893],[85.1477032,25.6107464],[85.1477101,25.6107622],[85.1478115,25.610994],[85.1478169,25.611007],[85.147868,25.6111314],[85.1479124,25.6112821],[85.1479536,25.6114221],[85.1479647,25.6114597],[85.1480516,25.6117273],[85.1480678,25.6117772],[85.1480717,25.6117892],[85.148169,25.6120847],[85.1481736,25.6121095],[85.1481925,25.6122096],[85.1481988,25.6122435],[85.1481991,25.6122456],[85.1482131,25.61235],[85.148248,25.6126095],[85.1482652,25.6127375],[85.1482793,25.6128858],[85.1482998,25.6131006],[85.1483162,25.6133351],[85.1483169,25.6133446],[85.1483171,25.6133479],[85.1483296,25.6135257],[85.1483437,25.6137075],[85.1483461,25.6137384],[85.148352,25.6138144],[85.1483838,25.6139792],[85.148388,25.6139932],[85.1484204,25.6141022],[85.1484365,25.6141563],[85.1484645,25.6141971],[85.148541,25.6143919],[85.1485946,25.6145216],[85.148601,25.6145405],[85.1486679,25.6147396],[85.1487133,25.6148359],[85.1487175,25.614845],[85.1487322,25.614876],[85.1488003,25.6149983],[85.1488394,25.6150685],[85.1489552,25.6152434],[85.1489641,25.6152537],[85.1489651,25.6152549],[85.1489653,25.6152551],[85.1490041,25.6153004],[85.1490402,25.6153842],[85.1490768,25.6154693],[85.1490911,25.6155024],[85.1491391,25.6156096],[85.1491428,25.6156178],[85.1491528,25.6156402],[85.1491652,25.6156679],[85.1491929,25.6157297],[85.1492088,25.6157628],[85.1492247,25.6157959],[85.1492802,25.6157751],[85.1493089,25.6157643],[85.149509,25.6156892],[85.1495405,25.615675],[85.1498046,25.615556],[85.1498107,25.6155532],[85.1498124,25.6155525],[85.1498147,25.6155514],[85.1498516,25.6155348],[85.1499235,25.6155034],[85.1499671,25.6154844],[85.1501065,25.6154269],[85.1502042,25.6153867],[85.1502863,25.615365],[85.1503141,25.6153577],[85.1503519,25.6153477],[85.1504981,25.6153091],[85.150573,25.6152953],[85.1506515,25.6152809],[85.1507818,25.6152574],[85.1510197,25.6152144],[85.1511131,25.6151976],[85.1513727,25.6151756],[85.1514464,25.6151683],[85.1517084,25.6151423],[85.1517815,25.615135],[85.1518351,25.6151273],[85.1520354,25.6150982],[85.1522091,25.6150731],[85.1523016,25.6150597],[85.1523639,25.6150522],[85.1524883,25.6150372],[85.152576,25.6150267],[85.1527062,25.6150111],[85.1528224,25.6149971],[85.1528694,25.6149914],[85.1530167,25.6149733],[85.1530482,25.6149695],[85.1530573,25.6149684],[85.1531637,25.6149553],[85.1533602,25.6149312],[85.1538061,25.6148673],[85.1539764,25.6148429],[85.1539817,25.6148422],[85.1540898,25.6148267]]]}},{"type":"Feature","properties":{"ward":"39","ward_title":"Ward 39","area":"New Jakkanpur / Dariyapur / Machhua Toli South","short_area":"New Jakkanpur","ac_no":"182","ac_name":"Bankipur","ac_booths":14,"ac_booth_range":"356-369","ac_voters":13485,"total_ward_booths":"14","total_ward_voters":"26,141","center_lat":25.6171193,"center_lon":85.15268591519603,"label_lat":25.62029430104644,"label_lon":85.14931270889214,"has_leader":true,"leader_line":[[25.6171193,85.15268591519603],[25.62029430104644,85.14931270889214]],"color":"#3b82f6","color_dark":"#1d4ed8"},"geometry":{"type":"Polygon","coordinates":[[[85.1548258,25.618883],[85.1548841,25.6186759],[85.1548911,25.6186679],[85.1549272,25.6186266],[85.1549539,25.6186051],[85.1548948,25.6181965],[85.1548942,25.6181919],[85.1548753,25.6180357],[85.1548686,25.6179797],[85.1548504,25.6178337],[85.1548483,25.617817],[85.1548467,25.6178042],[85.1548468,25.6177982],[85.1548468,25.6177974],[85.1548475,25.617755],[85.1548293,25.6176214],[85.154751,25.6173809],[85.1547137,25.6172663],[85.1547111,25.6172583],[85.1547107,25.6172578],[85.154577,25.6170678],[85.1545308,25.6170199],[85.1545192,25.6170107],[85.1545103,25.6170057],[85.1545026,25.6170029],[85.1544974,25.6170013],[85.1544921,25.617],[85.1544867,25.6169989],[85.1544812,25.616998],[85.1544758,25.6169974],[85.1544703,25.616997],[85.1544647,25.6169969],[85.1544592,25.616997],[85.1544537,25.6169973],[85.1544507,25.6169976],[85.1544458,25.6169786],[85.1543857,25.6167406],[85.1543808,25.6166917],[85.1543591,25.6164771],[85.1543221,25.6162601],[85.1542698,25.6160546],[85.1542406,25.61594],[85.1541689,25.6156587],[85.1541022,25.6153758],[85.1540834,25.6152963],[85.1539928,25.6149124],[85.1539764,25.6148429],[85.1538061,25.6148673],[85.1533602,25.6149312],[85.1531637,25.6149553],[85.1530573,25.6149684],[85.1530482,25.6149695],[85.1530167,25.6149733],[85.1528694,25.6149914],[85.1528224,25.6149971],[85.1527062,25.6150111],[85.152576,25.6150267],[85.1524883,25.6150372],[85.1523639,25.6150522],[85.1523016,25.6150597],[85.1522091,25.6150731],[85.1520354,25.6150982],[85.1518351,25.6151273],[85.1517815,25.615135],[85.1517084,25.6151423],[85.1514464,25.6151683],[85.1513727,25.6151756],[85.1511131,25.6151976],[85.1510197,25.6152144],[85.1507818,25.6152574],[85.1506515,25.6152809],[85.150573,25.6152953],[85.1504981,25.6153091],[85.1503519,25.6153477],[85.1503141,25.6153577],[85.1502863,25.615365],[85.1502042,25.6153867],[85.1501065,25.6154269],[85.1499671,25.6154844],[85.1499235,25.6155034],[85.1499678,25.615654],[85.1499891,25.6157264],[85.1499924,25.6157377],[85.1499951,25.6157467],[85.1499957,25.6157485],[85.1499966,25.6157502],[85.1499976,25.6157518],[85.1499988,25.6157533],[85.1500001,25.6157547],[85.1500016,25.615756],[85.1500033,25.6157571],[85.1500051,25.615758],[85.1500069,25.6157588],[85.1500089,25.6157594],[85.1500109,25.6157598],[85.1500129,25.6157601],[85.1501699,25.6157703],[85.1502543,25.6157758],[85.1502563,25.615776],[85.1502583,25.6157764],[85.1502602,25.615777],[85.1502621,25.6157778],[85.1502638,25.6157787],[85.1502655,25.6157798],[85.150267,25.6157811],[85.1502683,25.6157824],[85.1502695,25.6157839],[85.1502706,25.6157855],[85.1502714,25.6157872],[85.150272,25.615789],[85.1502831,25.6158252],[85.150296,25.6158673],[85.1502976,25.6158724],[85.1502991,25.6158776],[85.1503025,25.6158886],[85.1503031,25.6158904],[85.1503038,25.6158927],[85.1503211,25.6159506],[85.1504009,25.6162175],[85.1504052,25.6162321],[85.1504103,25.616249],[85.1504278,25.6163078],[85.150449,25.6163786],[85.1504721,25.6164617],[85.1504851,25.6164851],[85.1505504,25.6166022],[85.1505634,25.6166365],[85.1505926,25.6167133],[85.150612,25.6167644],[85.1506223,25.6167994],[85.1506767,25.6169846],[85.1507899,25.6171708],[85.1508007,25.6171886],[85.1508413,25.6173036],[85.1509272,25.6175467],[85.1509314,25.6175586],[85.1509616,25.6177133],[85.1509863,25.6178398],[85.1510122,25.6179721],[85.1510211,25.6180179],[85.1510229,25.6180271],[85.1510247,25.6180362],[85.1510813,25.6180401],[85.1513964,25.6180724],[85.1515634,25.6180895],[85.151618,25.6180951],[85.1516437,25.6180988],[85.1518831,25.6181333],[85.1520416,25.6181609],[85.1520499,25.6181662],[85.1520549,25.6181693],[85.1521188,25.6182659],[85.1521197,25.6182672],[85.1521666,25.6183295],[85.1521687,25.6183319],[85.1521713,25.6183339],[85.1522432,25.6183827],[85.1522636,25.6184061],[85.1522796,25.6184244],[85.1523373,25.6184946],[85.15233730924987,25.61849460174852],[85.1523743,25.6185396],[85.152415,25.6185858],[85.1525128,25.6186631],[85.1525204,25.6186684],[85.1525761,25.6187072],[85.1526916,25.6187829],[85.1527939,25.618854],[85.1528399,25.6188799],[85.1529492,25.6188974],[85.1529498,25.6188975],[85.1530067,25.6188931],[85.1530089,25.618893],[85.1531366,25.6188831],[85.1531374,25.6188831],[85.1531388,25.618883],[85.1531409,25.6188833],[85.1531431,25.6188839],[85.1531451,25.6188847],[85.1531469,25.6188858],[85.1531485,25.6188871],[85.15315,25.6188886],[85.1531511,25.6188903],[85.153152,25.6188922],[85.1531525,25.6188941],[85.1531528,25.6188961],[85.1531527,25.6188981],[85.1531453,25.6189564],[85.1531438,25.6189684],[85.1531221,25.61914],[85.1531098,25.6192373],[85.1531063,25.6192603],[85.1531034,25.6192789],[85.1537062,25.6193554],[85.1547677,25.6194809],[85.1547709,25.6193717],[85.1547742,25.6192586],[85.1547809,25.6190316],[85.1548185,25.6189088],[85.1548185,25.6189087],[85.15482574387661,25.618882993072017],[85.1548258,25.618883]]]}},{"type":"Feature","properties":{"ward":"40","ward_title":"Ward 40","area":"Govind Mitra Road (GM Road) / BM Das Road / Pirbahore","short_area":"GM Road","ac_no":"182","ac_name":"Bankipur","ac_booths":17,"ac_booth_range":"376-392","ac_voters":15128,"total_ward_booths":"17","total_ward_voters":"30,486","center_lat":25.617313850000002,"center_lon":85.15663108822775,"label_lat":25.616190917773956,"label_lon":85.15931268013358,"has_leader":true,"leader_line":[[25.617313850000002,85.15663108822775],[25.616190917773956,85.15931268013358]],"color":"#3b82f6","color_dark":"#1d4ed8"},"geometry":{"type":"Polygon","coordinates":[[[85.1588695,25.6189143],[85.1588693,25.6189127],[85.1588692,25.6189122],[85.1588687,25.6187291],[85.15886,25.6186313],[85.1588597,25.6186302],[85.1588581,25.618626],[85.1588423,25.6185823],[85.1588141,25.6185364],[85.1587979,25.61851],[85.1587366,25.6184357],[85.158724,25.6184205],[85.1587183,25.6184135],[85.1587149,25.6184055],[85.1587123,25.6183994],[85.1586531,25.6182601],[85.1586091,25.6181526],[85.1585913,25.618109],[85.1585834,25.6180898],[85.1585575,25.6179116],[85.1585558,25.6178917],[85.1585555,25.6178882],[85.1585412,25.6177157],[85.1585411,25.6177144],[85.158529,25.6175695],[85.1585312,25.6175306],[85.1585336,25.6174886],[85.1585343,25.6174762],[85.1585406,25.6173614],[85.1585059,25.6171443],[85.1585022,25.6171214],[85.15849,25.6170623],[85.1584887,25.6170559],[85.1584828,25.6170311],[85.1584513,25.6168988],[85.1584125,25.6167401],[85.1583832,25.6166205],[85.1583729,25.616573],[85.1583717,25.6165674],[85.1583007,25.6162419],[85.1582598,25.616054],[85.1582538,25.6160265],[85.1582736,25.616006],[85.1582969,25.615982],[85.1583153,25.615958],[85.158338,25.615928],[85.158327,25.6159238],[85.1582028,25.6158768],[85.1580311,25.6158152],[85.1580175,25.6158106],[85.1577102,25.6156976],[85.1574843,25.6155939],[85.1573605,25.6155403],[85.1569804,25.6153758],[85.1568592,25.6153233],[85.156858,25.6153228],[85.1566638,25.6152367],[85.1566378,25.6152252],[85.1565783,25.6151988],[85.15648,25.6151553],[85.1564558,25.6151445],[85.1562336,25.615046],[85.1561017,25.6150012],[85.1560851,25.6149955],[85.1558304,25.614909],[85.1556746,25.6148605],[85.1555602,25.6148248],[85.155393,25.6147982],[85.1552935,25.6147823],[85.1552033,25.6147727],[85.154989,25.614772],[85.1549835,25.6147719],[85.1549781,25.6147719],[85.1547923,25.6147749],[85.1547678,25.6147766],[85.1546806,25.6147825],[85.1546083,25.6147873],[85.1544628,25.6147984],[85.1540898,25.6148267],[85.1539817,25.6148422],[85.1539764,25.6148429],[85.1539928,25.6149124],[85.1540834,25.6152963],[85.1541022,25.6153758],[85.1541689,25.6156587],[85.1542406,25.61594],[85.1542698,25.6160546],[85.1543221,25.6162601],[85.1543591,25.6164771],[85.1543808,25.6166917],[85.1543857,25.6167406],[85.1544458,25.6169786],[85.1544507,25.6169976],[85.1544537,25.6169973],[85.1544592,25.616997],[85.1544647,25.6169969],[85.1544703,25.616997],[85.1544758,25.6169974],[85.1544812,25.616998],[85.1544867,25.6169989],[85.1544921,25.617],[85.1544974,25.6170013],[85.1545026,25.6170029],[85.1545103,25.6170057],[85.1545192,25.6170107],[85.1545308,25.6170199],[85.154577,25.6170678],[85.1547107,25.6172578],[85.1547111,25.6172583],[85.1547137,25.6172663],[85.154751,25.6173809],[85.1548293,25.6176214],[85.1548475,25.617755],[85.1548468,25.6177974],[85.1548468,25.6177982],[85.1548467,25.6178042],[85.1548483,25.617817],[85.1548504,25.6178337],[85.1548686,25.6179797],[85.1548753,25.6180357],[85.1548942,25.6181919],[85.1548948,25.6181965],[85.1549539,25.6186051],[85.1549272,25.6186266],[85.1548911,25.6186679],[85.1548841,25.6186759],[85.1548185,25.6189087],[85.1548185,25.6189088],[85.1547809,25.6190316],[85.1547742,25.6192586],[85.1547709,25.6193717],[85.1547677,25.6194809],[85.1555154,25.6195693],[85.1572562,25.6197776],[85.1588388,25.619659],[85.1588637,25.619657],[85.1589005,25.6196459],[85.1589069,25.619644],[85.1589736,25.6196294],[85.1589659,25.6195847],[85.1589376,25.6194216],[85.1589141,25.6192861],[85.158898,25.6191522],[85.1588923659324,25.619105200015042],[85.1588924,25.6191052],[85.1588752,25.618962],[85.1588695,25.6189143]]]}},{"type":"Feature","properties":{"ward":"41","ward_title":"Ward 41","area":"Lohanipur Main / Kadamkuan Main Road","short_area":"Lohanipur Main","ac_no":"182","ac_name":"Bankipur","ac_booths":7,"ac_booth_range":"370-395","ac_voters":6093,"total_ward_booths":"28","total_ward_voters":"23,804","center_lat":25.61725285,"center_lon":85.16501874312934,"label_lat":25.619752839577593,"label_lon":85.1693126632802,"has_leader":true,"leader_line":[[25.61725285,85.16501874312934],[25.619752839577593,85.1693126632802]],"color":"#3b82f6","color_dark":"#1d4ed8"},"geometry":{"type":"Polygon","coordinates":[[[85.1715326,25.6173811],[85.1714892,25.617078],[85.1714788,25.6170058],[85.1714774,25.6169956],[85.1714772,25.6169943],[85.1714763,25.6169879],[85.1714713,25.6169534],[85.1714674,25.6169264],[85.1714671,25.616924],[85.1714674,25.6169237],[85.17148,25.6169109],[85.1715007,25.6169035],[85.171522,25.6168958],[85.1717408,25.6168576],[85.1722336,25.6167716],[85.1728213,25.6166965],[85.1728445,25.6166829],[85.1728135,25.6166615],[85.1727355,25.6166073],[85.1726412,25.6165652],[85.1726112,25.6165518],[85.1722809,25.6164275],[85.1722807,25.6164274],[85.1722806,25.6164274],[85.1722804,25.6164273],[85.1722803,25.6164272],[85.17228,25.6164271],[85.172027,25.6163124],[85.1718646,25.6162323],[85.1718535,25.6162269],[85.1718523,25.6162263],[85.1718501,25.6162252],[85.1716555,25.616142],[85.171539,25.6161076],[85.1713055,25.6160386],[85.171266,25.6160274],[85.171229,25.6160168],[85.1711618,25.6159978],[85.1710037,25.6159811],[85.1709443,25.6159793],[85.1709078,25.6159782],[85.1708905,25.6159776],[85.1707785,25.6159929],[85.1706903,25.6160049],[85.1706853,25.6160055],[85.1705721,25.6160176],[85.1703102,25.6160457],[85.1700986,25.6160571],[85.1700326,25.6160606],[85.1698525,25.6160691],[85.1697592,25.6160723],[85.1694072,25.6160801],[85.1693537,25.6160813],[85.1690815,25.6160929],[85.1689066,25.6161027],[85.1688672,25.6161048],[85.1687636,25.6161106],[85.1687589,25.6161103],[85.1686645,25.6161048],[85.1686201,25.6160951],[85.1685397,25.6160539],[85.1682233,25.6158113],[85.1682041,25.6157951],[85.1681048,25.6157113],[85.1681038,25.6157105],[85.168094,25.6156998],[85.1680844,25.615689],[85.1680749,25.6156781],[85.1680655,25.6156671],[85.1680562,25.6156561],[85.168047,25.6156449],[85.168038,25.6156337],[85.1680366,25.6156319],[85.1680291,25.6156224],[85.1680204,25.615611],[85.1680117,25.6155995],[85.1680091,25.6155959],[85.1680032,25.6155879],[85.1679948,25.6155763],[85.1678857,25.6153587],[85.1678478,25.615239],[85.1678253,25.6151356],[85.1677973,25.6150068],[85.1677829,25.6149408],[85.1677752,25.6149053],[85.1676963,25.6149189],[85.1676537,25.6149262],[85.1675492,25.6149181],[85.167535,25.6149155],[85.1674131,25.6148925],[85.1673375,25.6148783],[85.1670961,25.6148329],[85.1669545,25.6148062],[85.1669194,25.6148004],[85.1669041,25.6147978],[85.1668645,25.6147997],[85.166823,25.6148049],[85.1667895,25.6148125],[85.1667416,25.6148232],[85.166709,25.6148306],[85.1665101,25.6148753],[85.1664824,25.6148828],[85.1664703,25.614886],[85.1662754,25.6149387],[85.1661913,25.6149614],[85.1660865,25.6149897],[85.1657458,25.6150818],[85.1652965,25.6152031],[85.1651822,25.615234],[85.1651707,25.6152371],[85.1649252,25.6153072],[85.16479,25.6153459],[85.1645957,25.6154013],[85.1643415,25.6154739],[85.1642666,25.6154953],[85.1640248,25.6155644],[85.1640036,25.6155704],[85.1638941,25.6156017],[85.1638517,25.6156138],[85.1636163,25.6156602],[85.1634611,25.6156908],[85.1633186,25.6157189],[85.1631773,25.6157468],[85.1630804,25.6157659],[85.1629085,25.6157997],[85.1624161,25.615895],[85.1622181,25.6159332],[85.1621816,25.615938],[85.1619615,25.6159668],[85.1618451,25.615982],[85.1616846,25.6159862],[85.1615295,25.6159904],[85.1614315,25.615985],[85.1612064,25.6159727],[85.1611745,25.615971],[85.1611383,25.615969],[85.1608973,25.6159524],[85.1607768,25.6159441],[85.1606644,25.6159363],[85.1604673,25.6159112],[85.1604353,25.6159055],[85.1603218,25.6158851],[85.1603008,25.6158813],[85.1602998,25.6158812],[85.1600515,25.6158654],[85.1598385,25.6158518],[85.1597722,25.6158547],[85.1597505,25.6158557],[85.1596148,25.6158616],[85.1594322,25.6158695],[85.1593318,25.6158739],[85.1593222,25.6158744],[85.1592042,25.61588],[85.1590739,25.6158862],[85.1589766,25.6158908],[85.1588994,25.6158953],[85.158338,25.615928],[85.1583153,25.615958],[85.1582969,25.615982],[85.1582736,25.616006],[85.1582538,25.6160265],[85.1582598,25.616054],[85.1583007,25.6162419],[85.1583717,25.6165674],[85.1583729,25.616573],[85.1583832,25.6166205],[85.1584125,25.6167401],[85.1584513,25.6168988],[85.1584828,25.6170311],[85.1584887,25.6170559],[85.15849,25.6170623],[85.1585022,25.6171214],[85.1585059,25.6171443],[85.1585406,25.6173614],[85.1585343,25.6174762],[85.1585336,25.6174886],[85.1585312,25.6175306],[85.158529,25.6175695],[85.1585411,25.6177144],[85.1585412,25.6177157],[85.1585555,25.6178882],[85.1585558,25.6178917],[85.1585575,25.6179116],[85.1585834,25.6180898],[85.1585913,25.618109],[85.1586091,25.6181526],[85.1586531,25.6182601],[85.1587123,25.6183994],[85.1587149,25.6184055],[85.1587183,25.6184135],[85.158724,25.6184205],[85.1587366,25.6184357],[85.1587979,25.61851],[85.1588141,25.6185364],[85.1588423,25.6185823],[85.1588581,25.618626],[85.1588597,25.6186302],[85.15886,25.6186313],[85.1588687,25.6187291],[85.1588692,25.6189122],[85.1588693,25.6189127],[85.1588695,25.6189143],[85.1588752,25.618962],[85.158898,25.6191522],[85.1589141,25.6192861],[85.1589376,25.6194216],[85.1589659,25.6195847],[85.1589736,25.6196294],[85.1600975,25.6195502],[85.1607066,25.6194867],[85.1629706,25.6192524],[85.1652615,25.6189802],[85.1659689,25.6188936],[85.1669997,25.6190164],[85.168131,25.6191166],[85.1694262,25.6191806],[85.1704693,25.6191936],[85.1718112,25.6191489],[85.1717985,25.6189885],[85.1717966,25.6189637],[85.171796,25.6189562],[85.1717932,25.6189206],[85.1717932,25.6189203],[85.1717931,25.6189201],[85.1717931,25.61892],[85.1717931,25.6189198],[85.1717931,25.6189196],[85.1717902,25.6189024],[85.1717882,25.61889],[85.1717732,25.6187994],[85.1717699,25.61878],[85.1717284356652,25.618529603146587],[85.1717285,25.6185296],[85.1716309,25.6179406],[85.1715326,25.6173811]]]}},{"type":"Feature","properties":{"ward":"42","ward_title":"Ward 42","area":"Rajendra Nagar North / Arya Kumar Road / Stadium","short_area":"Arya Kumar Rd","ac_no":"182","ac_name":"Bankipur","ac_booths":6,"ac_booth_range":"393-399","ac_voters":5506,"total_ward_booths":"28","total_ward_voters":"38,214","center_lat":25.613073749999998,"center_lon":85.16023291492098,"label_lat":25.612490917773954,"label_lon":85.16040167003459,"has_leader":false,"leader_line":null,"color":"#3b82f6","color_dark":"#1d4ed8"},"geometry":{"type":"Polygon","coordinates":[[[85.1589766,25.6158908],[85.1590739,25.6158862],[85.1592042,25.61588],[85.1593222,25.6158744],[85.1593318,25.6158739],[85.1594322,25.6158695],[85.1596148,25.6158616],[85.1597505,25.6158557],[85.1597722,25.6158547],[85.1598385,25.6158518],[85.1600515,25.6158654],[85.1602998,25.6158812],[85.1603008,25.6158813],[85.1603218,25.6158851],[85.1604353,25.6159055],[85.1604673,25.6159112],[85.1606644,25.6159363],[85.1607768,25.6159441],[85.1608973,25.6159524],[85.1611383,25.615969],[85.1611745,25.615971],[85.1612064,25.6159727],[85.1614315,25.615985],[85.1615295,25.6159904],[85.1616846,25.6159862],[85.1618451,25.615982],[85.1619615,25.6159668],[85.1621816,25.615938],[85.1622181,25.6159332],[85.1624161,25.615895],[85.1629085,25.6157997],[85.1630804,25.6157659],[85.1631773,25.6157468],[85.1633186,25.6157189],[85.1634611,25.6156908],[85.1636163,25.6156602],[85.1638517,25.6156138],[85.1638941,25.6156017],[85.1640036,25.6155704],[85.1640248,25.6155644],[85.1642666,25.6154953],[85.1643415,25.6154739],[85.1645957,25.6154013],[85.16479,25.6153459],[85.1649252,25.6153072],[85.1651707,25.6152371],[85.1651822,25.615234],[85.1652965,25.6152031],[85.1657458,25.6150818],[85.1660865,25.6149897],[85.1661913,25.6149614],[85.1662754,25.6149387],[85.1664703,25.614886],[85.1664824,25.6148828],[85.1665101,25.6148753],[85.166709,25.6148306],[85.1667416,25.6148232],[85.1667895,25.6148125],[85.166823,25.6148049],[85.1668645,25.6147997],[85.1669041,25.6147978],[85.1669194,25.6148004],[85.1669064,25.614738],[85.1668961,25.6146962],[85.1668791,25.6146279],[85.1668713,25.6145966],[85.1668258,25.6144137],[85.1668,25.6142917],[85.1667917,25.6142523],[85.1667511,25.6140593],[85.16671,25.6138172],[85.1666565,25.6135645],[85.1666486,25.6135173],[85.1666117,25.6132991],[85.1666101,25.6132892],[85.1666063,25.613267],[85.1666008,25.6132346],[85.1665902,25.6131704],[85.1665536,25.6129489],[85.1665477,25.612924],[85.1665404,25.6128932],[85.166456,25.6125351],[85.166433,25.612445],[85.1663442,25.6120967],[85.1662587,25.6117353],[85.1662475,25.6116803],[85.1662177,25.6115331],[85.1662014,25.6114521],[85.1661832,25.6113624],[85.1661651,25.6112464],[85.1661537,25.6111735],[85.1660777,25.6106868],[85.1660231,25.6103162],[85.1660129,25.6102465],[85.1660089,25.6102197],[85.1659901,25.6101046],[85.1659891,25.6101048],[85.1658397,25.6101259],[85.1658103,25.6101308],[85.1657504,25.6101407],[85.1657014,25.6101488],[85.1654865,25.6101844],[85.1652918,25.6102171],[85.1652542,25.610224],[85.1651291,25.6102471],[85.1649326,25.6102833],[85.1645429,25.6103552],[85.164096,25.6104213],[85.1640438,25.610429],[85.1639472,25.6104413],[85.1634556,25.6105033],[85.1634081,25.6105088],[85.1624603,25.6106178],[85.1619055,25.6106845],[85.16094,25.6107988],[85.1606667,25.6108302],[85.1604455,25.6108556],[85.1603903,25.6108619],[85.1598663,25.6109221],[85.15975,25.6109329],[85.1596952,25.6109381],[85.1594076,25.6109649],[85.1593827,25.6109673],[85.1593526,25.6109701],[85.1592086,25.6109835],[85.1589892,25.6110333],[85.1587493,25.6110876],[85.1587279,25.6110925],[85.1584404,25.6111576],[85.1582682,25.6111967],[85.1582259,25.6112062],[85.1581306,25.6112229],[85.1577979,25.611281],[85.157777,25.6112847],[85.1577444,25.6112904],[85.1577013,25.6112943],[85.1573993,25.6113216],[85.1572743,25.611333],[85.1570946,25.6113619],[85.1570803,25.6113642],[85.1570026,25.6113768],[85.1567226,25.6114113],[85.1564947,25.6114395],[85.1563708,25.6114548],[85.1562366,25.6114697],[85.1561491,25.6114794],[85.1560278,25.6114929],[85.1557588,25.6115227],[85.1556661,25.611533],[85.1554699,25.6115501],[85.1554688,25.6115502],[85.1552184,25.611572],[85.1549601,25.6116052],[85.1547802,25.6116282],[85.1547479,25.6116324],[85.1543846,25.611679],[85.1541098,25.6117092],[85.1535799,25.6117673],[85.1535157,25.6117744],[85.1535191,25.61179],[85.1535472,25.6119216],[85.1535581,25.6119726],[85.1536003,25.6121502],[85.1536103,25.6122048],[85.1536226,25.6122728],[85.1536247,25.6122881],[85.1536272,25.6123062],[85.1536328,25.6123473],[85.1536366,25.6123748],[85.1536476,25.6124539],[85.1536735,25.6125106],[85.1536757,25.6125154],[85.1537045,25.6125784],[85.1537776,25.6127632],[85.1537955,25.6128084],[85.1538363,25.612921],[85.1538369,25.6129227],[85.1538779,25.6130359],[85.1539053,25.6131116],[85.1539383,25.6132029],[85.1539396,25.6132065],[85.1539698,25.6132899],[85.1540444,25.6134959],[85.1540993,25.6136474],[85.154104,25.6136601],[85.1541076,25.6136703],[85.1541083,25.6136724],[85.1541088,25.6136737],[85.1541109,25.61368],[85.1542262,25.6140128],[85.1542759,25.61414],[85.1542854,25.6141863],[85.1542915,25.6142161],[85.1543082,25.6142659],[85.1543331,25.6143239],[85.1543523,25.6143572],[85.1543549,25.6143603],[85.1543837,25.6143939],[85.154432,25.614512],[85.1544325,25.6145133],[85.1544673,25.6145987],[85.1544899,25.6146538],[85.1545108,25.6146726],[85.1545232,25.6147016],[85.1545278,25.6147269],[85.1545234,25.6147529],[85.1545164,25.6147625],[85.1545082,25.6147735],[85.1544851,25.6147894],[85.1544628,25.6147984],[85.1546083,25.6147873],[85.1546806,25.6147825],[85.1547678,25.6147766],[85.1547923,25.6147749],[85.1549781,25.6147719],[85.1549835,25.6147719],[85.154989,25.614772],[85.1552033,25.6147727],[85.1552935,25.6147823],[85.155393,25.6147982],[85.1555602,25.6148248],[85.1556746,25.6148605],[85.1558304,25.614909],[85.1560851,25.6149955],[85.1561017,25.6150012],[85.1562336,25.615046],[85.1564558,25.6151445],[85.15648,25.6151553],[85.1565783,25.6151988],[85.1566378,25.6152252],[85.1566638,25.6152367],[85.156858,25.6153228],[85.1568592,25.6153233],[85.1569804,25.6153758],[85.1573605,25.6155403],[85.1574843,25.6155939],[85.1577102,25.6156976],[85.1580175,25.6158106],[85.1580311,25.6158152],[85.1582028,25.6158768],[85.158327,25.6159238],[85.158338,25.615928],[85.1588994,25.6158953],[85.1589766,25.6158908]]]}}]}