{"type": "FeatureCollection", "metadata": {"ac_no": "181", "ac_name": "Digha", "total_wards": 23}, "features": [{"type": "Feature", "properties": {"ward": "1", "ward_title": "Ward 1", "area": "Digha / Rajiv Nagar / Nakta Diyara", "short_area": "Digha / Rajiv Nagar", "ac_no": "181", "ac_name": "Digha", "ac_booths": 33, "ac_booth_range": "1-69", "ac_voters": 31992, "total_ward_booths": "33", "total_ward_voters": "31,992", "center_lat": 25.6360774, "center_lon": 85.08565930476367, "label_lat": 25.6360774, "label_lon": 85.08565930476367, "has_leader": false, "leader_line": null, "color": "#10b981", "color_dark": "#047857"}, "geometry": {"type": "Polygon", "coordinates": [[[85.0920687, 25.6481899], [85.0920752, 25.6479169], [85.0921062, 25.6477726], [85.0921057, 25.6477705], [85.0921796, 25.646843], [85.0922293, 25.6468415], [85.092238, 25.6467408], [85.0922601, 25.6467404], [85.0922689, 25.6464643], [85.0922715, 25.6460661], [85.0923261, 25.6459937], [85.0923796, 25.6459228], [85.0924028, 25.6448823], [85.0924094, 25.644587], [85.0923395, 25.6442006], [85.0923366, 25.644188], [85.0922965, 25.6440139], [85.0922954, 25.6440109], [85.0923138, 25.643868], [85.092321, 25.6438125], [85.0923317, 25.6437292], [85.0924321, 25.6432422], [85.0926391, 25.6424621], [85.0927355, 25.6422004], [85.0928702, 25.6418345], [85.0929691, 25.6416595], [85.0930027, 25.6415723], [85.0930291, 25.6415039], [85.0930499, 25.6414498], [85.0930696, 25.6413987], [85.0931541, 25.6411792], [85.0932033, 25.6410514], [85.0934153, 25.6405384], [85.0934458, 25.6404834], [85.0934516, 25.6404729], [85.0935672, 25.6402645], [85.0942744, 25.6389891], [85.0943023, 25.6390253], [85.0943273, 25.6390578], [85.0944037, 25.6389533], [85.094668, 25.6385913], [85.0946763, 25.63858], [85.094679, 25.6385762], [85.09469, 25.6385612], [85.0947095, 25.6385346], [85.0948413, 25.6383599], [85.0948938, 25.6382903], [85.0950458, 25.6380888], [85.0950547, 25.638077], [85.0952498, 25.6378184], [85.0952525, 25.6378076], [85.0952585, 25.6377831], [85.0956303, 25.6372989], [85.0956422, 25.6372817], [85.095654, 25.6372645], [85.0959868, 25.6367828], [85.0959896, 25.6367844], [85.0960015, 25.6367671], [85.0960134, 25.6367499], [85.0960106, 25.6367483], [85.0960719, 25.6366596], [85.0965284, 25.6359701], [85.0967321, 25.6357037], [85.0967323, 25.6357038], [85.0967642, 25.6357207], [85.0969888, 25.6353533], [85.0970084, 25.6353213], [85.0970767, 25.6352095], [85.0970791, 25.6352088], [85.0988267, 25.6327966], [85.0989645, 25.6326013], [85.0989586, 25.6325738], [85.0989306, 25.6325462], [85.0988543, 25.6324706], [85.0988464, 25.6324456], [85.0988436, 25.6324364], [85.0988429, 25.6324052], [85.0988576, 25.6323517], [85.0989266, 25.6320483], [85.0989476, 25.6319508], [85.0989486, 25.6319457], [85.0989743, 25.6318156], [85.0989734, 25.6317411], [85.0989366, 25.6315564], [85.0987224, 25.63087], [85.0986718, 25.6307078], [85.0986634, 25.6306812], [85.0986409, 25.6306859], [85.0985011, 25.6307149], [85.0984983, 25.6307155], [85.0984657, 25.6307223], [85.0984559, 25.6307243], [85.0982356, 25.6307701], [85.0981624, 25.6307853], [85.0981179, 25.6307933], [85.0979098, 25.6308305], [85.0977323, 25.6308623], [85.0977051, 25.6308649], [85.0977049, 25.6308649], [85.0977047, 25.6308649], [85.097679, 25.6308673], [85.097528, 25.6308943], [85.0973967, 25.6309225], [85.0973915, 25.6309235], [85.0973897, 25.6309239], [85.0969832, 25.6310109], [85.0969468, 25.6310187], [85.0966922, 25.6310732], [85.09629, 25.6311722], [85.0962257, 25.6311924], [85.0961784, 25.6312043], [85.095708, 25.6313228], [85.0954565, 25.6313862], [85.0954555, 25.6313865], [85.0954547, 25.6313867], [85.0954053, 25.6313991], [85.0953851, 25.631403], [85.0953707, 25.6314057], [85.095169, 25.6314444], [85.0950195, 25.631473], [85.0949936, 25.6314779], [85.0949297, 25.6314901], [85.0947507, 25.6315264], [85.0946236, 25.6315522], [85.0946153, 25.6315539], [85.0944746, 25.6315825], [85.0944677, 25.6315838], [85.0944643, 25.6315845], [85.0944244, 25.6315935], [85.0944235, 25.6315937], [85.094422, 25.631594], [85.0944011, 25.6315988], [85.094401, 25.6315988], [85.0940921, 25.6316683], [85.0940022, 25.6316885], [85.0937951, 25.6317507], [85.0937738, 25.6317571], [85.0937054, 25.6317832], [85.0936377, 25.6318091], [85.0936088, 25.6318202], [85.0935477, 25.6318552], [85.0935421, 25.6318584], [85.0935315, 25.6318645], [85.0934487, 25.631912], [85.0934218, 25.6319273], [85.0933386, 25.631956], [85.0933377, 25.6319563], [85.0933367, 25.6319566], [85.0932524, 25.6319857], [85.0930139, 25.6320677], [85.0929334, 25.6320914], [85.0928563, 25.6321142], [85.0928539, 25.6321148], [85.0927697, 25.6321398], [85.0927695, 25.6321398], [85.0927684, 25.6321402], [85.0926782, 25.6321669], [85.0926018, 25.6321894], [85.0925706, 25.6321986], [85.0924744, 25.6322233], [85.092436, 25.6322332], [85.092319, 25.6322633], [85.0919616, 25.6323551], [85.0917613, 25.6324065], [85.0910879, 25.6325309], [85.0910339, 25.6325423], [85.0907653, 25.6325995], [85.0907648, 25.6325996], [85.0906793, 25.6326178], [85.0906792, 25.6326178], [85.090679, 25.6326154], [85.0906783, 25.632611], [85.0906771, 25.6326035], [85.0906771, 25.6326033], [85.0906715, 25.6325687], [85.0906156, 25.6322209], [85.0906076, 25.6321707], [85.0905925, 25.6320769], [85.090558, 25.631876], [85.0905457, 25.6318048], [85.090469, 25.6313588], [85.0904367, 25.63118], [85.0904319, 25.6311534], [85.0904297, 25.6311411], [85.0904033, 25.6309954], [85.0903709, 25.6308308], [85.0903677, 25.630814], [85.0903657, 25.6308037], [85.0903236, 25.6306462], [85.0902835, 25.6304861], [85.0902666, 25.6304186], [85.0901967, 25.6301397], [85.0901901, 25.6301132], [85.0901884, 25.6301067], [85.0901736, 25.6300494], [85.0901142, 25.6298194], [85.0900995, 25.6297518], [85.0900964, 25.6297375], [85.0900915, 25.6297153], [85.0900688, 25.6296108], [85.0900565, 25.6295539], [85.0900564, 25.6295534], [85.0900514, 25.6295303], [85.0900374, 25.6294553], [85.0900012, 25.62926], [85.0899976, 25.6292407], [85.0899726, 25.6291254], [85.0899706, 25.6291077], [85.0899515, 25.62911], [85.0895513, 25.6291606], [85.0895507, 25.6291607], [85.0893753, 25.6291829], [85.0892954, 25.6291944], [85.089221, 25.6292052], [85.0892206, 25.6292052], [85.0892205, 25.6292052], [85.08922, 25.6292053], [85.0892195, 25.6292053], [85.0892189, 25.6292053], [85.0892184, 25.6292053], [85.0892179, 25.6292053], [85.0892174, 25.6292053], [85.0892169, 25.6292053], [85.0892168, 25.6292052], [85.0892163, 25.6292052], [85.0892158, 25.6292051], [85.0892153, 25.629205], [85.0892148, 25.6292049], [85.0892147, 25.6292049], [85.0892143, 25.6292048], [85.0892142, 25.6292047], [85.0892138, 25.6292046], [85.0892133, 25.6292045], [85.0892129, 25.6292043], [85.0892127, 25.6292042], [85.0892126, 25.6292042], [85.0892124, 25.6292041], [85.0892121, 25.629204], [85.089212, 25.6292039], [85.0892119, 25.6292039], [85.0892118, 25.6292038], [85.0892117, 25.6292038], [85.0892114, 25.6292037], [85.0892113, 25.6292036], [85.0892112, 25.6292035], [85.089211, 25.6292034], [85.0892106, 25.6292032], [85.0892101, 25.6292029], [85.08921, 25.6292029], [85.0892099, 25.6292028], [85.0892097, 25.6292027], [85.0892093, 25.6292024], [85.0892091, 25.6292022], [85.089209, 25.6292022], [85.089203, 25.629189], [85.0891797, 25.6290735], [85.089175, 25.6290505], [85.0891748, 25.6290493], [85.0891394, 25.628874], [85.0891357, 25.6288561], [85.0891057, 25.6288617], [85.0890713, 25.6288681], [85.0887661, 25.6289126], [85.0884348, 25.6289609], [85.0883141, 25.6289762], [85.0883135, 25.6289732], [85.0883109, 25.6289577], [85.0882487, 25.6285918], [85.0882457, 25.6285738], [85.0881309, 25.6285896], [85.0879796, 25.6286105], [85.087919, 25.6286173], [85.0878344, 25.6286267], [85.087797, 25.6286309], [85.0875503, 25.6286584], [85.0875025, 25.6286637], [85.0874918, 25.6286603], [85.0874789, 25.6286523], [85.0874781, 25.6286514], [85.0874742, 25.628647], [85.0874726, 25.6286448], [85.0874703, 25.6286415], [85.0874464, 25.628579], [85.0874314, 25.6285552], [85.0874269, 25.6285466], [85.0874229, 25.628539], [85.0874186, 25.6285309], [85.0874111, 25.6285192], [85.0873986, 25.6284993], [85.0873985, 25.6284992], [85.0873981, 25.6284987], [85.0873802, 25.6284803], [85.0873663, 25.6284769], [85.0873484, 25.6284726], [85.0873047, 25.628472], [85.0870626, 25.6285025], [85.0869982, 25.6285099], [85.0869947, 25.6285103], [85.0868721, 25.6285245], [85.0867524, 25.6285383], [85.0867421, 25.6285395], [85.0866982, 25.6285446], [85.0866981, 25.6285446], [85.0866144, 25.628557], [85.0864838, 25.6285763], [85.0862257, 25.6286144], [85.0861705, 25.6286193], [85.0861688, 25.6286195], [85.0861366, 25.6286224], [85.0856817, 25.6286627], [85.0856274, 25.6286675], [85.0854152, 25.6287002], [85.0852978, 25.6287183], [85.0851888, 25.6287351], [85.0851751, 25.6287372], [85.0851521, 25.6287408], [85.0851484, 25.6287413], [85.085118, 25.6286031], [85.0851018, 25.6285295], [85.0850851, 25.628453], [85.0850652, 25.6283623], [85.0850446, 25.628259], [85.0850423, 25.6282473], [85.0850419, 25.6282448], [85.0850408, 25.6282397], [85.0850379, 25.628221], [85.0850355, 25.6282067], [85.0850209, 25.6281185], [85.0850157, 25.6280865], [85.0850143, 25.628078], [85.08501, 25.628052], [85.085006, 25.6280273], [85.0850008, 25.6279946], [85.0849993, 25.6279853], [85.0849853, 25.6278975], [85.0849731, 25.627816], [85.0849656, 25.6277662], [85.0849637, 25.6277532], [85.0849622, 25.6277431], [85.0849601, 25.6277292], [85.0849392, 25.6275885], [85.0849169, 25.6274337], [85.0849061, 25.6273704], [85.0848949, 25.6273048], [85.084894, 25.6273], [85.0848938, 25.6272988], [85.084893, 25.6272939], [85.0848842, 25.6272259], [85.084878, 25.6271782], [85.0848762, 25.6271629], [85.0848753, 25.6271551], [85.0848717, 25.6271256], [85.0848498, 25.6269929], [85.0848363, 25.626911], [85.0848125, 25.6267662], [85.0848019, 25.6266959], [85.0847884, 25.626606], [85.0847681, 25.6264869], [85.0847527, 25.6263964], [85.0847522, 25.6263936], [85.0847521, 25.6263933], [85.0847358, 25.6262905], [85.0847105, 25.6261315], [85.0847031, 25.6260859], [85.0846915, 25.6260151], [85.0846846, 25.6259727], [85.0846613, 25.62583], [85.0846613, 25.6258299], [85.0846459, 25.625736], [85.0846044, 25.6255403], [85.0845763, 25.6254298], [85.0845719, 25.6254122], [85.0845717, 25.6254115], [85.084554, 25.625342], [85.0845007, 25.6251442], [85.0844818, 25.6250701], [85.0844794, 25.6250606], [85.0844771, 25.6250519], [85.0844571, 25.624973], [85.0844462, 25.6249305], [85.0844462, 25.6249304], [85.0843921, 25.6246961], [85.0843597, 25.624551], [85.0843381, 25.624454], [85.0843381, 25.6244539], [85.0842946, 25.6242031], [85.0842857, 25.6241645], [85.0842346, 25.6239433], [85.0842165, 25.6238658], [85.0842138, 25.6238543], [85.0842132, 25.6238516], [85.0842089, 25.6238334], [85.0841773, 25.6236985], [85.0841772, 25.6236978], [85.0841731, 25.6236802], [85.0841702, 25.6236719], [85.0841615, 25.6236471], [85.0841567, 25.6236334], [85.0841354, 25.623572], [85.0841171, 25.6235194], [85.084117, 25.6235194], [85.0841128, 25.6235073], [85.0841126, 25.6235066], [85.0841125, 25.6235064], [85.0841089, 25.6234961], [85.0841025, 25.6234777], [85.0840989, 25.6234673], [85.0840899, 25.6234414], [85.0840769, 25.6234043], [85.084057, 25.6233477], [85.0840422, 25.6233179], [85.0840289, 25.6232909], [85.0840182, 25.6232695], [85.0840126, 25.6232584], [85.0840082, 25.6232494], [85.0839468, 25.6231666], [85.0838783, 25.6230872], [85.0838716, 25.6230806], [85.0837885, 25.6229995], [85.0837841, 25.6229952], [85.083784, 25.6229952], [85.0837816, 25.6229924], [85.0837657, 25.6229747], [85.0836743, 25.6228722], [85.0836009, 25.6227915], [85.0835618, 25.6227485], [85.0835418, 25.6227265], [85.0835183, 25.6227005], [85.0835111, 25.6226925], [85.0833929, 25.6225615], [85.0833644, 25.622531], [85.0833317, 25.6224963], [85.083323, 25.622487], [85.083288, 25.6224498], [85.083246, 25.6224051], [85.0832243, 25.622382], [85.0832242, 25.6223819], [85.0831884, 25.6223483], [85.0830209, 25.622191], [85.0830114, 25.6221821], [85.0829366, 25.6221024], [85.0829365, 25.6221022], [85.0829364, 25.622102], [85.0829363, 25.6221019], [85.0829192, 25.6220764], [85.0829043, 25.6220492], [85.0828921, 25.6220209], [85.0828861, 25.622002], [85.0828827, 25.6219916], [85.0828822, 25.6219897], [85.0828805, 25.6219825], [85.0828804, 25.6219824], [85.0828681, 25.6219837], [85.0828628, 25.6219843], [85.0828183, 25.6219891], [85.0827506, 25.6219965], [85.0825955, 25.6220106], [85.08251, 25.6220183], [85.0825023, 25.6219869], [85.082482, 25.6219033], [85.0823039, 25.6219177], [85.0823166, 25.6219857], [85.0823306, 25.6220601], [85.0823171, 25.6220624], [85.0823037, 25.6220648], [85.0822768, 25.6220694], [85.0821036, 25.6220993], [85.0820936, 25.6220561], [85.0820751, 25.6220578], [85.0820646, 25.6219798], [85.0820618, 25.6219594], [85.0820201, 25.6219587], [85.0820115, 25.6219581], [85.0819221, 25.6219522], [85.081891, 25.6219502], [85.081876, 25.6219495], [85.081861, 25.6219493], [85.0817402, 25.6219496], [85.0817272, 25.6219507], [85.0816089, 25.6219613], [85.0814198, 25.6219568], [85.0814, 25.6219592], [85.0813803, 25.6219615], [85.0812775, 25.6219734], [85.0812682, 25.6219745], [85.0811464, 25.6219885], [85.0810235, 25.6220027], [85.0809195, 25.6220147], [85.0806926, 25.622087], [85.080576, 25.6221242], [85.0805019, 25.6221405], [85.0804544, 25.6221509], [85.0802973, 25.622192], [85.0802829, 25.6221958], [85.0802685, 25.6221996], [85.0802517, 25.622204], [85.0802506, 25.6222043], [85.0800506, 25.6222567], [85.0800208, 25.6222644], [85.0798738, 25.6223029], [85.0798652, 25.6223054], [85.0798032, 25.6223091], [85.0797761, 25.6223106], [85.0796558, 25.6223176], [85.0796208, 25.6223196], [85.0796196, 25.6223197], [85.0795981, 25.6223204], [85.0795754, 25.6223213], [85.0795181, 25.6223233], [85.0793892, 25.6223278], [85.0793507, 25.6223292], [85.0792871, 25.6223315], [85.079094, 25.6223327], [85.0790836, 25.6223321], [85.0790665, 25.6223311], [85.0789732, 25.6223257], [85.0787957, 25.6223156], [85.0787194, 25.6223112], [85.0786756, 25.6223087], [85.0786298, 25.6223061], [85.0785487, 25.6223085], [85.0784511, 25.6223113], [85.0783406, 25.6223145], [85.0783107, 25.6223154], [85.0782808, 25.6223162], [85.0782698, 25.6223165], [85.0782417, 25.6223174], [85.0780874, 25.622317], [85.0780638, 25.622317], [85.0780551, 25.6223169], [85.0779486, 25.6223167], [85.0778674, 25.6223165], [85.0778455, 25.6223154], [85.0777223, 25.6223093], [85.0776701, 25.6223068], [85.077642, 25.6223054], [85.0776337, 25.6223053], [85.0775868, 25.6223046], [85.0775518, 25.6222962], [85.0774756, 25.6222779], [85.0774048, 25.6222686], [85.0773859, 25.6222661], [85.0773591, 25.6222625], [85.0772425, 25.6222539], [85.0771336, 25.6222458], [85.0771239, 25.6222445], [85.0771171, 25.6222436], [85.0770409, 25.6222335], [85.0770072, 25.6222305], [85.076994, 25.6222287], [85.0769243, 25.6222192], [85.076923, 25.622219], [85.0768754, 25.6222148], [85.0766103, 25.6221912], [85.0766067, 25.6221811], [85.0766016, 25.6221715], [85.0765949, 25.6221628], [85.0765868, 25.622155], [85.076578, 25.6221487], [85.0765776, 25.6221484], [85.0765674, 25.6221431], [85.0765565, 25.6221393], [85.0765451, 25.6221369], [85.0765305, 25.6221348], [85.0764747, 25.6221267], [85.0763774, 25.6221204], [85.0763424, 25.6221162], [85.0762438, 25.6221043], [85.0761873, 25.6220935], [85.0761416, 25.6220795], [85.0761028, 25.6220676], [85.0758558, 25.6219432], [85.0758071, 25.6219128], [85.0756633, 25.6218232], [85.0754944, 25.6216956], [85.0754284, 25.6216408], [85.0753767, 25.6216174], [85.0752521, 25.6215659], [85.0751411, 25.6215223], [85.0751409, 25.6215223], [85.0751176, 25.6215194], [85.0750456, 25.6215105], [85.0750387, 25.6215104], [85.0750382, 25.6215104], [85.0750377, 25.6215104], [85.0750372, 25.6215104], [85.0750367, 25.6215105], [85.0750362, 25.6215105], [85.0750357, 25.6215106], [85.0750352, 25.6215107], [85.0750347, 25.6215108], [85.0750342, 25.621511], [85.0750337, 25.6215111], [85.0750332, 25.6215113], [85.0750327, 25.6215114], [85.0750323, 25.6215116], [85.0750318, 25.6215118], [85.0750314, 25.621512], [85.0750309, 25.6215123], [85.0750305, 25.6215125], [85.07503, 25.6215127], [85.0750296, 25.621513], [85.0750292, 25.6215133], [85.0750288, 25.6215136], [85.0750284, 25.6215139], [85.0750281, 25.6215142], [85.0750277, 25.6215145], [85.0750274, 25.6215149], [85.075027, 25.6215152], [85.0750267, 25.6215156], [85.0750264, 25.621516], [85.0750261, 25.6215163], [85.0750258, 25.6215167], [85.0750256, 25.6215171], [85.0750253, 25.6215175], [85.0750251, 25.6215179], [85.0750249, 25.6215184], [85.0750247, 25.6215188], [85.0750245, 25.6215192], [85.0750243, 25.6215197], [85.0750242, 25.6215201], [85.075024, 25.6215205], [85.0750239, 25.621521], [85.0750238, 25.6215214], [85.0749989, 25.6216425], [85.0749943, 25.6216741], [85.0749862, 25.6217101], [85.0749589, 25.621708], [85.0749484, 25.6217079], [85.0744196, 25.6217083], [85.0743997, 25.6216897], [85.07438850162175, 25.621668603055266], [85.0743894, 25.6216149], [85.0743929, 25.6213945], [85.0743952, 25.6213747], [85.0743954, 25.6213658], [85.0743927, 25.6213582], [85.074392, 25.6213565], [85.0743688, 25.6213469], [85.0742523, 25.6213136], [85.0741402, 25.6212979], [85.0739398, 25.621285], [85.0739281, 25.6212842], [85.0738492, 25.6212661], [85.0738435, 25.6212648], [85.073761, 25.6212458], [85.0735902, 25.6212317], [85.0735897, 25.6212316], [85.0735892, 25.6212316], [85.0735887, 25.6212316], [85.0735881, 25.6212316], [85.0735876, 25.6212317], [85.0735871, 25.6212317], [85.0735866, 25.6212318], [85.0735861, 25.6212319], [85.0735855, 25.621232], [85.073585, 25.6212321], [85.0735845, 25.6212322], [85.073584, 25.6212323], [85.0735835, 25.6212325], [85.0735831, 25.6212327], [85.0735826, 25.6212329], [85.0735821, 25.6212331], [85.0735817, 25.6212333], [85.0735812, 25.6212335], [85.0735808, 25.6212338], [85.0735803, 25.6212341], [85.0735799, 25.6212343], [85.0735795, 25.6212346], [85.0735791, 25.6212349], [85.0735787, 25.6212352], [85.0735783, 25.6212356], [85.073578, 25.6212359], [85.0735776, 25.6212363], [85.0735773, 25.6212366], [85.0735769, 25.621237], [85.0735766, 25.6212374], [85.0735763, 25.6212378], [85.0735761, 25.6212382], [85.0735758, 25.6212386], [85.0735756, 25.621239], [85.0735753, 25.6212394], [85.0735751, 25.6212399], [85.0735749, 25.6212403], [85.0735747, 25.6212407], [85.0735746, 25.6212412], [85.0735744, 25.6212416], [85.0735743, 25.6212421], [85.0735742, 25.6212426], [85.0735741, 25.621243], [85.073574, 25.6212435], [85.073574, 25.621244], [85.0735739, 25.6212444], [85.0735447, 25.6217388], [85.0735368, 25.6217917], [85.0735161, 25.6218069], [85.0734909, 25.6218156], [85.0733565, 25.6218317], [85.0733393, 25.6218405], [85.0733377, 25.6218424], [85.0733375, 25.6218499], [85.0733353, 25.6218608], [85.0733329, 25.6219394], [85.0732522, 25.6219228], [85.073234, 25.6219175], [85.0732158, 25.6219122], [85.0731636, 25.6218923], [85.0731431, 25.6218861], [85.073047, 25.6218838], [85.0729939, 25.6218826], [85.0729998, 25.622284], [85.0729606, 25.6222869], [85.0728063, 25.6222987], [85.0722514, 25.6223397], [85.07224, 25.6223405], [85.0719275, 25.6223506], [85.0719275, 25.6223529], [85.0719215, 25.6223528], [85.0718971, 25.6223525], [85.0718972, 25.6223403], [85.0718977, 25.6222565], [85.0716781, 25.6222726], [85.0714058, 25.6222926], [85.071408, 25.62235], [85.0714117, 25.6224431], [85.0714118, 25.6224584], [85.071412, 25.6224773], [85.0714073, 25.6224917], [85.0713947, 25.6225039], [85.0713873, 25.6225038], [85.0713136, 25.6225095], [85.0713048, 25.6225113], [85.071294, 25.6225184], [85.0712913, 25.6225217], [85.0712366, 25.6225831], [85.0712294, 25.6225913], [85.0712273, 25.6225908], [85.0707246, 25.6226051], [85.0704377, 25.6226238], [85.0704013, 25.6226233], [85.0703808, 25.622621], [85.0703439, 25.6226086], [85.0701947, 25.622501], [85.0699889, 25.6224021], [85.0699477, 25.6223737], [85.0698694, 25.62232], [85.0698308, 25.6222863], [85.0698216, 25.6222719], [85.0698204, 25.622288], [85.069815, 25.6223612], [85.0698131, 25.622384], [85.0690042, 25.6224459], [85.0689841, 25.6224474], [85.0686901, 25.6224699], [85.0685116, 25.6225352], [85.0686055, 25.6227499], [85.0687598, 25.6230858], [85.0688789, 25.6233432], [85.0689179, 25.6234269], [85.0690278, 25.6236669], [85.0691461, 25.6239322], [85.0692158, 25.624084], [85.0692749, 25.6242138], [85.0693991, 25.624481], [85.0695784, 25.6248665], [85.069686, 25.6251058], [85.0698094, 25.6253797], [85.0700269, 25.6258567], [85.0701451, 25.6258403], [85.0701788, 25.625913], [85.0702325, 25.6260237], [85.0704026, 25.6263919], [85.0705767, 25.6267716], [85.0707527, 25.6271618], [85.0708597, 25.6273896], [85.0709668, 25.6276146], [85.0711583, 25.6280231], [85.0712204, 25.6281634], [85.0713381, 25.6284411], [85.071455, 25.6287082], [85.0715272, 25.6288735], [85.0716953, 25.6292359], [85.0718624, 25.6295925], [85.0720894, 25.6300904], [85.0723104, 25.6305691], [85.0725374, 25.631067], [85.07274, 25.631511], [85.0729437, 25.6319532], [85.0731545, 25.6324079], [85.0733012, 25.6327213], [85.0735338, 25.633203], [85.0736867, 25.6335231], [85.0738999, 25.6339664], [85.0740941, 25.6344084], [85.074315, 25.6348909], [85.0745056, 25.6352985], [85.0745973, 25.6354955], [85.0746991, 25.6357176], [85.074805, 25.6359502], [85.0749087, 25.6361847], [85.0749321, 25.6362375], [85.0751224, 25.6366613], [85.0752974, 25.6370515], [85.0754776, 25.6374466], [85.0756763, 25.6378753], [85.075875, 25.6382973], [85.076036, 25.6386433], [85.0761929, 25.6389772], [85.0763318, 25.63929], [85.0764814, 25.639623], [85.0766498, 25.639998], [85.0770009, 25.6407949], [85.0772326, 25.641331], [85.0774037, 25.6417059], [85.0777116, 25.642352], [85.0777783, 25.6425305], [85.0777963, 25.6425881], [85.0778204, 25.6426667], [85.0778464, 25.6427512], [85.0778733, 25.6427859], [85.0778986, 25.6428192], [85.0779248, 25.6428568], [85.0779386, 25.6428885], [85.078001, 25.6430398], [85.0780528, 25.643158], [85.0781427, 25.6433727], [85.0781625, 25.6434145], [85.078178, 25.6434377], [85.078246, 25.6435346], [85.0782674, 25.6435807], [85.078356, 25.6437753], [85.0785226, 25.6441315], [85.078576, 25.6442483], [85.0786095, 25.644329], [85.0786489, 25.644437], [85.0786762, 25.644509], [85.0787277, 25.6446487], [85.0787518, 25.6447235], [85.078767, 25.644761], [85.0788055, 25.644826], [85.0789765, 25.6451076], [85.0790103, 25.6451668], [85.0790946, 25.6453371], [85.0791583, 25.6454688], [85.0792487, 25.6456682], [85.079339, 25.6458688], [85.079437, 25.6460851], [85.0794548, 25.6461271], [85.0795015, 25.6462519], [85.0795875, 25.6464776], [85.079704, 25.6467705], [85.0797674, 25.6469254], [85.079832, 25.6470862], [85.0798476, 25.6471032], [85.0798658, 25.6471154], [85.0798922, 25.6471157], [85.0799265, 25.6471126], [85.0799513, 25.6472049], [85.0799866, 25.6473544], [85.0799929, 25.6473544], [85.0799941, 25.6473574], [85.0800764, 25.6473515], [85.0800952, 25.647405], [85.0801056, 25.6474346], [85.0801217, 25.6474527], [85.0801788, 25.647586], [85.0802047, 25.647701], [85.0802027, 25.6478263], [85.0802228, 25.6480523], [85.0803422, 25.6482438], [85.0804185, 25.6484167], [85.0804067, 25.648488], [85.0804004, 25.6485598], [85.0804081, 25.6485909], [85.0804209, 25.6486206], [85.0804387, 25.6486481], [85.0804609, 25.6486729], [85.0804871, 25.6486943], [85.0805166, 25.6487118], [85.0805339, 25.648754], [85.0805477, 25.6487973], [85.080558, 25.6488413], [85.0805455, 25.6489395], [85.0805277, 25.6490371], [85.0805048, 25.6491337], [85.0804767, 25.6492293], [85.0804435, 25.6493235], [85.0804193, 25.6493366], [85.0803977, 25.6493532], [85.0803795, 25.6493728], [85.0804317, 25.6496093], [85.0804806, 25.6498464], [85.0805262, 25.6500841], [85.0805473, 25.6501174], [85.0805634, 25.6501529], [85.0805741, 25.65019], [85.0805792, 25.6502281], [85.0806154, 25.6504399], [85.0810576, 25.6505072], [85.0814985, 25.6505805], [85.0839796, 25.6509033], [85.0855203, 25.6509558], [85.087518, 25.6511002], [85.0884355, 25.6510728], [85.0893942, 25.6509384], [85.0902609, 25.6506238], [85.0906241, 25.650152], [85.0907227, 25.6501143], [85.0908471, 25.6500271], [85.0912233, 25.6496409], [85.09161245499212, 25.64916550826163], [85.0916125, 25.6491655], [85.0917233, 25.6490301], [85.0918979, 25.6486554], [85.0920687, 25.6481899]]]}}, {"type": "Feature", "properties": {"ward": "2", "ward_title": "Ward 2", "area": "Ashiyana Nagar / Khajapura / Kurji", "short_area": "Ashiyana / Khajapura", "ac_no": "181", "ac_name": "Digha", "ac_booths": 25, "ac_booth_range": "25-93", "ac_voters": 23438, "total_ward_booths": "26", "total_ward_voters": "23,438", "center_lat": 25.6140453, "center_lon": 85.07334547152543, "label_lat": 25.6140453, "label_lon": 85.07334547152543, "has_leader": false, "leader_line": null, "color": "#10b981", "color_dark": "#047857"}, "geometry": {"type": "Polygon", "coordinates": [[[85.0631565, 25.6091302], [85.0629775, 25.6091994], [85.0629556, 25.6092077], [85.0626511, 25.6093243], [85.0626506, 25.6093231], [85.0626504, 25.6093228], [85.0626353, 25.6093283], [85.0626417, 25.6093418], [85.0624735, 25.6093981], [85.0625397, 25.6095411], [85.0627177, 25.6099327], [85.062873, 25.6102704], [85.0629938, 25.6105371], [85.0631695, 25.6109144], [85.0633743, 25.6113613], [85.0636047, 25.6118624], [85.0637663, 25.612212], [85.0639518, 25.6126179], [85.064134, 25.6130158], [85.0643356, 25.6134523], [85.0645149, 25.6138368], [85.0646481, 25.6141318], [85.0648783, 25.6146298], [85.0650472, 25.6149989], [85.0651806, 25.6152872], [85.0653475, 25.6156534], [85.0655074, 25.6160005], [85.0656641, 25.6163446], [85.0658219, 25.6166858], [85.0660216, 25.6171126], [85.0661498, 25.6173981], [85.0663613, 25.6178709], [85.0665792, 25.6183486], [85.0667584, 25.618736], [85.0668999, 25.6190407], [85.0670506, 25.6193714], [85.0672341, 25.6197698], [85.0674173, 25.620172], [85.0676372, 25.6206521], [85.067785, 25.6209937], [85.0678706, 25.6211783], [85.068103, 25.6216672], [85.0683661, 25.6222095], [85.0685116, 25.6225352], [85.0686901, 25.6224699], [85.0689841, 25.6224474], [85.0690042, 25.6224459], [85.06944638221172, 25.622412062592527], [85.0694464, 25.6224121], [85.0698131, 25.622384], [85.069815, 25.6223612], [85.0698204, 25.622288], [85.0698216, 25.6222719], [85.0698308, 25.6222863], [85.0698694, 25.62232], [85.0699477, 25.6223737], [85.0699889, 25.6224021], [85.0701947, 25.622501], [85.0703439, 25.6226086], [85.0703808, 25.622621], [85.0704013, 25.6226233], [85.0704377, 25.6226238], [85.0707246, 25.6226051], [85.0712273, 25.6225908], [85.0712294, 25.6225913], [85.0712366, 25.6225831], [85.0712913, 25.6225217], [85.071294, 25.6225184], [85.0713048, 25.6225113], [85.0713136, 25.6225095], [85.0713873, 25.6225038], [85.0713947, 25.6225039], [85.0714073, 25.6224917], [85.071412, 25.6224773], [85.0714118, 25.6224584], [85.0714117, 25.6224431], [85.071408, 25.62235], [85.0714058, 25.6222926], [85.0716781, 25.6222726], [85.0718977, 25.6222565], [85.0718972, 25.6223403], [85.0718971, 25.6223525], [85.0719215, 25.6223528], [85.0719275, 25.6223529], [85.0719275, 25.6223506], [85.07224, 25.6223405], [85.0722514, 25.6223397], [85.0728063, 25.6222987], [85.0729606, 25.6222869], [85.0729998, 25.622284], [85.0729939, 25.6218826], [85.073047, 25.6218838], [85.0731431, 25.6218861], [85.0731636, 25.6218923], [85.0732158, 25.6219122], [85.073234, 25.6219175], [85.0732522, 25.6219228], [85.0733329, 25.6219394], [85.0733353, 25.6218608], [85.0733375, 25.6218499], [85.0733377, 25.6218424], [85.0733393, 25.6218405], [85.0733565, 25.6218317], [85.0734909, 25.6218156], [85.0735161, 25.6218069], [85.0735368, 25.6217917], [85.0735447, 25.6217388], [85.0735739, 25.6212444], [85.073574, 25.621244], [85.073574, 25.6212435], [85.0735741, 25.621243], [85.0735742, 25.6212426], [85.0735743, 25.6212421], [85.0735744, 25.6212416], [85.0735746, 25.6212412], [85.0735747, 25.6212407], [85.0735749, 25.6212403], [85.0735751, 25.6212399], [85.0735753, 25.6212394], [85.0735756, 25.621239], [85.0735758, 25.6212386], [85.0735761, 25.6212382], [85.0735764, 25.6212378], [85.0735766, 25.6212374], [85.073577, 25.621237], [85.0735773, 25.6212366], [85.0735776, 25.6212363], [85.073578, 25.6212359], [85.0735783, 25.6212356], [85.0735787, 25.6212352], [85.0735791, 25.6212349], [85.0735795, 25.6212346], [85.0735799, 25.6212343], [85.0735803, 25.6212341], [85.0735808, 25.6212338], [85.0735812, 25.6212335], [85.0735817, 25.6212333], [85.0735821, 25.6212331], [85.0735826, 25.6212329], [85.0735831, 25.6212327], [85.0735836, 25.6212325], [85.073584, 25.6212323], [85.0735845, 25.6212322], [85.073585, 25.6212321], [85.0735855, 25.621232], [85.0735861, 25.6212319], [85.0735866, 25.6212318], [85.0735871, 25.6212317], [85.0735876, 25.6212317], [85.0735881, 25.6212316], [85.0735887, 25.6212316], [85.0735892, 25.6212316], [85.0735897, 25.6212316], [85.0735902, 25.6212317], [85.073761, 25.6212458], [85.0738435, 25.6212648], [85.0738492, 25.6212661], [85.0739281, 25.6212842], [85.0739398, 25.621285], [85.0741402, 25.6212979], [85.0742523, 25.6213136], [85.0743688, 25.6213469], [85.074392, 25.6213565], [85.0743927, 25.6213582], [85.0743954, 25.6213658], [85.0743952, 25.6213747], [85.0743929, 25.6213945], [85.0743894, 25.6216149], [85.0743885, 25.6216687], [85.0743997, 25.6216897], [85.0744196, 25.6217083], [85.0749484, 25.6217079], [85.0749589, 25.621708], [85.0749862, 25.6217101], [85.0749943, 25.6216741], [85.0749989, 25.6216425], [85.0750238, 25.6215214], [85.0750239, 25.621521], [85.075024, 25.6215205], [85.0750242, 25.6215201], [85.0750243, 25.6215197], [85.0750245, 25.6215192], [85.0750247, 25.6215188], [85.0750249, 25.6215184], [85.0750251, 25.6215179], [85.0750253, 25.6215175], [85.0750256, 25.6215171], [85.0750258, 25.6215167], [85.0750261, 25.6215163], [85.0750264, 25.621516], [85.0750267, 25.6215156], [85.075027, 25.6215152], [85.0750274, 25.6215149], [85.0750277, 25.6215145], [85.0750281, 25.6215142], [85.0750284, 25.6215139], [85.0750288, 25.6215136], [85.0750292, 25.6215133], [85.0750296, 25.621513], [85.07503, 25.6215127], [85.0750305, 25.6215125], [85.0750309, 25.6215123], [85.0750314, 25.621512], [85.0750318, 25.6215118], [85.0750323, 25.6215116], [85.0750327, 25.6215114], [85.0750332, 25.6215113], [85.0750337, 25.6215111], [85.0750342, 25.621511], [85.0750347, 25.6215108], [85.0750352, 25.6215107], [85.0750357, 25.6215106], [85.0750362, 25.6215105], [85.0750367, 25.6215105], [85.0750372, 25.6215104], [85.0750377, 25.6215104], [85.0750382, 25.6215104], [85.0750387, 25.6215104], [85.0750456, 25.6215105], [85.0751176, 25.6215194], [85.0751409, 25.6215223], [85.0751411, 25.6215223], [85.0752521, 25.6215659], [85.0753767, 25.6216174], [85.0754284, 25.6216408], [85.0754944, 25.6216956], [85.0756633, 25.6218232], [85.0758071, 25.6219128], [85.0758558, 25.6219432], [85.0761028, 25.6220676], [85.0761416, 25.6220795], [85.0761873, 25.6220935], [85.0762438, 25.6221043], [85.0763424, 25.6221162], [85.0763774, 25.6221204], [85.0764747, 25.6221267], [85.0765305, 25.6221348], [85.0765451, 25.6221369], [85.0765565, 25.6221393], [85.0765674, 25.6221431], [85.0765776, 25.6221484], [85.076578, 25.6221487], [85.0765868, 25.622155], [85.0765949, 25.6221628], [85.0766016, 25.6221715], [85.0766067, 25.6221811], [85.0766103, 25.6221912], [85.0768754, 25.6222148], [85.076923, 25.622219], [85.0769243, 25.6222192], [85.076994, 25.6222287], [85.0770072, 25.6222305], [85.0770409, 25.6222335], [85.0771171, 25.6222436], [85.0771239, 25.6222445], [85.0771336, 25.6222458], [85.0772425, 25.6222539], [85.0773591, 25.6222626], [85.0773859, 25.6222661], [85.0774048, 25.6222686], [85.0774756, 25.6222779], [85.0775518, 25.6222962], [85.0775868, 25.6223046], [85.0776337, 25.6223053], [85.077642, 25.6223054], [85.0776701, 25.6223068], [85.0777223, 25.6223093], [85.0778455, 25.6223154], [85.0778674, 25.6223165], [85.0779486, 25.6223167], [85.0780551, 25.6223169], [85.0780638, 25.622317], [85.0780874, 25.622317], [85.0782417, 25.6223174], [85.0782698, 25.6223165], [85.0782808, 25.6223162], [85.0783107, 25.6223154], [85.0783406, 25.6223145], [85.0784511, 25.6223113], [85.0785487, 25.6223085], [85.0786298, 25.6223061], [85.0786756, 25.6223087], [85.0787194, 25.6223112], [85.0787957, 25.6223156], [85.0789732, 25.6223257], [85.0790665, 25.6223311], [85.0790836, 25.6223321], [85.079094, 25.6223327], [85.0792871, 25.6223315], [85.0793507, 25.6223292], [85.0793892, 25.6223278], [85.0795181, 25.6223233], [85.0795754, 25.6223213], [85.0795981, 25.6223204], [85.0796196, 25.6223197], [85.0796208, 25.6223196], [85.0796558, 25.6223176], [85.0797761, 25.6223106], [85.0798032, 25.6223091], [85.0798652, 25.6223054], [85.0798738, 25.6223029], [85.0800208, 25.6222644], [85.0800506, 25.6222567], [85.0802506, 25.6222043], [85.0802517, 25.622204], [85.0802685, 25.6221996], [85.0802829, 25.6221958], [85.0802973, 25.622192], [85.0804544, 25.6221509], [85.0805019, 25.6221405], [85.080576, 25.6221242], [85.0806926, 25.622087], [85.0809195, 25.6220147], [85.0810235, 25.6220027], [85.0811464, 25.6219885], [85.0812682, 25.6219745], [85.0812775, 25.6219734], [85.0813803, 25.6219615], [85.0814001, 25.6219592], [85.0814198, 25.6219568], [85.0816089, 25.6219613], [85.0817272, 25.6219507], [85.0817402, 25.6219496], [85.081861, 25.6219493], [85.081876, 25.6219495], [85.081891, 25.6219502], [85.0819221, 25.6219522], [85.0820115, 25.6219581], [85.0820201, 25.6219587], [85.0820618, 25.6219594], [85.0820646, 25.6219798], [85.0820751, 25.6220578], [85.0820936, 25.6220561], [85.0821036, 25.6220993], [85.0822768, 25.6220694], [85.0823037, 25.6220648], [85.0823171, 25.6220624], [85.0823306, 25.6220601], [85.0823166, 25.6219857], [85.0823039, 25.6219177], [85.082482, 25.6219033], [85.0825023, 25.6219869], [85.08251, 25.6220183], [85.0825955, 25.6220106], [85.0827506, 25.6219965], [85.0828183, 25.6219891], [85.0828628, 25.6219843], [85.0828681, 25.6219837], [85.0828804, 25.6219824], [85.0828794, 25.6219782], [85.0828791, 25.6219768], [85.0828725, 25.6219538], [85.0828689, 25.6219409], [85.0828682, 25.6219387], [85.0828453, 25.6217301], [85.0828263, 25.6215364], [85.0827959, 25.6212318], [85.0827959, 25.6212311], [85.0827959, 25.6212308], [85.0827901, 25.6211012], [85.0827869, 25.6210294], [85.082746, 25.6204484], [85.0827445, 25.6204353], [85.0827218, 25.6202325], [85.0827207, 25.6202243], [85.0827205, 25.6202227], [85.0826866, 25.6199265], [85.0826862, 25.619924], [85.082644, 25.6196251], [85.0825929, 25.6192639], [85.0825899, 25.6192388], [85.0825793, 25.6191517], [85.0825641, 25.6189183], [85.0825562, 25.6187966], [85.0825375, 25.6185078], [85.0824964, 25.6181611], [85.0824921, 25.6181246], [85.0824874, 25.6180833], [85.0824613, 25.6178839], [85.0824583, 25.6178125], [85.0824572, 25.6177981], [85.0824301, 25.6173488], [85.0824233, 25.6172588], [85.082419, 25.6172032], [85.0824181, 25.6171941], [85.0824176, 25.6171898], [85.0824133, 25.6171284], [85.0823906, 25.6168289], [85.0823887, 25.6168032], [85.0823818, 25.6167262], [85.0823703, 25.6165969], [85.0823549, 25.6164585], [85.0823443, 25.6163639], [85.0823259, 25.6161845], [85.0823256, 25.6161816], [85.0823154, 25.6160758], [85.0822961, 25.6158736], [85.0822791, 25.6156875], [85.0822707, 25.6156121], [85.0822647, 25.6155659], [85.0822569, 25.6155051], [85.0822515, 25.6154622], [85.082222, 25.6152032], [85.0822166, 25.615167], [85.0821788, 25.6149103], [85.0821482, 25.6146494], [85.0821482, 25.6146493], [85.0821399, 25.6145646], [85.0821326, 25.6144889], [85.0820876, 25.6140868], [85.0820762, 25.6140038], [85.0820658, 25.6139274], [85.0820657, 25.6139274], [85.0820207, 25.6136216], [85.0820194, 25.6136135], [85.0820105, 25.6135373], [85.0819279, 25.6128323], [85.0818784, 25.6125143], [85.0818134, 25.6122025], [85.0818095, 25.6121822], [85.0817481, 25.6119084], [85.0817355, 25.6118573], [85.0816964, 25.6116985], [85.0816819, 25.611635], [85.0816808, 25.6116301], [85.0816777, 25.6116167], [85.0816774, 25.6116155], [85.0816762, 25.6116101], [85.0816347, 25.6114293], [85.0816196, 25.61137], [85.0815606, 25.6111379], [85.0815597, 25.6111343], [85.0815452, 25.6110569], [85.0815327, 25.6109904], [85.0815244, 25.6109462], [85.0815101, 25.6108703], [85.0815036, 25.6108356], [85.0814637, 25.6106185], [85.0814519, 25.6105544], [85.081441, 25.6104838], [85.0814251, 25.6103812], [85.0814251, 25.6103811], [85.0814231, 25.610368], [85.0813912, 25.6101047], [85.0813851, 25.6100555], [85.0813578, 25.6098345], [85.0813554, 25.609815], [85.0813403, 25.6096951], [85.0813225, 25.6095539], [85.0812894, 25.6093635], [85.0812863, 25.6093313], [85.0812815, 25.6092827], [85.0812796, 25.6092415], [85.0812731, 25.6090983], [85.081273, 25.6090962], [85.0812713, 25.6090581], [85.0812683, 25.609022], [85.0812588, 25.6089061], [85.0812563, 25.6088759], [85.0812454, 25.6087814], [85.0812315, 25.6086616], [85.0812219, 25.6086029], [85.0812219, 25.6086028], [85.081209, 25.6085236], [85.0811963, 25.608446], [85.0811923, 25.6084011], [85.081185, 25.60832], [85.0811829, 25.6083046], [85.0811733, 25.608234], [85.081159, 25.6081517], [85.081159, 25.6081515], [85.0811433, 25.6080612], [85.0811337, 25.6080207], [85.0810895, 25.6078323], [85.0810586, 25.6076856], [85.0810522, 25.6076554], [85.0810507, 25.607648], [85.0810447, 25.6076194], [85.0810289, 25.6075496], [85.0810244, 25.6075298], [85.0809956, 25.6074025], [85.0809798, 25.6073542], [85.0809505, 25.6072646], [85.0809485, 25.6072585], [85.0808785, 25.6070447], [85.0808734, 25.6070289], [85.080862, 25.6069943], [85.0808315, 25.6069009], [85.0808107, 25.6068269], [85.0807765, 25.6067048], [85.0807695, 25.6066793], [85.0807471, 25.6065977], [85.0807255, 25.6065187], [85.0807184, 25.6064931], [85.0807133, 25.6064744], [85.0807069, 25.606451], [85.0806929, 25.6064031], [85.0806395, 25.6062204], [85.0806318, 25.6061943], [85.0806271, 25.6061782], [85.0805771, 25.6059968], [85.0805766, 25.6059949], [85.0805232, 25.6057977], [85.0805147, 25.6057508], [85.0804986, 25.6056625], [85.0804876, 25.6056024], [85.0804708, 25.6054498], [85.0804458, 25.6054521], [85.0804187, 25.6054546], [85.0803944, 25.6054568], [85.080207, 25.6054788], [85.0799927, 25.605504], [85.0798168, 25.6055246], [85.0797647, 25.60555], [85.0794116, 25.6055941], [85.0791671, 25.6056218], [85.0787269, 25.6056718], [85.0785906, 25.6056859], [85.07844, 25.6057015], [85.0780399, 25.6057441], [85.0780398, 25.605744], [85.0776339, 25.6057872], [85.0775032, 25.6058004], [85.0768774, 25.6058638], [85.076578, 25.605894], [85.0760221, 25.6059555], [85.0759389, 25.6059647], [85.0758515, 25.6059744], [85.0758494, 25.6059746], [85.0758311, 25.6059766], [85.0755089, 25.606011], [85.0755008, 25.6060119], [85.0754113, 25.6060215], [85.0750881, 25.606056], [85.0745277, 25.6061138], [85.0745204, 25.6061145], [85.0745025, 25.6061164], [85.0744314, 25.6061237], [85.0741241, 25.6061504], [85.074087, 25.6061536], [85.0740861, 25.6061536], [85.0739702, 25.6061637], [85.0738414, 25.6061749], [85.0737508, 25.6061841], [85.0737406, 25.6061851], [85.0734943, 25.6062101], [85.0734942, 25.6062101], [85.0733632, 25.6062233], [85.0733259, 25.6062271], [85.073279, 25.6062319], [85.0729734, 25.606263], [85.0728125, 25.6062794], [85.072781, 25.6062828], [85.0726663, 25.6062951], [85.0724374, 25.6063198], [85.072222, 25.6063431], [85.0717245, 25.6063994], [85.0713702, 25.6064402], [85.0708534, 25.6065053], [85.0705179, 25.6065585], [85.0701457, 25.6066402], [85.0701339, 25.6066428], [85.0700861, 25.6066533], [85.070037, 25.6066641], [85.0699712, 25.6066785], [85.0697948, 25.6067173], [85.0694745, 25.6068046], [85.0694077, 25.6068228], [85.0693692, 25.6068358], [85.0691521, 25.6069088], [85.0689392, 25.6069852], [85.0689039, 25.6069979], [85.0683976, 25.6071887], [85.0682713, 25.6072387], [85.0681084, 25.6073031], [85.0680859, 25.6073111], [85.068005, 25.6073399], [85.0678416, 25.6073979], [85.0677891, 25.6074133], [85.0674944, 25.6074935], [85.0674422, 25.6075122], [85.0672667, 25.6075749], [85.0670801, 25.6076415], [85.0669851, 25.6076754], [85.0669438, 25.6076902], [85.0668895, 25.6077109], [85.0667146, 25.6077778], [85.0662661, 25.6079492], [85.0662208, 25.6079671], [85.0661445, 25.6079973], [85.0661029, 25.6080138], [85.0659691, 25.6080667], [85.065858, 25.6081106], [85.0658077, 25.6081305], [85.0656949, 25.6081755], [85.0654742, 25.6082635], [85.0653988, 25.6082935], [85.0652098, 25.6083688], [85.0646855, 25.6085665], [85.0646708, 25.608572], [85.0646562, 25.6085775], [85.0641848, 25.6087552], [85.0641237, 25.6087782], [85.0640151, 25.6088191], [85.063571, 25.6089791], [85.0632844, 25.6090835], [85.06328442849075, 25.60908356342564], [85.0631735, 25.609124], [85.0631569, 25.60913], [85.0631565, 25.6091302]]]}}, {"type": "Feature", "properties": {"ward": "3", "ward_title": "Ward 3", "area": "Muralichak / Khalilpura / Sabjpura", "short_area": "Muralichak / Sabjpura", "ac_no": "181", "ac_name": "Digha", "ac_booths": 16, "ac_booth_range": "175-190", "ac_voters": 14470, "total_ward_booths": "16", "total_ward_voters": "14,470", "center_lat": 25.5934697, "center_lon": 85.06694685180165, "label_lat": 25.5934697, "label_lon": 85.06694685180165, "has_leader": false, "leader_line": null, "color": "#10b981", "color_dark": "#047857"}, "geometry": {"type": "Polygon", "coordinates": [[[85.0757043, 25.5861823], [85.0757052, 25.5861759], [85.0757112, 25.5861302], [85.0733636, 25.5858361], [85.0734204, 25.5855789], [85.0733272, 25.5848229], [85.0729701, 25.5834425], [85.0724508, 25.5823178], [85.0721239, 25.581683], [85.0718953, 25.5814889], [85.0716801, 25.5811134], [85.0718187, 25.5810102], [85.0717988, 25.5809335], [85.0717355, 25.5809422], [85.0716224, 25.5807687], [85.0716972, 25.5807029], [85.0710005, 25.5794803], [85.0713398, 25.5793415], [85.0712281, 25.5790821], [85.0708996, 25.579202], [85.070632, 25.5788067], [85.0703391, 25.5786787], [85.0703614, 25.5786025], [85.0702353, 25.5785818], [85.0702917, 25.5783532], [85.0700288, 25.5783211], [85.0700971, 25.5780067], [85.0692782, 25.5778335], [85.0692051, 25.5777943], [85.0686482, 25.5777105], [85.0686706, 25.5776248], [85.0684285, 25.5776121], [85.0684161, 25.5777266], [85.0681319, 25.5777133], [85.0681225, 25.5776463], [85.0680909, 25.5776458], [85.0680693, 25.5779403], [85.0670427, 25.5779148], [85.0670106, 25.5782726], [85.0660232, 25.5782596], [85.0653778, 25.5782749], [85.064692, 25.5783375], [85.0643095, 25.5783802], [85.062608, 25.5785607], [85.0625153, 25.5785953], [85.0624347, 25.5786898], [85.0618538, 25.5787895], [85.061737, 25.5786805], [85.0616059, 25.578643], [85.0615149, 25.5785701], [85.0614226, 25.5785808], [85.0611703, 25.5787088], [85.0610507, 25.5787789], [85.0598643, 25.5788587], [85.0597685, 25.5782723], [85.0579063, 25.5786178], [85.0572559, 25.5787739], [85.0572249, 25.5787353], [85.0557654, 25.5790933], [85.0556873, 25.5783853], [85.0561833, 25.5780049], [85.0561418, 25.5779662], [85.0559332, 25.578164], [85.0558693, 25.5782062], [85.0556078, 25.5784176], [85.0541351, 25.5795923], [85.0540767, 25.5796249], [85.0540064, 25.5797386], [85.0534559, 25.5799033], [85.0536387, 25.5803261], [85.0536359, 25.580498], [85.0536328, 25.580689], [85.0537143, 25.5808621], [85.0538339, 25.581284], [85.0539358, 25.5814956], [85.0539733, 25.5817827], [85.053991, 25.5819931], [85.054131, 25.5824536], [85.0543553, 25.5829151], [85.0545173, 25.5833185], [85.0548361, 25.5844501], [85.0548528, 25.5847178], [85.055049, 25.5856185], [85.055251, 25.5861562], [85.0562666, 25.5898001], [85.0562837, 25.5900487], [85.0564222, 25.5906047], [85.0565263, 25.5906825], [85.057542, 25.5943264], [85.0588168, 25.5988909], [85.0600313, 25.6032826], [85.0605751, 25.6048375], [85.0618184, 25.6074526], [85.0626136, 25.6091064], [85.0625708, 25.609144], [85.0626353, 25.6093283], [85.0626504, 25.6093228], [85.0626506, 25.6093231], [85.0626511, 25.6093243], [85.0629556, 25.6092077], [85.0629775, 25.6091994], [85.0631565, 25.6091302], [85.0631569, 25.60913], [85.0631735, 25.609124], [85.063571, 25.6089791], [85.0640151, 25.6088191], [85.0641237, 25.6087782], [85.0641848, 25.6087552], [85.0646562, 25.6085775], [85.0646708, 25.608572], [85.0646855, 25.6085665], [85.0652098, 25.6083688], [85.0653988, 25.6082935], [85.0654742, 25.6082635], [85.0656949, 25.6081755], [85.0658077, 25.6081305], [85.065858, 25.6081106], [85.0659691, 25.6080667], [85.0661029, 25.6080138], [85.0661445, 25.6079973], [85.0662208, 25.6079671], [85.0662661, 25.6079492], [85.0667146, 25.6077778], [85.0668895, 25.6077109], [85.0669438, 25.6076902], [85.0669851, 25.6076754], [85.0670801, 25.6076415], [85.0672667, 25.6075749], [85.0674422, 25.6075122], [85.0674944, 25.6074935], [85.0677891, 25.6074133], [85.0678416, 25.6073979], [85.068005, 25.6073399], [85.0680859, 25.6073111], [85.0681084, 25.6073031], [85.0682713, 25.6072387], [85.0683976, 25.6071887], [85.0689039, 25.6069979], [85.0689392, 25.6069852], [85.0691521, 25.6069088], [85.0693692, 25.6068358], [85.0694077, 25.6068228], [85.0694745, 25.6068046], [85.0697948, 25.6067173], [85.0699712, 25.6066785], [85.070037, 25.6066641], [85.0700861, 25.6066533], [85.0701339, 25.6066428], [85.0701457, 25.6066402], [85.0705179, 25.6065585], [85.0708534, 25.6065053], [85.0713702, 25.6064402], [85.0717245, 25.6063994], [85.072222, 25.6063431], [85.0724374, 25.6063198], [85.0726663, 25.6062951], [85.072781, 25.6062828], [85.0728125, 25.6062794], [85.0729734, 25.606263], [85.073279, 25.6062319], [85.0733259, 25.6062271], [85.0733632, 25.6062233], [85.0734942, 25.6062101], [85.0734943, 25.6062101], [85.0737406, 25.6061851], [85.0737508, 25.6061841], [85.0738414, 25.6061749], [85.0739702, 25.6061637], [85.0740861, 25.6061536], [85.074087, 25.6061536], [85.0740855, 25.6060675], [85.0741451, 25.6060642], [85.0742143, 25.6058825], [85.0742778, 25.6056962], [85.0743041, 25.6056193], [85.0743086, 25.6056059], [85.0743354, 25.6055443], [85.074382, 25.6054338], [85.0744287, 25.6053234], [85.0745094, 25.6051619], [85.0745211, 25.6051385], [85.0745274, 25.6051259], [85.0746061, 25.6049482], [85.0746499, 25.6048354], [85.0746546, 25.6048223], [85.0746587, 25.6048091], [85.0746624, 25.6047957], [85.0746656, 25.6047823], [85.0746681, 25.6047696], [85.0746705, 25.6047551], [85.0746721, 25.6047414], [85.0746733, 25.6047277], [85.074674, 25.604714], [85.0746866, 25.6046176], [85.0746934, 25.6045709], [85.0746974, 25.6045435], [85.0746994, 25.604528], [85.0747008, 25.6045124], [85.0747016, 25.6044967], [85.0747019, 25.6044811], [85.0747016, 25.6044654], [85.0747007, 25.6044498], [85.0746992, 25.6044342], [85.0746923, 25.6043471], [85.0746606, 25.6041512], [85.0746472, 25.6040679], [85.0746255, 25.6039177], [85.0745833, 25.6036912], [85.0745555, 25.6035062], [85.0745546, 25.6034995], [85.0745401, 25.6033972], [85.0745237, 25.6032815], [85.0745016, 25.6031916], [85.0744987, 25.6031797], [85.0744741, 25.6030639], [85.074466, 25.6030222], [85.0744592, 25.6029802], [85.0744538, 25.6029381], [85.0744498, 25.6028958], [85.0744471, 25.6028535], [85.0744199, 25.6026562], [85.074399, 25.6025116], [85.07439, 25.6024489], [85.0743569, 25.6022192], [85.0743194, 25.6020029], [85.0743134, 25.6019585], [85.0742965, 25.6018339], [85.0742929, 25.6018079], [85.0742535, 25.6015446], [85.0742221, 25.6013111], [85.0742109, 25.6012406], [85.0741982, 25.6011601], [85.0741769, 25.6010465], [85.074176, 25.6010422], [85.074173, 25.6010258], [85.0741595, 25.6009538], [85.0741233, 25.6006668], [85.0741227, 25.6005517], [85.0741259, 25.6005095], [85.0741317, 25.600483], [85.0741371, 25.6004645], [85.0741411, 25.6004506], [85.0741446, 25.6004435], [85.0741509, 25.6004309], [85.0741664, 25.6004038], [85.0741745, 25.600389], [85.0741968, 25.6003578], [85.0742191, 25.6003267], [85.0742762, 25.6002471], [85.0743462, 25.6001493], [85.0744818, 25.5999677], [85.07462, 25.5997729], [85.0746964, 25.5996675], [85.0747489, 25.5995968], [85.074757, 25.5995854], [85.0748094, 25.5995126], [85.0749136, 25.5993534], [85.0749359, 25.5993213], [85.0751221, 25.599053], [85.0753296, 25.5987503], [85.0755345, 25.598441], [85.0756975, 25.598197], [85.0757227, 25.5981613], [85.0757506, 25.5981218], [85.0758734, 25.5979476], [85.0760211, 25.597733], [85.076151, 25.5975397], [85.0762155, 25.5974144], [85.0762542, 25.5973316], [85.0762867, 25.5972149], [85.0762906, 25.5971869], [85.0762922, 25.5971554], [85.0762927, 25.5971461], [85.0762907, 25.5970813], [85.0762872, 25.5969591], [85.0762828, 25.5969077], [85.0762812, 25.596888], [85.0762621, 25.5966641], [85.0762591, 25.5966287], [85.0762501, 25.5964548], [85.0762496, 25.5964441], [85.0762513, 25.5963385], [85.0762531, 25.5962345], [85.0763109, 25.5958207], [85.0763261, 25.5957189], [85.0763613, 25.5954838], [85.0764089, 25.5951453], [85.0764127, 25.5951179], [85.0764444, 25.5949095], [85.0764951, 25.594547], [85.0765404, 25.5942117], [85.0765748, 25.5939542], [85.0766047, 25.5937389], [85.0766232, 25.5935633], [85.0766225, 25.5935418], [85.0766201, 25.5935198], [85.0766184, 25.5935096], [85.0766151, 25.5935002], [85.0766079, 25.59349], [85.0765962, 25.5934757], [85.0765848, 25.5934637], [85.0765644, 25.5934481], [85.0765391, 25.5934367], [85.0765198, 25.5934288], [85.0764983, 25.5934235], [85.076432, 25.5934206], [85.0763853, 25.5934216], [85.0762954, 25.5934278], [85.0761851, 25.5934199], [85.0761112, 25.5934071], [85.0760776, 25.5933972], [85.0760438, 25.593385], [85.0760055, 25.593362], [85.0759673, 25.5933366], [85.0759402, 25.5933147], [85.0759066, 25.5932823], [85.0758778, 25.5932302], [85.0758622, 25.5931849], [85.0758586, 25.5931744], [85.0758327, 25.5930489], [85.0758072, 25.5928608], [85.0757937, 25.5927809], [85.0757747, 25.592699], [85.0757605, 25.5926368], [85.0757449, 25.5925683], [85.0757115, 25.5924674], [85.0756916, 25.5924085], [85.0756803, 25.5923835], [85.0756217, 25.5922975], [85.0755847, 25.5922444], [85.0755789, 25.5922357], [85.0755155, 25.5921404], [85.0754713, 25.5920749], [85.0754515, 25.5920353], [85.0754276, 25.5919746], [85.0754179, 25.5919387], [85.0753909, 25.5918387], [85.0753606, 25.591705], [85.0753294, 25.5915436], [85.0753149, 25.591438], [85.0753021, 25.5913506], [85.0753015, 25.5913464], [85.0752973, 25.5912801], [85.0752984, 25.5912103], [85.0753036, 25.591135], [85.0753199, 25.5909643], [85.075331, 25.5908919], [85.0753394, 25.5908377], [85.0753955, 25.5905506], [85.0754362, 25.5903815], [85.0754452, 25.5903403], [85.0754583, 25.5902798], [85.075479, 25.5901799], [85.0755061, 25.5900258], [85.0755378, 25.589828], [85.0755656, 25.5896576], [85.0755834, 25.5895213], [85.0756013, 25.5893718], [85.0756212, 25.5892383], [85.075639, 25.5891057], [85.0756485, 25.5890167], [85.0756544, 25.588962], [85.0756586, 25.5889227], [85.0756642, 25.5888415], [85.0756696, 25.5887622], [85.0756831, 25.5885874], [85.075701, 25.5882962], [85.0757086, 25.5880435], [85.075715, 25.5878632], [85.0757133, 25.587749], [85.0757113, 25.587677], [85.0757087, 25.5875869], [85.0757048, 25.5873857], [85.0757028, 25.5870623], [85.0757019, 25.5869899], [85.0757018, 25.5869846], [85.0757016, 25.5869689], [85.07570159769163, 25.586968899643885], [85.0756985, 25.5867285], [85.0757036, 25.586188], [85.0757043, 25.5861823]]]}}, {"type": "Feature", "properties": {"ward": "4", "ward_title": "Ward 4", "area": "Shekhpura / Raja Bazaar / Khajapura", "short_area": "Shekhpura / Raja Bazar", "ac_no": "181", "ac_name": "Digha", "ac_booths": 26, "ac_booth_range": "146-174", "ac_voters": 22939, "total_ward_booths": "26", "total_ward_voters": "22,939", "center_lat": 25.5960276, "center_lon": 85.08644341284501, "label_lat": 25.5960276, "label_lon": 85.08644341284501, "has_leader": false, "leader_line": null, "color": "#10b981", "color_dark": "#047857"}, "geometry": {"type": "Polygon", "coordinates": [[[85.0806619, 25.6054322], [85.0807857, 25.6054208], [85.0809754, 25.6054034], [85.0811875, 25.6053773], [85.0812877, 25.605365], [85.0816983, 25.6053158], [85.0821374, 25.605268], [85.0821683, 25.6052646], [85.082195, 25.6052617], [85.0826644, 25.6052052], [85.0829252, 25.605177], [85.0832281, 25.6051439], [85.083521, 25.6051176], [85.0837037, 25.6050978], [85.0837079, 25.6050973], [85.0838318, 25.6050838], [85.0839499, 25.6050703], [85.0842517, 25.6050356], [85.0846437, 25.6049914], [85.0846839, 25.6049877], [85.0849657, 25.604962], [85.0850849, 25.6049503], [85.0854112, 25.6049183], [85.0856131, 25.6048982], [85.085677, 25.6048919], [85.0857816, 25.604878], [85.0857851, 25.6048776], [85.0858071, 25.6048747], [85.0860888, 25.6048396], [85.0862706, 25.604817], [85.0865202, 25.6047895], [85.0866147, 25.6047801], [85.0868136, 25.6047603], [85.0868209, 25.6047595], [85.0868685, 25.6047544], [85.0870017, 25.6047399], [85.0871555, 25.6047233], [85.087188, 25.6047198], [85.0871949, 25.6047191], [85.0872597, 25.6047121], [85.0874115, 25.6047004], [85.087559, 25.604689], [85.0876576, 25.6046814], [85.0878732, 25.6046705], [85.087937, 25.6046673], [85.0880748, 25.60466], [85.0883, 25.6046482], [85.0885743, 25.6046424], [85.0886232, 25.604643], [85.0889879, 25.6046478], [85.0890389, 25.6046485], [85.0895153, 25.6046434], [85.0897213, 25.6046409], [85.0898857, 25.6046388], [85.0902001, 25.6046317], [85.0903256, 25.6046263], [85.0905678, 25.6046159], [85.0905712, 25.6046157], [85.0908678, 25.6045999], [85.0909766, 25.6045941], [85.0913236, 25.6045728], [85.0914595, 25.6045645], [85.0917311, 25.6045504], [85.0918915, 25.6045421], [85.0920298, 25.6045349], [85.092132, 25.6045303], [85.092332, 25.6045211], [85.0925852, 25.6045095], [85.0929886, 25.6044911], [85.0930406, 25.6044887], [85.0933279, 25.6044765], [85.093357, 25.6044152], [85.093361, 25.6044068], [85.0933702, 25.6043873], [85.0933825, 25.6043531], [85.0933905, 25.6043194], [85.0933912, 25.604315], [85.0933923, 25.6043061], [85.0933926, 25.6042972], [85.0933924, 25.6042911], [85.0933918, 25.6042838], [85.0933913, 25.6042794], [85.0933896, 25.6042706], [85.0933877, 25.6042637], [85.0933843, 25.6042535], [85.0933807, 25.6042452], [85.0933786, 25.6042411], [85.0933741, 25.6042332], [85.093369, 25.6042256], [85.0933634, 25.6042183], [85.0932925, 25.6041397], [85.093215, 25.6040538], [85.0932035, 25.6040413], [85.093165, 25.6039992], [85.0930613, 25.603886], [85.0930293, 25.6038511], [85.0928373, 25.6036459], [85.0927336, 25.6035321], [85.0925772, 25.6033568], [85.0925218, 25.6032927], [85.0924627, 25.6032231], [85.0923657, 25.6031089], [85.0922406, 25.6029654], [85.092038, 25.6027327], [85.0920186, 25.6027104], [85.0918735, 25.6025479], [85.0918691, 25.602543], [85.0918047, 25.6024683], [85.0916948, 25.602341], [85.0915465, 25.6021719], [85.0913849, 25.6019827], [85.091245, 25.6018151], [85.0911023, 25.6016527], [85.0908633, 25.6013787], [85.0906248, 25.6011134], [85.0903658, 25.6008129], [85.0903643, 25.6008108], [85.0903372, 25.6007719], [85.0901942, 25.6005672], [85.0901329, 25.6004654], [85.0901182, 25.6004409], [85.0900076, 25.6002574], [85.0897825, 25.5997855], [85.0897235, 25.5996441], [85.0896614, 25.5994951], [85.0896374, 25.5994374], [85.0896259, 25.5994099], [85.0895989, 25.5993715], [85.0895859, 25.5993586], [85.0895732, 25.5993459], [85.0895612, 25.5993341], [85.0895355, 25.599313], [85.0894862, 25.5992814], [85.0894786, 25.5992771], [85.0894632, 25.5992698], [85.0894158, 25.5992516], [85.0893891, 25.5992429], [85.089385, 25.5992416], [85.0893832, 25.5992413], [85.0893579, 25.5992361], [85.0893489, 25.5992343], [85.0893145, 25.5992301], [85.0893143, 25.5992301], [85.0892755, 25.5992284], [85.0894008, 25.59919], [85.0895286, 25.5991509], [85.0895496, 25.5991444], [85.0898233, 25.5990046], [85.0901722, 25.5988878], [85.0901773, 25.5988862], [85.0908867, 25.5986766], [85.091157, 25.5985944], [85.0914082, 25.5985057], [85.0917933, 25.598354], [85.0925024, 25.5980696], [85.0927983, 25.5979474], [85.0930427, 25.5978464], [85.0933399, 25.5977261], [85.093572, 25.597632], [85.0936729, 25.5975912], [85.0942704, 25.5973492], [85.0944222, 25.5972882], [85.0947737, 25.5971468], [85.0949213, 25.5970824], [85.0949489, 25.5970678], [85.0951274, 25.5969732], [85.0954417, 25.5967714], [85.0957549, 25.5965704], [85.0969349, 25.5958168], [85.0970904, 25.5957303], [85.0971857, 25.5956845], [85.0973744, 25.5956128], [85.0977777, 25.5954685], [85.0979511, 25.5954106], [85.0984498, 25.5952331], [85.0987983, 25.5951164], [85.0992082, 25.5949764], [85.0993886, 25.594915], [85.0994332, 25.5948999], [85.0993696, 25.5947874], [85.0993262, 25.5947105], [85.0992944, 25.5946542], [85.0992924, 25.5946504], [85.099291, 25.5946479], [85.0992121, 25.5945206], [85.0991108, 25.5943616], [85.0989566, 25.5941099], [85.0988842, 25.593987], [85.0988213, 25.5939138], [85.0988169, 25.5939091], [85.0988124, 25.5939046], [85.0988077, 25.5939002], [85.0988029, 25.5938959], [85.0987979, 25.5938918], [85.0987927, 25.5938879], [85.0987874, 25.5938841], [85.098782, 25.5938804], [85.0987764, 25.593877], [85.0987707, 25.5938737], [85.0987649, 25.5938706], [85.098759, 25.5938676], [85.098753, 25.5938649], [85.0987469, 25.5938623], [85.0987407, 25.5938599], [85.0987344, 25.5938577], [85.098728, 25.5938557], [85.0986364, 25.5938288], [85.0985674, 25.5938085], [85.0983474, 25.5937627], [85.0983473, 25.5937627], [85.0981971, 25.5937525], [85.098197, 25.5937525], [85.0981225, 25.5937508], [85.0981224, 25.5937508], [85.0979932, 25.5937479], [85.097993, 25.5937479], [85.0978648, 25.5937408], [85.0978647, 25.5937408], [85.0978366, 25.5937392], [85.0978364, 25.5937392], [85.0977992, 25.5937364], [85.0977765, 25.5937299], [85.0977606, 25.5937183], [85.0977448, 25.5937035], [85.0977312, 25.5936851], [85.0977179, 25.5936647], [85.0977111, 25.5936413], [85.0977091, 25.5935958], [85.0977022, 25.5935234], [85.0977004, 25.593463], [85.0976929, 25.5934098], [85.0976782, 25.5933586], [85.0976638, 25.5933288], [85.0976331, 25.5932947], [85.0975792, 25.5932628], [85.0973497, 25.593169], [85.0963146, 25.592762], [85.0953859, 25.5923881], [85.0942213, 25.5919352], [85.0930313, 25.5914548], [85.0911449, 25.5907145], [85.0907914, 25.5905757], [85.0902524, 25.5903631], [85.0902522, 25.590363], [85.0899747, 25.5902536], [85.0904276, 25.5890041], [85.0904294, 25.5889927], [85.0904298, 25.588992], [85.0904299, 25.5889917], [85.0904358, 25.5889807], [85.0904675, 25.5889304], [85.0904682, 25.5889292], [85.0904704, 25.5889257], [85.0905053, 25.5888813], [85.0905171, 25.5888662], [85.0905903, 25.5887729], [85.0905936, 25.5887687], [85.0906377, 25.5887125], [85.0907065, 25.5886538], [85.0907073, 25.5886532], [85.09071, 25.5886509], [85.0907102, 25.5886499], [85.0907103, 25.5886496], [85.0907175, 25.5886197], [85.0907239, 25.588565], [85.0907765, 25.588459], [85.0908181, 25.5884063], [85.0908447, 25.5883678], [85.0908472, 25.5883642], [85.0908527, 25.5883562], [85.0908743, 25.5882655], [85.0910715, 25.5880532], [85.0902437, 25.5879527], [85.0889861, 25.5878017], [85.0886709, 25.5877638], [85.0873738, 25.5876061], [85.0863651, 25.587494], [85.0863859, 25.5872984], [85.0863874, 25.587286], [85.0864039, 25.5871487], [85.0864052, 25.5871342], [85.0863988, 25.5871336], [85.0863979, 25.5871347], [85.0863956, 25.5871368], [85.0863931, 25.5871385], [85.0863902, 25.5871398], [85.0863872, 25.5871407], [85.0863841, 25.5871412], [85.0863809, 25.5871411], [85.0861193, 25.5871205], [85.0860259, 25.5871153], [85.08602588827529, 25.587115312841355], [85.0859014, 25.5871084], [85.0857979, 25.587107], [85.0856921, 25.5871003], [85.0855649, 25.5870734], [85.0854872, 25.5870633], [85.0854542, 25.5870616], [85.0853649, 25.5870812], [85.0853523, 25.5870838], [85.0852593, 25.5871024], [85.0851771, 25.5871146], [85.0851327, 25.5871202], [85.0851189, 25.5871219], [85.0850401, 25.5871141], [85.0848692, 25.5870827], [85.0848157, 25.5870729], [85.0847358, 25.5870634], [85.0845402, 25.5870403], [85.0845221, 25.5870395], [85.0843691, 25.5870328], [85.0843074, 25.5870161], [85.0842995, 25.5870139], [85.0842115, 25.5869533], [85.0840343, 25.5869009], [85.0840268, 25.5869648], [85.0839198, 25.5870708], [85.0819153, 25.5868356], [85.0789646, 25.5864863], [85.0757112, 25.5861302], [85.0757052, 25.5861759], [85.0757043, 25.5861823], [85.0757036, 25.586188], [85.0756985, 25.5867285], [85.0757018, 25.5869846], [85.0757019, 25.5869899], [85.0757028, 25.5870623], [85.0757048, 25.5873857], [85.0757087, 25.5875869], [85.0757113, 25.587677], [85.0757133, 25.587749], [85.075715, 25.5878632], [85.0757086, 25.5880435], [85.075701, 25.5882962], [85.0756831, 25.5885874], [85.0756696, 25.5887622], [85.0756642, 25.5888415], [85.0756586, 25.5889227], [85.0756544, 25.588962], [85.0756485, 25.5890167], [85.075639, 25.5891057], [85.0756212, 25.5892383], [85.0756013, 25.5893718], [85.0755834, 25.5895213], [85.0755656, 25.5896576], [85.0755378, 25.589828], [85.0755061, 25.5900258], [85.075479, 25.5901799], [85.0754583, 25.5902798], [85.0754452, 25.5903403], [85.0754362, 25.5903815], [85.0753955, 25.5905506], [85.0753394, 25.5908377], [85.075331, 25.5908919], [85.0753199, 25.5909643], [85.0753036, 25.591135], [85.0752984, 25.5912103], [85.0752973, 25.5912801], [85.0753015, 25.5913464], [85.0753021, 25.5913506], [85.0753149, 25.591438], [85.0753294, 25.5915436], [85.0753606, 25.591705], [85.0753909, 25.5918387], [85.0754179, 25.5919387], [85.0754276, 25.5919746], [85.0754515, 25.5920353], [85.0754713, 25.5920749], [85.0755155, 25.5921404], [85.0755789, 25.5922357], [85.0755847, 25.5922444], [85.0756217, 25.5922975], [85.0756803, 25.5923835], [85.0756916, 25.5924085], [85.0757115, 25.5924674], [85.0757449, 25.5925683], [85.0757605, 25.5926368], [85.0757747, 25.592699], [85.0757937, 25.5927809], [85.0758072, 25.5928608], [85.0758327, 25.5930489], [85.0758586, 25.5931744], [85.0758622, 25.5931849], [85.0758778, 25.5932302], [85.0759066, 25.5932823], [85.0759402, 25.5933147], [85.0759673, 25.5933366], [85.0760055, 25.593362], [85.0760438, 25.593385], [85.0760776, 25.5933972], [85.0761112, 25.5934071], [85.0761851, 25.5934199], [85.0762954, 25.5934278], [85.0763853, 25.5934216], [85.076432, 25.5934206], [85.0764983, 25.5934235], [85.0765198, 25.5934288], [85.0765391, 25.5934367], [85.0765644, 25.5934481], [85.0765848, 25.5934637], [85.0765962, 25.5934757], [85.0766079, 25.59349], [85.0766151, 25.5935002], [85.0766184, 25.5935096], [85.0766201, 25.5935198], [85.0766225, 25.5935418], [85.0766232, 25.5935633], [85.0766047, 25.5937389], [85.0765748, 25.5939542], [85.0765404, 25.5942117], [85.0764951, 25.594547], [85.0764444, 25.5949095], [85.0764127, 25.5951179], [85.0764089, 25.5951453], [85.0763613, 25.5954838], [85.0763261, 25.5957189], [85.0763109, 25.5958207], [85.0762531, 25.5962345], [85.0762513, 25.5963385], [85.0762496, 25.5964441], [85.0762501, 25.5964548], [85.0762591, 25.5966287], [85.0762621, 25.5966641], [85.0762812, 25.596888], [85.0762828, 25.5969077], [85.0762872, 25.5969591], [85.0762907, 25.5970813], [85.0762927, 25.5971461], [85.0762922, 25.5971554], [85.0762906, 25.5971869], [85.0762867, 25.5972149], [85.0762542, 25.5973316], [85.0762155, 25.5974144], [85.076151, 25.5975397], [85.0760211, 25.597733], [85.0758734, 25.5979476], [85.0757506, 25.5981218], [85.0757227, 25.5981613], [85.0756975, 25.598197], [85.0755345, 25.598441], [85.0753296, 25.5987503], [85.0751221, 25.599053], [85.0749359, 25.5993213], [85.0749136, 25.5993534], [85.0748094, 25.5995126], [85.074757, 25.5995854], [85.0747489, 25.5995968], [85.0746964, 25.5996675], [85.07462, 25.5997729], [85.0744818, 25.5999677], [85.0743462, 25.6001493], [85.0742762, 25.6002471], [85.0742191, 25.6003267], [85.0741968, 25.6003578], [85.0741745, 25.600389], [85.0741664, 25.6004038], [85.0741509, 25.6004309], [85.0741446, 25.6004435], [85.0741411, 25.6004506], [85.0741371, 25.6004645], [85.0741317, 25.600483], [85.0741259, 25.6005095], [85.0741227, 25.6005517], [85.0741233, 25.6006668], [85.0741595, 25.6009538], [85.074173, 25.6010258], [85.074176, 25.6010422], [85.0741769, 25.6010465], [85.0741982, 25.6011601], [85.0742109, 25.6012406], [85.0742221, 25.6013111], [85.0742535, 25.6015446], [85.0742929, 25.6018079], [85.0742965, 25.6018339], [85.0743134, 25.6019585], [85.0743194, 25.6020029], [85.0743569, 25.6022192], [85.07439, 25.6024489], [85.074399, 25.6025116], [85.0744199, 25.6026562], [85.0744471, 25.6028535], [85.0744498, 25.6028958], [85.0744538, 25.6029381], [85.0744592, 25.6029802], [85.074466, 25.6030222], [85.0744741, 25.6030639], [85.0744987, 25.6031797], [85.0745016, 25.6031916], [85.0745237, 25.6032815], [85.0745401, 25.6033972], [85.0745546, 25.6034995], [85.0745555, 25.6035062], [85.0745833, 25.6036912], [85.0746255, 25.6039177], [85.0746472, 25.6040679], [85.0746606, 25.6041512], [85.0746923, 25.6043471], [85.0746992, 25.6044342], [85.0747007, 25.6044498], [85.0747016, 25.6044654], [85.0747019, 25.6044811], [85.0747016, 25.6044967], [85.0747008, 25.6045124], [85.0746994, 25.604528], [85.0746974, 25.6045435], [85.0746934, 25.6045709], [85.0746866, 25.6046176], [85.074674, 25.604714], [85.0746733, 25.6047277], [85.0746721, 25.6047414], [85.0746705, 25.6047551], [85.0746681, 25.6047696], [85.0746656, 25.6047823], [85.0746624, 25.6047957], [85.0746587, 25.6048091], [85.0746546, 25.6048223], [85.0746499, 25.6048354], [85.0746061, 25.6049482], [85.0745274, 25.6051259], [85.0745211, 25.6051385], [85.0745094, 25.6051619], [85.0744287, 25.6053234], [85.074382, 25.6054338], [85.0743354, 25.6055443], [85.0743086, 25.6056059], [85.0743041, 25.6056193], [85.0742778, 25.6056962], [85.0742143, 25.6058825], [85.0741451, 25.6060642], [85.0740855, 25.6060675], [85.074087, 25.6061536], [85.0741241, 25.6061504], [85.0744314, 25.6061237], [85.0745025, 25.6061164], [85.0745204, 25.6061145], [85.0745277, 25.6061138], [85.0750881, 25.606056], [85.0754113, 25.6060215], [85.0755008, 25.6060119], [85.0755089, 25.606011], [85.0758311, 25.6059766], [85.0758494, 25.6059746], [85.0758515, 25.6059744], [85.0759389, 25.6059647], [85.0760221, 25.6059555], [85.076578, 25.605894], [85.0768774, 25.6058638], [85.0775032, 25.6058004], [85.0776339, 25.6057872], [85.0780398, 25.605744], [85.0780399, 25.6057441], [85.07844, 25.6057015], [85.0785906, 25.6056859], [85.0787269, 25.6056718], [85.0791671, 25.6056218], [85.0794116, 25.6055941], [85.0797647, 25.60555], [85.0798168, 25.6055246], [85.0799927, 25.605504], [85.080207, 25.6054788], [85.0803944, 25.6054568], [85.0804187, 25.6054546], [85.0804458, 25.6054521], [85.0804708, 25.6054498], [85.0804711, 25.6054497], [85.0806619, 25.6054322]]]}}, {"type": "Feature", "properties": {"ward": "5", "ward_title": "Ward 5", "area": "Samanpura / A.G. Colony / Ashiyana Nagar", "short_area": "Samanpura / A.G. Colony", "ac_no": "181", "ac_name": "Digha", "ac_booths": 37, "ac_booth_range": "94-154", "ac_voters": 34186, "total_ward_booths": "37", "total_ward_voters": "34,186", "center_lat": 25.6134831, "center_lon": 85.08822302487943, "label_lat": 25.6134831, "label_lon": 85.08822302487943, "has_leader": false, "leader_line": null, "color": "#10b981", "color_dark": "#047857"}, "geometry": {"type": "Polygon", "coordinates": [[[85.094262, 25.6044396], [85.0942618, 25.6044396], [85.0942617, 25.6044397], [85.0942615, 25.6044397], [85.0936919, 25.6044609], [85.0936918, 25.604461], [85.0933341, 25.6044762], [85.0933339, 25.6044762], [85.0933281, 25.6044765], [85.0933279, 25.6044765], [85.0930406, 25.6044887], [85.0929886, 25.6044911], [85.0925852, 25.6045095], [85.092332, 25.6045211], [85.092132, 25.6045303], [85.0920298, 25.6045349], [85.0918915, 25.6045421], [85.0917311, 25.6045504], [85.0914595, 25.6045645], [85.0913236, 25.6045728], [85.0909766, 25.6045941], [85.0908678, 25.6045999], [85.0905712, 25.6046157], [85.0905678, 25.6046159], [85.0903256, 25.6046263], [85.0902001, 25.6046317], [85.0898857, 25.6046388], [85.0897213, 25.6046409], [85.0895153, 25.6046434], [85.0890389, 25.6046485], [85.0889879, 25.6046478], [85.0886232, 25.604643], [85.0885743, 25.6046424], [85.0883, 25.6046482], [85.0880748, 25.60466], [85.087937, 25.6046673], [85.0878732, 25.6046705], [85.0876576, 25.6046814], [85.087559, 25.604689], [85.0874115, 25.6047004], [85.0872597, 25.6047121], [85.0871949, 25.6047191], [85.087188, 25.6047198], [85.0871555, 25.6047233], [85.0870017, 25.6047399], [85.0868685, 25.6047544], [85.0868209, 25.6047595], [85.0868136, 25.6047603], [85.0866147, 25.6047801], [85.0865202, 25.6047895], [85.0862706, 25.604817], [85.0860888, 25.6048396], [85.0858071, 25.6048747], [85.0857851, 25.6048776], [85.0857816, 25.604878], [85.085677, 25.6048919], [85.0856131, 25.6048982], [85.0854112, 25.6049183], [85.0850849, 25.6049503], [85.0849657, 25.604962], [85.0846839, 25.6049877], [85.0846437, 25.6049914], [85.0842517, 25.6050356], [85.0839499, 25.6050703], [85.0838318, 25.6050838], [85.0837079, 25.6050973], [85.0837037, 25.6050978], [85.083521, 25.6051176], [85.0832281, 25.6051439], [85.0829252, 25.605177], [85.0826644, 25.6052052], [85.082195, 25.6052617], [85.0821683, 25.6052646], [85.0821374, 25.605268], [85.0816983, 25.6053158], [85.0812877, 25.605365], [85.0811875, 25.6053773], [85.0809754, 25.6054034], [85.0807857, 25.6054208], [85.0806619, 25.6054322], [85.0804711, 25.6054497], [85.0804708, 25.6054498], [85.0804876, 25.6056024], [85.0804986, 25.6056625], [85.0805147, 25.6057508], [85.0805232, 25.6057977], [85.0805766, 25.6059949], [85.0805771, 25.6059968], [85.0806271, 25.6061782], [85.0806318, 25.6061943], [85.0806395, 25.6062204], [85.0806929, 25.6064031], [85.0807069, 25.606451], [85.0807133, 25.6064744], [85.0807184, 25.6064931], [85.0807255, 25.6065187], [85.0807471, 25.6065977], [85.0807695, 25.6066793], [85.0807765, 25.6067048], [85.0808107, 25.6068269], [85.0808315, 25.6069009], [85.080862, 25.6069943], [85.0808734, 25.6070289], [85.0808785, 25.6070447], [85.0809485, 25.6072585], [85.0809505, 25.6072646], [85.0809798, 25.6073542], [85.0809956, 25.6074025], [85.0810244, 25.6075298], [85.0810289, 25.6075496], [85.0810447, 25.6076194], [85.0810507, 25.607648], [85.0810522, 25.6076554], [85.0810586, 25.6076856], [85.0810895, 25.6078323], [85.0811337, 25.6080207], [85.0811433, 25.6080612], [85.081159, 25.6081515], [85.081159, 25.6081517], [85.0811733, 25.608234], [85.0811829, 25.6083046], [85.081185, 25.60832], [85.0811923, 25.6084011], [85.0811963, 25.608446], [85.081209, 25.6085236], [85.0812219, 25.6086028], [85.0812219, 25.6086029], [85.0812315, 25.6086616], [85.0812454, 25.6087814], [85.0812563, 25.6088759], [85.0812588, 25.6089061], [85.0812683, 25.609022], [85.0812713, 25.6090581], [85.081273, 25.6090962], [85.0812731, 25.6090983], [85.0812796, 25.6092415], [85.0812815, 25.6092827], [85.0812863, 25.6093313], [85.0812894, 25.6093635], [85.0813225, 25.6095539], [85.0813403, 25.6096951], [85.0813554, 25.609815], [85.0813578, 25.6098345], [85.0813851, 25.6100555], [85.0813912, 25.6101047], [85.0814231, 25.610368], [85.0814251, 25.6103811], [85.0814251, 25.6103812], [85.081441, 25.6104838], [85.0814519, 25.6105544], [85.0814637, 25.6106185], [85.0815036, 25.6108356], [85.0815101, 25.6108703], [85.0815244, 25.6109462], [85.0815327, 25.6109904], [85.0815452, 25.6110569], [85.0815597, 25.6111343], [85.0815606, 25.6111379], [85.0816196, 25.61137], [85.0816347, 25.6114293], [85.0816762, 25.6116101], [85.0816774, 25.6116155], [85.0816777, 25.6116167], [85.0816808, 25.6116301], [85.0816819, 25.611635], [85.0816964, 25.6116985], [85.0817355, 25.6118573], [85.0817481, 25.6119084], [85.0818095, 25.6121822], [85.0818134, 25.6122025], [85.0818784, 25.6125143], [85.0819279, 25.6128323], [85.0820105, 25.6135373], [85.0820194, 25.6136135], [85.0820207, 25.6136216], [85.0820657, 25.6139274], [85.0820658, 25.6139274], [85.0820762, 25.6140038], [85.0820876, 25.6140868], [85.0821326, 25.6144889], [85.0821399, 25.6145646], [85.0821482, 25.6146493], [85.0821482, 25.6146494], [85.0821788, 25.6149103], [85.0822166, 25.615167], [85.082222, 25.6152032], [85.0822515, 25.6154622], [85.0822569, 25.6155051], [85.0822647, 25.6155659], [85.0822707, 25.6156121], [85.0822791, 25.6156875], [85.0822961, 25.6158736], [85.0823154, 25.6160758], [85.0823256, 25.6161816], [85.0823259, 25.6161845], [85.0823443, 25.6163639], [85.0823549, 25.6164585], [85.0823703, 25.6165969], [85.0823818, 25.6167262], [85.0823887, 25.6168032], [85.0823906, 25.6168289], [85.0824133, 25.6171284], [85.0824176, 25.6171898], [85.0824181, 25.6171941], [85.082419, 25.6172032], [85.0824233, 25.6172588], [85.0824301, 25.6173488], [85.0824572, 25.6177981], [85.0824583, 25.6178125], [85.0824613, 25.6178839], [85.0824874, 25.6180833], [85.0824921, 25.6181246], [85.0824964, 25.6181611], [85.0825375, 25.6185078], [85.0825562, 25.6187966], [85.0825641, 25.6189183], [85.0825793, 25.6191517], [85.0825899, 25.6192388], [85.0825929, 25.6192639], [85.082644, 25.6196251], [85.0826862, 25.619924], [85.0826866, 25.6199265], [85.0827205, 25.6202227], [85.0827207, 25.6202243], [85.0827218, 25.6202325], [85.0827445, 25.6204353], [85.082746, 25.6204484], [85.0827869, 25.6210294], [85.0827901, 25.6211012], [85.0827959, 25.6212308], [85.0827959, 25.6212311], [85.0827959, 25.6212318], [85.0828263, 25.6215364], [85.0828453, 25.6217301], [85.0828682, 25.6219387], [85.0828689, 25.6219409], [85.0828811, 25.6219404], [85.0828867, 25.6219402], [85.0828868, 25.6219402], [85.0829324, 25.6219384], [85.083232, 25.621927], [85.0832915, 25.6219247], [85.0832933, 25.6219247], [85.0832934, 25.6219247], [85.0837894, 25.6219057], [85.0837897, 25.6219057], [85.0839347, 25.6219032], [85.084205, 25.6218985], [85.0842054, 25.6218984], [85.0843652, 25.6218911], [85.0844246, 25.6218884], [85.084433, 25.621888], [85.0844344, 25.621888], [85.0846028, 25.6218803], [85.0848085, 25.6218708], [85.0848087, 25.6218708], [85.0848088, 25.6218708], [85.0848092, 25.6218708], [85.0848247, 25.6218695], [85.0848531, 25.621867], [85.085208, 25.6218364], [85.0852082, 25.6218364], [85.0852083, 25.6218364], [85.0852086, 25.6218364], [85.0852087, 25.6218364], [85.0853183, 25.6218221], [85.0853551, 25.6218173], [85.0853844, 25.6218136], [85.0856996, 25.6217555], [85.0859623, 25.6217037], [85.0859624, 25.6217037], [85.0859624, 25.6217036], [85.0859625, 25.6217036], [85.0860402, 25.6216876], [85.0861783, 25.6216591], [85.0861785, 25.621659], [85.0861788, 25.6216589], [85.0862239, 25.6216511], [85.0862869, 25.6216402], [85.0863878, 25.6216228], [85.0864693, 25.6216087], [85.0864694, 25.6216087], [85.0864695, 25.6216086], [85.0864696, 25.6216086], [85.0864697, 25.6216086], [85.0864699, 25.6216086], [85.08647, 25.6216086], [85.0864702, 25.6216086], [85.0865003, 25.6216047], [85.086549, 25.6215985], [85.086571, 25.6215957], [85.0865713, 25.6215957], [85.0865716, 25.6215957], [85.0867165, 25.6215822], [85.0867169, 25.6215821], [85.086717, 25.6215821], [85.0867172, 25.6215821], [85.0867175, 25.6215821], [85.0867178, 25.6215821], [85.0867179, 25.6215821], [85.086718, 25.6215821], [85.0867183, 25.6215821], [85.0867224, 25.6215822], [85.0868707, 25.6215841], [85.0868708, 25.6215841], [85.0868711, 25.6215842], [85.0870097, 25.6216001], [85.0871613, 25.6216175], [85.0871616, 25.6216175], [85.0871617, 25.6216176], [85.0871619, 25.6216176], [85.0872692, 25.621634], [85.0873545, 25.6216471], [85.0873923, 25.6216532], [85.0873924, 25.6216533], [85.0874045, 25.6216552], [85.0875934, 25.6216907], [85.0876497, 25.6217013], [85.087726, 25.6217156], [85.0877288, 25.6217161], [85.0877299, 25.6217163], [85.0877301, 25.6217163], [85.0878737, 25.6217449], [85.0879306, 25.6217562], [85.0879307, 25.6217562], [85.0879308, 25.6217562], [85.0881, 25.6217917], [85.0881001, 25.6217917], [85.0881003, 25.6217918], [85.0881004, 25.6217918], [85.0881005, 25.6217918], [85.0881008, 25.6217919], [85.0882008, 25.6218083], [85.088201, 25.6218084], [85.0882012, 25.6218084], [85.0882013, 25.6218084], [85.0882015, 25.6218084], [85.0883305, 25.6218241], [85.0883306, 25.6218241], [85.0883307, 25.6218241], [85.0884392, 25.6218358], [85.0884393, 25.6218358], [85.0886641, 25.6218592], [85.0886642, 25.6218593], [85.0887478, 25.6218688], [85.0887857, 25.6218732], [85.0887892, 25.6218736], [85.0889943, 25.6218971], [85.0889944, 25.6218971], [85.0890461, 25.621903], [85.0892854, 25.6219305], [85.0892855, 25.6219305], [85.089298, 25.6219318], [85.0892991, 25.6219319], [85.0895176, 25.6219555], [85.0896485, 25.6219696], [85.0896801, 25.6219729], [85.0896931, 25.6219743], [85.0896933, 25.6219743], [85.0900885, 25.6220211], [85.0901675, 25.6220301], [85.0901676, 25.6220301], [85.090204, 25.6220335], [85.0902548, 25.6220382], [85.0902553, 25.6220382], [85.0902558, 25.6220383], [85.0903491, 25.6220525], [85.0903578, 25.6220538], [85.0903581, 25.6220538], [85.0903583, 25.6220539], [85.0903586, 25.6220539], [85.0903588, 25.622054], [85.0904219, 25.6220675], [85.0904321, 25.6220697], [85.090458, 25.6220758], [85.0905073, 25.6220874], [85.0908505, 25.6221872], [85.0908534, 25.622188], [85.0909228, 25.6222089], [85.0910408, 25.6222495], [85.0911772, 25.6222964], [85.091318, 25.6223286], [85.0913366, 25.6223328], [85.0913367, 25.6223328], [85.0913368, 25.6223329], [85.0913369, 25.6223329], [85.0914153, 25.6223493], [85.0915703, 25.6223819], [85.0916131, 25.6223908], [85.0916132, 25.6223909], [85.0916176, 25.6223918], [85.0916179, 25.6223918], [85.0916182, 25.6223919], [85.0916184, 25.6223919], [85.0918569, 25.6224313], [85.0919635, 25.6224489], [85.0920114, 25.6224568], [85.0921226, 25.6224753], [85.092148, 25.6224795], [85.0921481, 25.6224795], [85.0921483, 25.6224795], [85.0921485, 25.6224795], [85.0922479, 25.6224933], [85.092248, 25.6224934], [85.0922482, 25.6224934], [85.0922484, 25.6224934], [85.0922487, 25.6224934], [85.0922489, 25.6224934], [85.0922495, 25.6224935], [85.0926171, 25.6225094], [85.0926175, 25.6224911], [85.0926292, 25.6219411], [85.0926319, 25.6218601], [85.0926244, 25.6217486], [85.0925764, 25.6213911], [85.0925603, 25.6213413], [85.0925553, 25.6213327], [85.0925409, 25.6213218], [85.0924605, 25.6213008], [85.0924451, 25.6212935], [85.0924344, 25.6212857], [85.0923901, 25.6212351], [85.0923528, 25.6211307], [85.0922917, 25.6209011], [85.0922544, 25.6207611], [85.0921779, 25.6204043], [85.0921565, 25.6202901], [85.0921548, 25.6202812], [85.0921541, 25.6202776], [85.0920852, 25.6198086], [85.0920599, 25.6196366], [85.0920382, 25.6194336], [85.0920287, 25.6193429], [85.0919616, 25.6187075], [85.0919341, 25.6185466], [85.0918833, 25.6182256], [85.0918217, 25.6178366], [85.0917998, 25.6176029], [85.0917972, 25.6175748], [85.0917905, 25.6175149], [85.0917578, 25.6172196], [85.0917504, 25.6171482], [85.0917453, 25.6170997], [85.0917119, 25.6167128], [85.0916966, 25.6163943], [85.091693, 25.616134], [85.0916908, 25.615975], [85.0916885, 25.6159549], [85.0916775, 25.6158518], [85.091658, 25.6157389], [85.0916251, 25.6155516], [85.0916142, 25.6154894], [85.0916026, 25.6154189], [85.0915667, 25.6151994], [85.091557, 25.6151083], [85.0915487, 25.6150307], [85.0915464, 25.6150093], [85.0915277, 25.6148313], [85.091516, 25.6146984], [85.0915048, 25.6145714], [85.0915004, 25.6144477], [85.0914984, 25.6143905], [85.0914926, 25.6142257], [85.0914921, 25.6140777], [85.091492, 25.6140225], [85.0914919, 25.6140046], [85.0915034, 25.6140022], [85.0918275, 25.6139319], [85.0918925, 25.6139213], [85.0923091, 25.6138532], [85.0923533, 25.6138464], [85.0930044, 25.6137396], [85.0931813, 25.6137088], [85.0933508, 25.6136793], [85.0936348, 25.6136261], [85.0937503, 25.6136047], [85.0938472, 25.6135868], [85.0941463, 25.6135346], [85.0947375, 25.6134316], [85.0951055, 25.6133836], [85.0955804, 25.6133182], [85.0955829, 25.6132664], [85.0955855, 25.6131912], [85.095589, 25.6130893], [85.0955972, 25.6128854], [85.0955985, 25.6128056], [85.0955993, 25.6127513], [85.0955968, 25.6127254], [85.0955962, 25.6127172], [85.0955957, 25.6127131], [85.0955951, 25.6127096], [85.095595, 25.6127091], [85.0955931, 25.612701], [85.095592, 25.6126971], [85.0955902, 25.6126918], [85.0955893, 25.6126892], [85.0955886, 25.6126877], [85.0955877, 25.6126854], [85.0955841, 25.6126779], [85.0955799, 25.6126706], [85.0955776, 25.612667], [85.0955762, 25.6126649], [85.0955752, 25.6126636], [85.09557, 25.6126569], [85.0955643, 25.6126505], [85.0955588, 25.6126452], [85.0955586, 25.612645], [85.0955515, 25.6126389], [85.095548, 25.6126363], [85.0955408, 25.6126313], [85.0955371, 25.612629], [85.0955293, 25.6126259], [85.0955228, 25.6126238], [85.0955154, 25.6126219], [85.0955079, 25.6126204], [85.0955041, 25.6126198], [85.0955002, 25.6126194], [85.0954998, 25.6126194], [85.0954926, 25.6126189], [85.0954887, 25.6126188], [85.095481, 25.612619], [85.095266, 25.6126385], [85.0952656, 25.6126385], [85.0952272, 25.612642], [85.095151, 25.6126489], [85.0947478, 25.612682], [85.0946707, 25.6126844], [85.0946638, 25.6126834], [85.0946571, 25.6126819], [85.0946504, 25.6126801], [85.0946439, 25.6126778], [85.0946408, 25.6126765], [85.0946346, 25.6126737], [85.0946315, 25.6126721], [85.0946257, 25.6126687], [85.0946201, 25.6126649], [85.0946149, 25.6126608], [85.0946099, 25.6126564], [85.0946053, 25.6126517], [85.094601, 25.6126467], [85.0945972, 25.6126414], [85.0945954, 25.6126387], [85.0945799, 25.6126095], [85.0945651, 25.612571], [85.0944356, 25.6121117], [85.0944192, 25.6120537], [85.0942947, 25.6116186], [85.0942622, 25.6115051], [85.0941173, 25.6110375], [85.0939921, 25.6106339], [85.0939312, 25.6104387], [85.0938811, 25.6102785], [85.0938493, 25.6101615], [85.0938479, 25.6101522], [85.0938473, 25.6101428], [85.0938472, 25.6101381], [85.0938473, 25.6101333], [85.093848, 25.6101239], [85.0938486, 25.6101193], [85.0938504, 25.61011], [85.0938529, 25.6101008], [85.0938544, 25.6100963], [85.093856, 25.6100918], [85.0938598, 25.6100831], [85.0938643, 25.6100746], [85.0938668, 25.6100704], [85.0938722, 25.6100624], [85.0938751, 25.6100585], [85.0938782, 25.6100547], [85.0938841, 25.610048], [85.0938882, 25.6100438], [85.0938918, 25.6100404], [85.0938955, 25.6100372], [85.0939033, 25.610031], [85.0939116, 25.6100252], [85.0939261, 25.6100167], [85.0939404, 25.6100078], [85.0939543, 25.6099984], [85.0939678, 25.6099887], [85.093981, 25.6099785], [85.0939939, 25.609968], [85.0940063, 25.609957], [85.0940183, 25.6099458], [85.09403, 25.6099341], [85.0940344, 25.6099277], [85.0940384, 25.609921], [85.0940418, 25.6099141], [85.0940448, 25.609907], [85.0940471, 25.6098998], [85.094049, 25.6098924], [85.0940502, 25.6098849], [85.094051, 25.6098773], [85.0940511, 25.6098698], [85.0940507, 25.6098622], [85.0940497, 25.6098547], [85.094049, 25.6098509], [85.0940481, 25.6098472], [85.094046, 25.6098399], [85.0940433, 25.6098327], [85.0940401, 25.6098257], [85.0940261, 25.6097861], [85.093985, 25.6096703], [85.0939252, 25.6095084], [85.0938527, 25.6093119], [85.0938293, 25.6092492], [85.0937682, 25.6090857], [85.0937347, 25.6089959], [85.0936818, 25.608854], [85.0937286, 25.6088091], [85.0942928, 25.6086147], [85.09434, 25.6086011], [85.0946373, 25.6085153], [85.0947059, 25.608493], [85.0950125, 25.6083935], [85.0951857, 25.6083372], [85.095454, 25.6082501], [85.0955279, 25.6082251], [85.0957578, 25.6081472], [85.0961198, 25.6080281], [85.0962517, 25.6079859], [85.0962563, 25.6079844], [85.0961334, 25.6077837], [85.0961328, 25.6077827], [85.0959805, 25.6075328], [85.0959533, 25.6074882], [85.0958977, 25.607397], [85.0958006, 25.6072377], [85.095776, 25.6071985], [85.0956486, 25.6069957], [85.095543, 25.6068276], [85.0954109, 25.6066173], [85.0953762, 25.606563], [85.0953673, 25.6065489], [85.0953197, 25.6064743], [85.0952913, 25.6064298], [85.0952711, 25.6063976], [85.0952367, 25.6063426], [85.095222, 25.606319], [85.0952133, 25.6063052], [85.0951518, 25.6062031], [85.095043, 25.6060224], [85.0950311, 25.6060016], [85.0948801, 25.6057374], [85.0947438, 25.6055439], [85.0947299, 25.6055221], [85.0947092, 25.6054897], [85.0946954, 25.605468], [85.0946898, 25.6054592], [85.0945769, 25.6052852], [85.0945751, 25.6052821], [85.0944361, 25.6050301], [85.094423, 25.6050068], [85.0944108, 25.6049832], [85.0943995, 25.6049592], [85.0943891, 25.6049349], [85.0943856, 25.6049259], [85.0943796, 25.6049102], [85.0943763, 25.6049007], [85.0943747, 25.6048961], [85.0943738, 25.6048934], [85.094371, 25.6048853], [85.0943634, 25.6048601], [85.0943409, 25.60478], [85.0943323, 25.6047521], [85.0943248, 25.6047239], [85.0943183, 25.6046955], [85.0943129, 25.6046669], [85.0943086, 25.6046381], [85.0943054, 25.6046093], [85.0943032, 25.6045803], [85.0942952, 25.6044388], [85.094295, 25.6044388], [85.094262, 25.6044396]]]}}, {"type": "Feature", "properties": {"ward": "6", "ward_title": "Ward 6", "area": "Rajiv Nagar / Ram Nagari / Magistrate Colony", "short_area": "Rajiv Nagar", "ac_no": "181", "ac_name": "Digha", "ac_booths": 17, "ac_booth_range": "26-63", "ac_voters": 15409, "total_ward_booths": "17", "total_ward_voters": "15,409", "center_lat": 25.627059250000002, "center_lon": 85.09123758857615, "label_lat": 25.627059250000002, "label_lon": 85.09123758857615, "has_leader": false, "leader_line": null, "color": "#10b981", "color_dark": "#047857"}, "geometry": {"type": "Polygon", "coordinates": [[[85.0986627, 25.6306187], [85.0986623, 25.6306162], [85.0986381, 25.6305319], [85.0986223, 25.6304771], [85.0985405, 25.6301933], [85.0985041, 25.6300669], [85.0983974, 25.6297178], [85.0983973, 25.6297173], [85.0983381, 25.629496], [85.0983063, 25.629377], [85.0983063, 25.6293769], [85.0983062, 25.6293765], [85.0982854, 25.6293085], [85.0982854, 25.6293084], [85.0982824, 25.6292985], [85.0982823, 25.6292985], [85.0982759, 25.6292772], [85.0982602, 25.6292259], [85.098161, 25.6289011], [85.0981609, 25.628901], [85.0981483, 25.6288584], [85.0981166, 25.6287513], [85.0980414, 25.6284981], [85.0980414, 25.628498], [85.0980413, 25.6284978], [85.0979549, 25.6282295], [85.0979381, 25.6281774], [85.0978888, 25.6280245], [85.0978887, 25.6280242], [85.0978034, 25.6277313], [85.0977881, 25.6276789], [85.0977881, 25.6276788], [85.0977153, 25.6274224], [85.0976847, 25.6273145], [85.0976313, 25.6271262], [85.0976312, 25.6271259], [85.0975438, 25.6267786], [85.0975438, 25.6267785], [85.0974998, 25.6266127], [85.0974706, 25.6265043], [85.0974134, 25.6262916], [85.0974133, 25.6262913], [85.097413, 25.6262903], [85.0974129, 25.6262902], [85.0974118, 25.6262865], [85.097322, 25.6259863], [85.0972962, 25.6259002], [85.0972962, 25.6259], [85.0972691, 25.6258147], [85.0971762, 25.6255225], [85.0971429, 25.6254178], [85.0971343, 25.6253905], [85.096949, 25.6248091], [85.0969482, 25.6248065], [85.0968885, 25.6246166], [85.0968116, 25.6243704], [85.0968116, 25.6243701], [85.0967509, 25.6241631], [85.0967454, 25.6241445], [85.0967158, 25.6240435], [85.0966904, 25.6239567], [85.096677, 25.6239111], [85.0966498, 25.6238183], [85.0966392, 25.623782], [85.0966098, 25.6236816], [85.0966097, 25.6236813], [85.0966051, 25.623664], [85.0966036, 25.6236581], [85.0965807, 25.6235714], [85.0965722, 25.6235389], [85.0965686, 25.6235253], [85.0965369, 25.6234052], [85.0965369, 25.6234048], [85.0965368, 25.6234046], [85.0965367, 25.6234045], [85.0964989, 25.6232873], [85.0964609, 25.6231694], [85.0964608, 25.6231691], [85.0964608, 25.623169], [85.0963136, 25.6226589], [85.0963132, 25.6226578], [85.0963101, 25.6226462], [85.09628, 25.6225362], [85.0962392, 25.6224333], [85.0961916, 25.6223628], [85.0961548, 25.6223084], [85.0961518, 25.6223063], [85.0961437, 25.6223007], [85.09613, 25.6222928], [85.0961225, 25.6222884], [85.0959948, 25.6222354], [85.0959845, 25.6222313], [85.0958874, 25.6221998], [85.0958785, 25.6221969], [85.0958056, 25.6221754], [85.0957469, 25.6221594], [85.0956716, 25.6221396], [85.0956085, 25.622123], [85.0956081, 25.6221229], [85.0956076, 25.6221228], [85.0954582, 25.6220923], [85.0954528, 25.6220911], [85.0954163, 25.6220838], [85.0953789, 25.6220812], [85.0953112, 25.6220766], [85.095311, 25.6220766], [85.0953107, 25.6220766], [85.0953102, 25.6220766], [85.09531, 25.6220766], [85.0953098, 25.6220766], [85.0953093, 25.6220766], [85.0952391, 25.6220799], [85.0951777, 25.6220828], [85.0951776, 25.6220829], [85.0951774, 25.6220829], [85.0951773, 25.6220829], [85.0951768, 25.6220829], [85.0951764, 25.622083], [85.0951762, 25.622083], [85.095176, 25.622083], [85.0950684, 25.6220998], [85.0950201, 25.6221074], [85.0949572, 25.6221172], [85.094885, 25.6221285], [85.0947546, 25.6221485], [85.0947545, 25.6221485], [85.0946838, 25.62216], [85.0945646, 25.6221793], [85.0945054, 25.6221889], [85.0944306, 25.6222009], [85.094411, 25.6222041], [85.0944108, 25.6222041], [85.0944106, 25.6222041], [85.0943862, 25.6222087], [85.094223, 25.6222394], [85.0942229, 25.6222395], [85.0941754, 25.6222488], [85.0941094, 25.6222619], [85.0941091, 25.622262], [85.0940193, 25.6222818], [85.094019, 25.6222819], [85.0939863, 25.6222898], [85.0939221, 25.6223054], [85.0938395, 25.6223293], [85.0937858, 25.6223465], [85.0937856, 25.6223465], [85.0935675, 25.6224189], [85.0935675, 25.622419], [85.0935671, 25.6224191], [85.0934175, 25.6224644], [85.0934151, 25.6224651], [85.0934148, 25.6224652], [85.0934146, 25.6224653], [85.0932607, 25.6225057], [85.0932437, 25.6225102], [85.0932433, 25.6225103], [85.0932428, 25.6225104], [85.0932424, 25.6225105], [85.0932412, 25.6225107], [85.0931736, 25.6225224], [85.0930564, 25.6225299], [85.0930358, 25.6225301], [85.0929804, 25.6225255], [85.0929611, 25.6225239], [85.0929339, 25.6225217], [85.0929336, 25.6225217], [85.0929332, 25.6225217], [85.0927096, 25.6225136], [85.0927095, 25.6225136], [85.0926639, 25.6225115], [85.0926171, 25.6225094], [85.0922495, 25.6224935], [85.0922489, 25.6224934], [85.0922487, 25.6224934], [85.0922484, 25.6224934], [85.0922482, 25.6224934], [85.092248, 25.6224934], [85.0922479, 25.6224933], [85.0921485, 25.6224795], [85.0921483, 25.6224795], [85.0921481, 25.6224795], [85.092148, 25.6224795], [85.0921226, 25.6224753], [85.0920114, 25.6224568], [85.0919635, 25.6224489], [85.0918569, 25.6224313], [85.0916184, 25.6223919], [85.0916182, 25.6223919], [85.0916179, 25.6223918], [85.0916176, 25.6223918], [85.0916132, 25.6223909], [85.0916131, 25.6223908], [85.0915703, 25.6223819], [85.0914153, 25.6223493], [85.0913369, 25.6223329], [85.0913368, 25.6223329], [85.0913367, 25.6223328], [85.0913366, 25.6223328], [85.091318, 25.6223286], [85.0911772, 25.6222964], [85.0910408, 25.6222495], [85.0909228, 25.6222089], [85.0908534, 25.622188], [85.0908505, 25.6221872], [85.0905073, 25.6220874], [85.090458, 25.6220758], [85.0904321, 25.6220697], [85.0904219, 25.6220675], [85.0903588, 25.622054], [85.0903586, 25.6220539], [85.0903583, 25.6220539], [85.0903581, 25.6220538], [85.0903578, 25.6220538], [85.0903491, 25.6220525], [85.0902558, 25.6220383], [85.0902553, 25.6220382], [85.0902548, 25.6220382], [85.090204, 25.6220335], [85.0901676, 25.6220301], [85.0901675, 25.6220301], [85.0900885, 25.6220211], [85.0896933, 25.6219743], [85.0896931, 25.6219743], [85.0896801, 25.6219729], [85.0896485, 25.6219696], [85.0895176, 25.6219555], [85.0892991, 25.6219319], [85.089298, 25.6219318], [85.0892855, 25.6219305], [85.0892854, 25.6219305], [85.0890461, 25.621903], [85.0889944, 25.6218971], [85.0889943, 25.6218971], [85.0887892, 25.6218736], [85.0887857, 25.6218732], [85.0887478, 25.6218688], [85.0886642, 25.6218593], [85.0886641, 25.6218592], [85.0884393, 25.6218358], [85.0884392, 25.6218358], [85.0883307, 25.6218241], [85.0883306, 25.6218241], [85.0883305, 25.6218241], [85.0882015, 25.6218084], [85.0882013, 25.6218084], [85.0882012, 25.6218084], [85.088201, 25.6218084], [85.0882008, 25.6218083], [85.0881008, 25.6217919], [85.0881005, 25.6217918], [85.0881004, 25.6217918], [85.0881003, 25.6217918], [85.0881001, 25.6217917], [85.0881, 25.6217917], [85.0879308, 25.6217562], [85.0879307, 25.6217562], [85.0879306, 25.6217562], [85.0878737, 25.6217449], [85.0877301, 25.6217163], [85.0877299, 25.6217163], [85.0877288, 25.6217161], [85.087726, 25.6217156], [85.0876497, 25.6217013], [85.0875934, 25.6216907], [85.0874045, 25.6216552], [85.0873924, 25.6216533], [85.0873923, 25.6216532], [85.0873545, 25.6216471], [85.0872692, 25.621634], [85.0871619, 25.6216176], [85.0871617, 25.6216176], [85.0871616, 25.6216175], [85.0871613, 25.6216175], [85.0870097, 25.6216001], [85.0868711, 25.6215842], [85.0868708, 25.6215841], [85.0868707, 25.6215841], [85.0867224, 25.6215822], [85.0867183, 25.6215821], [85.086718, 25.6215821], [85.0867179, 25.6215821], [85.0867178, 25.6215821], [85.0867175, 25.6215821], [85.0867172, 25.6215821], [85.086717, 25.6215821], [85.0867169, 25.6215821], [85.0867165, 25.6215822], [85.0865716, 25.6215957], [85.0865713, 25.6215957], [85.086571, 25.6215957], [85.086549, 25.6215985], [85.0865003, 25.6216047], [85.0864702, 25.6216086], [85.08647, 25.6216086], [85.0864699, 25.6216086], [85.0864697, 25.6216086], [85.0864696, 25.6216086], [85.0864695, 25.6216086], [85.0864694, 25.6216087], [85.0864693, 25.6216087], [85.0863878, 25.6216228], [85.0862869, 25.6216402], [85.0862239, 25.6216511], [85.0861788, 25.6216589], [85.0861785, 25.621659], [85.0861783, 25.6216591], [85.0860402, 25.6216876], [85.0859625, 25.6217036], [85.0859624, 25.6217036], [85.0859624, 25.6217037], [85.0859623, 25.6217037], [85.0856996, 25.6217555], [85.0853844, 25.6218136], [85.0853551, 25.6218173], [85.0853183, 25.6218221], [85.0852087, 25.6218364], [85.0852086, 25.6218364], [85.0852083, 25.6218364], [85.0852082, 25.6218364], [85.085208, 25.6218364], [85.0848531, 25.621867], [85.0848247, 25.6218695], [85.0848092, 25.6218708], [85.0848088, 25.6218708], [85.0848087, 25.6218708], [85.0848085, 25.6218708], [85.0846028, 25.6218803], [85.0844344, 25.621888], [85.084433, 25.621888], [85.0844246, 25.6218884], [85.0843652, 25.6218911], [85.0842054, 25.6218984], [85.084205, 25.6218985], [85.0839347, 25.6219032], [85.0837897, 25.6219057], [85.0837894, 25.6219057], [85.0832934, 25.6219247], [85.0832933, 25.6219247], [85.0832915, 25.6219247], [85.083232, 25.621927], [85.0829324, 25.6219384], [85.0828868, 25.6219402], [85.0828867, 25.6219402], [85.0828811, 25.6219404], [85.0828689, 25.6219409], [85.0828725, 25.6219538], [85.0828791, 25.6219768], [85.0828794, 25.6219782], [85.0828804, 25.6219824], [85.0828805, 25.6219825], [85.0828822, 25.6219897], [85.0828827, 25.6219916], [85.0828861, 25.622002], [85.0828921, 25.6220209], [85.0829043, 25.6220492], [85.0829192, 25.6220764], [85.0829363, 25.6221019], [85.0829364, 25.622102], [85.0829365, 25.6221022], [85.0829366, 25.6221024], [85.0830114, 25.6221821], [85.0830209, 25.622191], [85.0831884, 25.6223483], [85.0832242, 25.6223819], [85.0832243, 25.622382], [85.083246, 25.6224051], [85.083288, 25.6224498], [85.083323, 25.622487], [85.0833317, 25.6224963], [85.0833644, 25.622531], [85.0833929, 25.6225615], [85.0835111, 25.6226925], [85.0835183, 25.6227005], [85.0835418, 25.6227265], [85.0835618, 25.6227485], [85.0836009, 25.6227915], [85.0836743, 25.6228722], [85.0837657, 25.6229747], [85.0837816, 25.6229924], [85.083784, 25.6229952], [85.0837841, 25.6229952], [85.0837885, 25.6229995], [85.0838716, 25.6230806], [85.0838783, 25.6230872], [85.0839468, 25.6231666], [85.0840082, 25.6232494], [85.0840126, 25.6232584], [85.0840182, 25.6232695], [85.0840289, 25.6232909], [85.0840422, 25.6233179], [85.084057, 25.6233477], [85.0840769, 25.6234043], [85.0840899, 25.6234414], [85.0840989, 25.6234673], [85.0841025, 25.6234777], [85.0841089, 25.6234961], [85.0841125, 25.6235064], [85.0841126, 25.6235066], [85.0841128, 25.6235073], [85.084117, 25.6235194], [85.0841171, 25.6235194], [85.0841354, 25.623572], [85.0841567, 25.6236334], [85.0841615, 25.6236471], [85.0841702, 25.6236719], [85.0841731, 25.6236802], [85.0841772, 25.6236978], [85.0841773, 25.6236985], [85.0842089, 25.6238334], [85.0842132, 25.6238516], [85.0842138, 25.6238544], [85.0842165, 25.6238658], [85.0842346, 25.6239433], [85.0842857, 25.6241645], [85.0842946, 25.6242031], [85.0843381, 25.6244539], [85.0843381, 25.624454], [85.0843597, 25.624551], [85.0843921, 25.6246961], [85.0844462, 25.6249304], [85.0844462, 25.6249305], [85.0844571, 25.624973], [85.0844771, 25.6250519], [85.0844794, 25.6250606], [85.0844818, 25.6250701], [85.0845007, 25.6251442], [85.084554, 25.625342], [85.0845717, 25.6254115], [85.0845719, 25.6254122], [85.0845763, 25.6254298], [85.0846044, 25.6255403], [85.0846459, 25.625736], [85.0846613, 25.6258299], [85.0846613, 25.62583], [85.0846846, 25.6259727], [85.0846915, 25.6260151], [85.0847031, 25.6260859], [85.0847105, 25.6261315], [85.0847358, 25.6262905], [85.0847521, 25.6263933], [85.0847522, 25.6263936], [85.0847527, 25.6263964], [85.0847681, 25.6264869], [85.0847884, 25.626606], [85.0848019, 25.6266959], [85.0848125, 25.6267662], [85.0848363, 25.626911], [85.0848498, 25.6269929], [85.0848717, 25.6271256], [85.0848753, 25.6271551], [85.0848762, 25.6271629], [85.084878, 25.6271782], [85.0848842, 25.627226], [85.084893, 25.6272939], [85.0848938, 25.6272988], [85.084894, 25.6273], [85.0848949, 25.6273048], [85.0849061, 25.6273704], [85.0849169, 25.6274337], [85.0849392, 25.6275885], [85.0849601, 25.6277292], [85.0849622, 25.6277431], [85.0849637, 25.6277532], [85.0849656, 25.6277662], [85.0849731, 25.627816], [85.0849853, 25.6278975], [85.0849993, 25.6279853], [85.0850008, 25.6279946], [85.085006, 25.6280273], [85.08501, 25.628052], [85.0850143, 25.628078], [85.0850157, 25.6280865], [85.0850209, 25.6281185], [85.0850355, 25.6282067], [85.0850379, 25.628221], [85.0850408, 25.6282397], [85.0850419, 25.6282448], [85.0850423, 25.6282473], [85.0850446, 25.628259], [85.0850652, 25.6283623], [85.0850851, 25.628453], [85.0851018, 25.6285295], [85.085118, 25.6286031], [85.0851484, 25.6287413], [85.0851521, 25.6287408], [85.0851751, 25.6287372], [85.0851888, 25.6287351], [85.0852978, 25.6287183], [85.0854152, 25.6287002], [85.0856274, 25.6286675], [85.0856817, 25.6286627], [85.0861366, 25.6286224], [85.0861688, 25.6286195], [85.0861705, 25.6286193], [85.0862257, 25.6286144], [85.0864838, 25.6285763], [85.0866144, 25.628557], [85.0866981, 25.6285446], [85.0866982, 25.6285446], [85.0867421, 25.6285395], [85.0867524, 25.6285383], [85.0868721, 25.6285245], [85.0869947, 25.6285103], [85.0869982, 25.6285099], [85.0870626, 25.6285025], [85.0873047, 25.628472], [85.0873484, 25.6284726], [85.0873663, 25.6284769], [85.0873802, 25.6284803], [85.0873981, 25.6284987], [85.0873985, 25.6284992], [85.0873986, 25.6284993], [85.0874111, 25.6285192], [85.0874186, 25.6285309], [85.0874229, 25.628539], [85.0874269, 25.6285466], [85.0874314, 25.6285552], [85.0874464, 25.628579], [85.0874703, 25.6286415], [85.0874726, 25.6286448], [85.0874742, 25.628647], [85.0874781, 25.6286514], [85.0874789, 25.6286523], [85.0874918, 25.6286603], [85.0875025, 25.6286637], [85.0875503, 25.6286584], [85.087797, 25.6286309], [85.0878344, 25.6286267], [85.087919, 25.6286173], [85.0879796, 25.6286105], [85.0881309, 25.6285896], [85.0882457, 25.6285738], [85.0882487, 25.6285918], [85.0883109, 25.6289577], [85.0883135, 25.6289732], [85.0883141, 25.6289762], [85.0884348, 25.6289609], [85.0887661, 25.6289126], [85.0890713, 25.6288681], [85.0891057, 25.6288617], [85.0891357, 25.6288561], [85.0891394, 25.628874], [85.0891748, 25.6290493], [85.089175, 25.6290505], [85.0891797, 25.6290735], [85.089203, 25.629189], [85.089209, 25.6292022], [85.0892091, 25.6292022], [85.0892093, 25.6292024], [85.0892097, 25.6292027], [85.0892099, 25.6292028], [85.08921, 25.6292029], [85.0892101, 25.6292029], [85.0892106, 25.6292032], [85.089211, 25.6292034], [85.0892112, 25.6292035], [85.0892113, 25.6292036], [85.0892114, 25.6292037], [85.0892117, 25.6292038], [85.0892118, 25.6292038], [85.0892119, 25.6292039], [85.089212, 25.6292039], [85.0892121, 25.629204], [85.0892124, 25.6292041], [85.0892126, 25.6292042], [85.0892127, 25.6292042], [85.0892129, 25.6292043], [85.0892133, 25.6292045], [85.0892138, 25.6292046], [85.0892142, 25.6292047], [85.0892143, 25.6292048], [85.0892147, 25.6292049], [85.0892148, 25.6292049], [85.0892153, 25.629205], [85.0892158, 25.6292051], [85.0892163, 25.6292052], [85.0892168, 25.6292052], [85.0892169, 25.6292053], [85.0892174, 25.6292053], [85.0892179, 25.6292053], [85.0892184, 25.6292053], [85.0892189, 25.6292053], [85.0892195, 25.6292053], [85.08922, 25.6292053], [85.0892205, 25.6292052], [85.0892206, 25.6292052], [85.089221, 25.6292052], [85.0892954, 25.6291944], [85.0893753, 25.6291829], [85.0895507, 25.6291607], [85.0895513, 25.6291606], [85.0899515, 25.62911], [85.0899706, 25.6291077], [85.0899726, 25.6291254], [85.0899976, 25.6292407], [85.0900012, 25.62926], [85.0900374, 25.6294553], [85.0900514, 25.6295303], [85.0900564, 25.6295534], [85.0900565, 25.6295539], [85.0900688, 25.6296108], [85.0900915, 25.6297153], [85.0900964, 25.6297375], [85.0900995, 25.6297518], [85.0901142, 25.6298194], [85.0901736, 25.6300494], [85.0901884, 25.6301067], [85.0901901, 25.6301132], [85.0901967, 25.6301397], [85.0902666, 25.6304186], [85.0902835, 25.6304861], [85.0903236, 25.6306462], [85.0903657, 25.6308037], [85.0903677, 25.630814], [85.0903709, 25.6308308], [85.0904033, 25.6309954], [85.0904297, 25.6311411], [85.0904319, 25.6311534], [85.0904367, 25.63118], [85.090469, 25.6313588], [85.0905457, 25.6318048], [85.090558, 25.631876], [85.0905925, 25.6320769], [85.0906076, 25.6321707], [85.0906156, 25.6322209], [85.0906715, 25.6325687], [85.0906771, 25.6326033], [85.0906771, 25.6326035], [85.0906783, 25.632611], [85.090679, 25.6326154], [85.0906792, 25.6326178], [85.0906793, 25.6326178], [85.0907648, 25.6325996], [85.0907653, 25.6325995], [85.0910339, 25.6325423], [85.0910879, 25.6325309], [85.0917613, 25.6324065], [85.0919616, 25.6323551], [85.092319, 25.6322633], [85.092436, 25.6322332], [85.0924744, 25.6322233], [85.0925706, 25.6321986], [85.0926018, 25.6321894], [85.0926782, 25.6321669], [85.0927684, 25.6321402], [85.0927695, 25.6321398], [85.0927697, 25.6321398], [85.0928539, 25.6321148], [85.0928563, 25.6321142], [85.0929334, 25.6320914], [85.0930139, 25.6320677], [85.0932524, 25.6319857], [85.0933367, 25.6319566], [85.0933377, 25.6319563], [85.0933386, 25.631956], [85.0934218, 25.6319273], [85.0934487, 25.631912], [85.0935315, 25.6318645], [85.0935421, 25.6318584], [85.0935477, 25.6318552], [85.0936088, 25.6318202], [85.0936377, 25.6318091], [85.0937054, 25.6317832], [85.0937738, 25.6317571], [85.0937951, 25.6317507], [85.0940022, 25.6316885], [85.0940921, 25.6316683], [85.094401, 25.6315988], [85.0944011, 25.6315988], [85.094422, 25.631594], [85.0944235, 25.6315937], [85.0944244, 25.6315935], [85.0944643, 25.6315845], [85.0944677, 25.6315838], [85.0944746, 25.6315825], [85.0946153, 25.6315539], [85.0946236, 25.6315522], [85.0947507, 25.6315264], [85.0949297, 25.6314901], [85.0949936, 25.6314779], [85.0950195, 25.631473], [85.0950196, 25.631473], [85.095169, 25.6314444], [85.0953707, 25.6314057], [85.0953851, 25.631403], [85.0954053, 25.6313991], [85.0954547, 25.6313867], [85.0954555, 25.6313865], [85.0954565, 25.6313862], [85.095708, 25.6313228], [85.0961784, 25.6312043], [85.0962257, 25.6311924], [85.09629, 25.6311722], [85.0966922, 25.6310732], [85.0969468, 25.6310187], [85.0969832, 25.6310109], [85.0973897, 25.6309239], [85.0973915, 25.6309235], [85.0973967, 25.6309225], [85.097528, 25.6308943], [85.097679, 25.6308673], [85.0977047, 25.6308649], [85.0977049, 25.6308649], [85.0977051, 25.6308649], [85.0977323, 25.6308623], [85.0979098, 25.6308305], [85.0981179, 25.6307933], [85.0981624, 25.6307853], [85.0982356, 25.6307701], [85.0984559, 25.6307243], [85.0984657, 25.6307223], [85.0984983, 25.6307155], [85.0985011, 25.6307149], [85.0986409, 25.6306859], [85.0986634, 25.6306812], [85.0986651, 25.6306342], [85.0986627, 25.6306187]]]}}, {"type": "Feature", "properties": {"ward": "7", "ward_title": "Ward 7", "area": "Kesari Nagar / Rajvanshi Nagar / Patel Nagar", "short_area": "Kesari Nagar / Patel Nagar", "ac_no": "181", "ac_name": "Digha", "ac_booths": 34, "ac_booth_range": "38-302", "ac_voters": 31788, "total_ward_booths": "34", "total_ward_voters": "31,788", "center_lat": 25.6219314, "center_lon": 85.10110534435397, "label_lat": 25.6219314, "label_lon": 85.10110534435397, "has_leader": false, "leader_line": null, "color": "#10b981", "color_dark": "#047857"}, "geometry": {"type": "Polygon", "coordinates": [[[85.1075134, 25.6202574], [85.1074831, 25.6202369], [85.1074594, 25.6202209], [85.1074723, 25.6202038], [85.1074737, 25.6202018], [85.1074822, 25.6201906], [85.1076923, 25.6199112], [85.1076926, 25.6199108], [85.1076929, 25.6199104], [85.1076931, 25.61991], [85.1076934, 25.6199096], [85.1076936, 25.6199091], [85.1076938, 25.6199087], [85.107694, 25.6199083], [85.1076942, 25.6199078], [85.1076943, 25.6199074], [85.1076945, 25.6199069], [85.1076946, 25.6199064], [85.1076947, 25.619906], [85.1076948, 25.6199055], [85.1076948, 25.619905], [85.1076949, 25.6199046], [85.1076949, 25.6199041], [85.1076949, 25.6199036], [85.1076949, 25.6199032], [85.1076949, 25.6199027], [85.1076948, 25.6199022], [85.1076948, 25.6199017], [85.1076947, 25.6199013], [85.1076946, 25.6199008], [85.1076945, 25.6199003], [85.1076944, 25.6198999], [85.1076942, 25.6198994], [85.107694, 25.619899], [85.1076939, 25.6198985], [85.1076937, 25.6198981], [85.1076934, 25.6198977], [85.1076862, 25.6198841], [85.1076761, 25.6198651], [85.107651, 25.6198179], [85.1076123, 25.6197451], [85.1077385, 25.6196615], [85.1077468, 25.6196521], [85.1077997, 25.6195919], [85.1078458, 25.6195396], [85.10796, 25.6193679], [85.1080287, 25.6192647], [85.1080622, 25.6192179], [85.1080643, 25.6192149], [85.1080686, 25.6192089], [85.1081643, 25.6190753], [85.1081815, 25.6190513], [85.1083436, 25.6188211], [85.1083934, 25.6187504], [85.1084026, 25.6187373], [85.1085493, 25.6185376], [85.1085527, 25.618533], [85.1086787, 25.6183616], [85.108887, 25.6180801], [85.1089434, 25.618], [85.1090293, 25.6178781], [85.1090458, 25.6178547], [85.1091281, 25.6177379], [85.1092684, 25.6175218], [85.1093023, 25.6174696], [85.1093655, 25.6173785], [85.1095378, 25.6171304], [85.1095927, 25.6170465], [85.1096055, 25.6170268], [85.1096117, 25.6170174], [85.1096814, 25.6169056], [85.1097798, 25.6167565], [85.1098542, 25.6166569], [85.1098577, 25.6166522], [85.1099101, 25.6165821], [85.1099493, 25.6165296], [85.1100798, 25.6163369], [85.1103175, 25.6159853], [85.1103863, 25.6158638], [85.1104142, 25.6158231], [85.1104451, 25.6157781], [85.1105278, 25.6156787], [85.1105952, 25.6155976], [85.1107604, 25.6153493], [85.1107839, 25.615314], [85.110871, 25.6151942], [85.1109096, 25.6151408], [85.1110309, 25.6149724], [85.1112761, 25.614592], [85.1114385, 25.61436], [85.111548, 25.6141852], [85.111587, 25.6141313], [85.111706, 25.6139672], [85.1118019, 25.6138235], [85.1119264, 25.613637], [85.1120473, 25.6134661], [85.1120908, 25.6134045], [85.1120937, 25.6134005], [85.1122423, 25.6131726], [85.1123577, 25.6130038], [85.1124516, 25.6128717], [85.1124528, 25.61287], [85.1125915, 25.6127222], [85.1127393, 25.6125391], [85.1127755, 25.61254], [85.1128137, 25.6125411], [85.1128232, 25.6125392], [85.1128323, 25.6125338], [85.1128483, 25.6125042], [85.1130383, 25.612165], [85.1131692, 25.6119311], [85.1132011, 25.611874], [85.1132178, 25.6118442], [85.1132216, 25.6117865], [85.1132338, 25.6117044], [85.1132426, 25.6116096], [85.1132425, 25.6115926], [85.1132425, 25.6115887], [85.1132361, 25.6115639], [85.1132184, 25.6115482], [85.1131879, 25.6115339], [85.1131536, 25.611526], [85.1131454, 25.6115241], [85.1131298, 25.6115205], [85.113083, 25.6115153], [85.1130214, 25.6115168], [85.1129636, 25.6115327], [85.112946, 25.6115375], [85.1128557, 25.6115796], [85.1128455, 25.6115857], [85.1128395, 25.6115892], [85.1128248, 25.6115909], [85.1128071, 25.6115914], [85.1127773, 25.6115842], [85.1127383, 25.611573], [85.1127202, 25.6115653], [85.1126234, 25.6115245], [85.1125879, 25.6115098], [85.1125047, 25.6114753], [85.1124947, 25.6114712], [85.1123783, 25.6114229], [85.1123732, 25.6114209], [85.1123488, 25.6114113], [85.112286, 25.6113865], [85.1122763, 25.6113826], [85.1122675, 25.6113791], [85.112227, 25.6113687], [85.112195, 25.6113605], [85.112133, 25.6113447], [85.1121165, 25.6113406], [85.1120376, 25.6113066], [85.1120242, 25.6112966], [85.1120004, 25.6112787], [85.1119976, 25.6112765], [85.1119828, 25.6112654], [85.1119247, 25.6112305], [85.111811, 25.6111839], [85.1117756, 25.6111757], [85.1117291, 25.6111649], [85.1116751, 25.6111524], [85.1116341, 25.611143], [85.1115345, 25.6111324], [85.1115231, 25.6111311], [85.1114561, 25.6111395], [85.1113752, 25.6111501], [85.1113164, 25.6111578], [85.1111847, 25.6111894], [85.1111189, 25.6112053], [85.1111044, 25.6112095], [85.11109, 25.6112138], [85.1110321, 25.6112308], [85.1109915, 25.6112428], [85.1109145, 25.6112599], [85.1109113, 25.6112597], [85.1109083, 25.6112596], [85.1108968, 25.6112625], [85.1106988, 25.6113114], [85.1107036, 25.6113274], [85.1107037, 25.6113278], [85.1107039, 25.6113283], [85.110704, 25.6113287], [85.1107056, 25.6113352], [85.1107128, 25.6113642], [85.1107297, 25.6114195], [85.110468, 25.6115158], [85.1103892, 25.6115457], [85.1103838, 25.6115468], [85.1101984, 25.6115837], [85.1100349, 25.6116162], [85.1099209, 25.6116371], [85.1097647, 25.6116656], [85.1097417, 25.6116708], [85.1096008, 25.6117024], [85.1095637, 25.6117107], [85.1092729, 25.611779], [85.1090623, 25.6118274], [85.1090427, 25.6118319], [85.1089148, 25.6118592], [85.1087821, 25.6118876], [85.1087527, 25.6118913], [85.1085725, 25.6119141], [85.1085706, 25.6119143], [85.1083414, 25.6119574], [85.1082989, 25.6119684], [85.1081863, 25.6119973], [85.1080892, 25.6120223], [85.107987, 25.6120519], [85.1079493, 25.6120628], [85.1079423, 25.6120658], [85.1078917, 25.6120774], [85.1077593, 25.6121077], [85.1076724, 25.6121277], [85.1073213, 25.6122082], [85.1072906, 25.6121986], [85.1071458, 25.6122323], [85.1068675, 25.6122707], [85.1067722, 25.6122838], [85.1066583, 25.6122951], [85.1066571, 25.6122951], [85.1065209, 25.6122955], [85.1063308, 25.6122962], [85.1062959, 25.6122968], [85.1062928, 25.6123499], [85.1062846, 25.6124932], [85.1062845, 25.6124937], [85.106284, 25.6124964], [85.1062836, 25.6124973], [85.1062724, 25.6125375], [85.1062686, 25.6125563], [85.1062665, 25.6125662], [85.1061851, 25.612896], [85.1061373, 25.6130893], [85.106129, 25.6130923], [85.1061289, 25.6130924], [85.1061249, 25.6130941], [85.1061169, 25.6130979], [85.1061131, 25.6131], [85.1061056, 25.6131045], [85.106102, 25.6131069], [85.1060985, 25.6131095], [85.1060918, 25.6131149], [85.1060855, 25.6131207], [85.1060842, 25.613122], [85.1060825, 25.6131238], [85.1060796, 25.6131269], [85.1060743, 25.6131335], [85.1060694, 25.6131404], [85.1060651, 25.6131475], [85.1060632, 25.6131512], [85.1060597, 25.6131587], [85.1060582, 25.6131626], [85.1060556, 25.6131704], [85.1060546, 25.6131743], [85.1060238, 25.6133198], [85.1060221, 25.6133278], [85.106019, 25.6133349], [85.1060153, 25.6133417], [85.1060132, 25.6133451], [85.1060088, 25.6133516], [85.1060039, 25.6133578], [85.1060012, 25.6133608], [85.1059969, 25.6133653], [85.1059956, 25.6133665], [85.1059927, 25.6133692], [85.1059896, 25.6133719], [85.1059832, 25.6133768], [85.1059765, 25.6133814], [85.1059694, 25.6133856], [85.105962, 25.6133893], [85.1059544, 25.6133925], [85.1059465, 25.6133953], [85.1059385, 25.6133976], [85.1059303, 25.6133993], [85.105762, 25.6134303], [85.1057344, 25.6134354], [85.1054137, 25.6135103], [85.1053971, 25.6135142], [85.10499, 25.6136046], [85.1047316, 25.6136619], [85.1048519, 25.6141088], [85.1048892, 25.6142455], [85.1049032, 25.6142967], [85.1049104, 25.6143275], [85.1049165, 25.6143584], [85.1049216, 25.6143894], [85.1048283, 25.6144118], [85.1048275, 25.614412], [85.1046657, 25.6144433], [85.1045118, 25.6144751], [85.1045061, 25.6144763], [85.1043104, 25.6145102], [85.1042208, 25.6145238], [85.1041499, 25.6145345], [85.1041223, 25.6145387], [85.1040718, 25.6145464], [85.104021, 25.6145524], [85.1039701, 25.6145568], [85.1039189, 25.6145597], [85.1038677, 25.6145608], [85.1038391, 25.6145599], [85.1038253, 25.6145591], [85.1038105, 25.6145583], [85.1036115, 25.6145452], [85.10361, 25.6145451], [85.1035857, 25.6145435], [85.1034134, 25.6145378], [85.1034, 25.6145383], [85.1033865, 25.6145392], [85.1033731, 25.6145405], [85.1033598, 25.6145422], [85.1033465, 25.6145442], [85.1033333, 25.6145467], [85.1033203, 25.6145496], [85.1033073, 25.6145528], [85.103208, 25.6145793], [85.1030752, 25.614615], [85.1028507, 25.614685], [85.1028194, 25.6146951], [85.1026325, 25.6147556], [85.1024703, 25.6147991], [85.1024634, 25.6148007], [85.1022856, 25.6148413], [85.1021979, 25.6148589], [85.1021771, 25.6148631], [85.102022, 25.6148851], [85.101893, 25.6149058], [85.1018873, 25.6149064], [85.1018815, 25.6149067], [85.1018728, 25.6149065], [85.1018681, 25.614906], [85.1018671, 25.6149059], [85.1018662, 25.6149057], [85.1018614, 25.6149049], [85.1018541, 25.6149031], [85.101853, 25.6149028], [85.1018522, 25.6149025], [85.1018476, 25.614901], [85.1018423, 25.6148989], [85.1018372, 25.6148964], [85.1018299, 25.6148921], [85.1018, 25.6148704], [85.1017393, 25.6148175], [85.1016555, 25.6147491], [85.1016447, 25.6147408], [85.1016343, 25.6147322], [85.1016241, 25.6147233], [85.1016143, 25.6147141], [85.1016048, 25.6147046], [85.1015999, 25.6146994], [85.1015957, 25.6146948], [85.101593, 25.6146918], [85.1015875, 25.6147218], [85.1015821, 25.6147643], [85.101582, 25.6147998], [85.1016115, 25.6149248], [85.1016119, 25.6149272], [85.1016119, 25.6149297], [85.1016116, 25.6149321], [85.1016108, 25.6149345], [85.1016098, 25.6149367], [85.1016084, 25.6149388], [85.1016067, 25.6149408], [85.1016047, 25.6149425], [85.1016026, 25.6149439], [85.1016002, 25.614945], [85.1015976, 25.6149459], [85.101595, 25.6149464], [85.1013486, 25.6149798], [85.1013249, 25.6149842], [85.1010063, 25.6150437], [85.1009933, 25.6150461], [85.1008779, 25.615072], [85.1007105, 25.6151094], [85.1006601, 25.6151192], [85.1006708, 25.6151542], [85.1007074, 25.6152737], [85.1007397, 25.6153745], [85.1007672, 25.6154485], [85.1008261, 25.6156148], [85.100867, 25.615708], [85.1008803, 25.615734], [85.1009068, 25.6157662], [85.1005986, 25.6158592], [85.1005049, 25.6158875], [85.1004075, 25.6159169], [85.1003842, 25.6159239], [85.1002121, 25.615977], [85.1001267, 25.6160033], [85.1001603, 25.6160945], [85.1002564, 25.6163551], [85.1002676, 25.6163829], [85.1002695, 25.6163874], [85.1003818, 25.6166639], [85.1004903, 25.6169469], [85.1004904, 25.6169471], [85.1005851, 25.6172215], [85.1005851, 25.6172216], [85.1006413, 25.6173917], [85.1006752, 25.6174928], [85.100725, 25.6176412], [85.1007643, 25.6177584], [85.1008082, 25.617889], [85.1008096, 25.6178932], [85.1008323, 25.6179607], [85.1008823, 25.6181221], [85.1008965, 25.6181683], [85.1009067, 25.6182015], [85.1009311, 25.6182811], [85.1010373, 25.6185865], [85.1010768, 25.6186998], [85.1011559, 25.6189233], [85.1012223, 25.6191109], [85.1012255, 25.61912], [85.1012359, 25.6191493], [85.1012885, 25.6192915], [85.1012887, 25.6192922], [85.1013146, 25.6193621], [85.1011644, 25.6194161], [85.1010357, 25.6194618], [85.1008963, 25.6195112], [85.1008334, 25.6195355], [85.1007687, 25.6195604], [85.1005754, 25.6196301], [85.1003979, 25.6196942], [85.1003572, 25.6197089], [85.1003431, 25.6197366], [85.1000725, 25.6198269], [85.0997977, 25.6199186], [85.099669, 25.6199563], [85.0994158, 25.6200304], [85.0993107, 25.6200549], [85.0987886, 25.6201858], [85.0985093, 25.6202632], [85.0983805, 25.6202989], [85.0980904, 25.6203678], [85.0978579, 25.620423], [85.0975761, 25.6204899], [85.0975471, 25.6204968], [85.0975953, 25.6206149], [85.0976807, 25.6208883], [85.0976863, 25.6209058], [85.0976589, 25.6209177], [85.0973444, 25.6210542], [85.0973303, 25.6210603], [85.0972136, 25.6211066], [85.0970797, 25.6211598], [85.0967113, 25.6213351], [85.0966579, 25.6213605], [85.0966533, 25.6213627], [85.0964352, 25.6214664], [85.0963262, 25.6215241], [85.0957802, 25.6218128], [85.0957789, 25.6218136], [85.0957776, 25.6218146], [85.0957765, 25.6218156], [85.0957759, 25.6218163], [85.0957755, 25.6218168], [85.0957746, 25.6218181], [85.0957744, 25.6218186], [85.0957739, 25.6218194], [85.0957737, 25.6218201], [85.0957734, 25.6218208], [85.095773, 25.6218222], [85.0957729, 25.6218237], [85.0957729, 25.6218238], [85.0957729, 25.6218252], [85.095773, 25.6218267], [85.0957734, 25.6218281], [85.0958368, 25.6220347], [85.0958874, 25.6221994], [85.0958874, 25.6221998], [85.0959845, 25.6222313], [85.0959948, 25.6222354], [85.0961225, 25.6222884], [85.09613, 25.6222928], [85.0961437, 25.6223007], [85.0961518, 25.6223063], [85.0961548, 25.6223084], [85.0961916, 25.6223628], [85.0962392, 25.6224333], [85.09628, 25.6225362], [85.0963101, 25.6226462], [85.0963132, 25.6226578], [85.0963136, 25.6226589], [85.0964608, 25.623169], [85.0964608, 25.6231691], [85.0964609, 25.6231694], [85.0964989, 25.6232873], [85.0965367, 25.6234045], [85.0965368, 25.6234046], [85.0965369, 25.6234048], [85.0965369, 25.6234052], [85.0965686, 25.6235253], [85.0965722, 25.6235389], [85.0965807, 25.6235714], [85.0966036, 25.6236581], [85.0966051, 25.623664], [85.0966097, 25.6236813], [85.0966098, 25.6236816], [85.0966392, 25.623782], [85.0966498, 25.6238183], [85.096677, 25.6239111], [85.0966904, 25.6239567], [85.0967158, 25.6240435], [85.0967454, 25.6241445], [85.0967509, 25.6241631], [85.0968116, 25.6243701], [85.0968116, 25.6243704], [85.0968885, 25.6246166], [85.0969482, 25.6248065], [85.096949, 25.6248091], [85.0971343, 25.6253905], [85.0971429, 25.6254178], [85.0971762, 25.6255225], [85.0972691, 25.6258147], [85.0972962, 25.6259], [85.0972962, 25.6259002], [85.097322, 25.6259863], [85.0974118, 25.6262865], [85.0974129, 25.6262902], [85.097413, 25.6262903], [85.0974133, 25.6262913], [85.0974134, 25.6262916], [85.0974706, 25.6265043], [85.0974998, 25.6266127], [85.0975438, 25.6267785], [85.0975438, 25.6267786], [85.0976312, 25.6271259], [85.0976313, 25.6271262], [85.0976847, 25.6273145], [85.0977153, 25.6274224], [85.0977881, 25.6276788], [85.0977881, 25.6276789], [85.0978034, 25.6277313], [85.0978887, 25.6280242], [85.0978888, 25.6280245], [85.0979381, 25.6281774], [85.0979549, 25.6282295], [85.0980413, 25.6284978], [85.0980414, 25.628498], [85.0980414, 25.6284981], [85.0981166, 25.6287513], [85.0981483, 25.6288584], [85.0981609, 25.628901], [85.098161, 25.6289011], [85.0982602, 25.6292259], [85.0982759, 25.6292772], [85.0982823, 25.6292985], [85.0982824, 25.6292985], [85.0982854, 25.6293084], [85.0982854, 25.6293085], [85.0983062, 25.6293765], [85.0983063, 25.6293769], [85.0983063, 25.629377], [85.0983381, 25.629496], [85.0983973, 25.6297173], [85.0983974, 25.6297178], [85.0985041, 25.6300669], [85.0985405, 25.6301933], [85.0986223, 25.6304771], [85.0986381, 25.6305319], [85.0986623, 25.6306162], [85.0986627, 25.6306187], [85.0986651, 25.6306342], [85.0986634, 25.6306812], [85.0986718, 25.6307078], [85.0987224, 25.63087], [85.0989366, 25.6315564], [85.0989734, 25.6317411], [85.0989743, 25.6318156], [85.0989486, 25.6319457], [85.0989476, 25.6319508], [85.0989266, 25.6320483], [85.0988576, 25.6323517], [85.0988429, 25.6324052], [85.0988436, 25.6324364], [85.0988464, 25.6324456], [85.0988543, 25.6324706], [85.0989306, 25.6325462], [85.0989586, 25.6325738], [85.0989645, 25.6326013], [85.0989732, 25.6325616], [85.0991975, 25.6322349], [85.0992697, 25.6321297], [85.0992474, 25.6321019], [85.099233, 25.632084], [85.0992251, 25.6320742], [85.0994459, 25.6317756], [85.0995131, 25.6316849], [85.0995704, 25.6316005], [85.0996616, 25.6314662], [85.0997129, 25.6313906], [85.100317, 25.6305404], [85.1003319, 25.6305302], [85.1003469, 25.6305201], [85.1004574, 25.6304452], [85.1005355, 25.6303006], [85.1005565, 25.6302618], [85.1005599, 25.6302534], [85.1006219, 25.6301496], [85.1007331, 25.6299635], [85.1010732, 25.6293944], [85.1018316, 25.6283843], [85.1019892, 25.6281744], [85.10259, 25.6273742], [85.1029478, 25.6268465], [85.1035496, 25.6259816], [85.1038867, 25.6255191], [85.1039381, 25.6254453], [85.1039612, 25.6254121], [85.1039762, 25.6253906], [85.1040127, 25.6253382], [85.1042532, 25.6249757], [85.1043301, 25.6248745], [85.1043442, 25.6248558], [85.1044107, 25.6247683], [85.1044672, 25.6246847], [85.1044677, 25.624684], [85.1045173, 25.6246106], [85.104578, 25.624521], [85.1048978, 25.6240545], [85.1053399, 25.6233757], [85.105442, 25.6232348], [85.1055536, 25.623081], [85.1056392, 25.6229632], [85.1057056, 25.6228719], [85.1057246, 25.6228473], [85.1059115, 25.6226056], [85.1061563, 25.6222803], [85.1062186, 25.622193], [85.1062241, 25.6221854], [85.1062248, 25.6221843], [85.106326, 25.6220428], [85.106655, 25.6215823], [85.1066607, 25.6215859], [85.1066633, 25.6215818], [85.1067938, 25.6213774], [85.1068999, 25.6212111], [85.1070146, 25.6210314], [85.1070886, 25.6209211], [85.1071701, 25.6208014], [85.1074022, 25.6204607], [85.107475, 25.6203539], [85.1075054, 25.6203093], [85.1075062, 25.6203081], [85.1075385, 25.6202744], [85.1075302, 25.6202688], [85.1075134, 25.6202574]]]}}, {"type": "Feature", "properties": {"ward": "8", "ward_title": "Ward 8", "area": "Shashtri Nagar / Punai Chak / Patel Nagar", "short_area": "Shashtri / Punai Chak", "ac_no": "181", "ac_name": "Digha", "ac_booths": 25, "ac_booth_range": "128-314", "ac_voters": 21420, "total_ward_booths": "25", "total_ward_voters": "21,420", "center_lat": 25.61310915, "center_lon": 85.10008909494363, "label_lat": 25.61310915, "label_lon": 85.10008909494363, "has_leader": false, "leader_line": null, "color": "#10b981", "color_dark": "#047857"}, "geometry": {"type": "Polygon", "coordinates": [[[85.0958368, 25.6220347], [85.0957734, 25.6218281], [85.095773, 25.6218267], [85.0957729, 25.6218252], [85.0957729, 25.6218238], [85.0957729, 25.6218237], [85.095773, 25.6218222], [85.0957734, 25.6218208], [85.0957737, 25.6218201], [85.0957739, 25.6218194], [85.0957744, 25.6218186], [85.0957746, 25.6218181], [85.0957755, 25.6218168], [85.0957759, 25.6218163], [85.0957765, 25.6218156], [85.0957776, 25.6218146], [85.0957789, 25.6218136], [85.0957802, 25.6218128], [85.0963262, 25.6215241], [85.0964352, 25.6214664], [85.0966533, 25.6213627], [85.0966579, 25.6213605], [85.0967113, 25.6213351], [85.0970797, 25.6211598], [85.0972136, 25.6211066], [85.0973303, 25.6210603], [85.0973444, 25.6210542], [85.0976589, 25.6209177], [85.0976863, 25.6209058], [85.0976807, 25.6208883], [85.0975953, 25.6206149], [85.0975471, 25.6204968], [85.0975761, 25.6204899], [85.0978579, 25.620423], [85.0980904, 25.6203678], [85.0983805, 25.6202989], [85.0985093, 25.6202632], [85.0987886, 25.6201858], [85.0993107, 25.6200549], [85.0994158, 25.6200304], [85.099669, 25.6199563], [85.0997977, 25.6199186], [85.1000725, 25.6198269], [85.1003431, 25.6197366], [85.1003572, 25.6197089], [85.1003979, 25.6196942], [85.1005754, 25.6196301], [85.1007687, 25.6195604], [85.1008334, 25.6195355], [85.1008963, 25.6195112], [85.1010357, 25.6194618], [85.1011644, 25.6194161], [85.1013146, 25.6193621], [85.1012887, 25.6192922], [85.1012885, 25.6192915], [85.1012359, 25.6191493], [85.1012255, 25.61912], [85.1012223, 25.6191109], [85.1011559, 25.6189233], [85.1010768, 25.6186998], [85.1010373, 25.6185865], [85.1009311, 25.6182811], [85.1009067, 25.6182015], [85.1008965, 25.6181683], [85.1008823, 25.6181221], [85.1008323, 25.6179607], [85.1008096, 25.6178932], [85.1008082, 25.617889], [85.1007643, 25.6177584], [85.100725, 25.6176412], [85.1006752, 25.6174928], [85.1006413, 25.6173917], [85.1005851, 25.6172216], [85.1005851, 25.6172215], [85.1004904, 25.6169471], [85.1004903, 25.6169469], [85.1003818, 25.6166639], [85.1002695, 25.6163874], [85.1002676, 25.6163829], [85.1002564, 25.6163551], [85.1001603, 25.6160945], [85.1001267, 25.6160033], [85.1002121, 25.615977], [85.1003842, 25.6159239], [85.1004075, 25.6159169], [85.1005049, 25.6158875], [85.1005986, 25.6158592], [85.1009068, 25.6157662], [85.1008803, 25.615734], [85.100867, 25.615708], [85.1008261, 25.6156148], [85.1007672, 25.6154485], [85.1007397, 25.6153745], [85.1007074, 25.6152737], [85.1006708, 25.6151542], [85.1006601, 25.6151192], [85.1007105, 25.6151094], [85.1008779, 25.615072], [85.1009933, 25.6150461], [85.1010063, 25.6150437], [85.1013249, 25.6149842], [85.1013486, 25.6149798], [85.101595, 25.6149464], [85.1015976, 25.6149459], [85.1016002, 25.614945], [85.1016026, 25.6149439], [85.1016047, 25.6149425], [85.1016067, 25.6149408], [85.1016084, 25.6149388], [85.1016098, 25.6149367], [85.1016108, 25.6149345], [85.1016116, 25.6149321], [85.1016119, 25.6149297], [85.1016119, 25.6149272], [85.1016115, 25.6149248], [85.101582, 25.6147998], [85.1015821, 25.6147643], [85.1015875, 25.6147218], [85.101593, 25.6146918], [85.1015957, 25.6146948], [85.1015999, 25.6146994], [85.1016048, 25.6147046], [85.1016143, 25.6147141], [85.1016241, 25.6147233], [85.1016343, 25.6147322], [85.1016447, 25.6147408], [85.1016555, 25.6147491], [85.1017393, 25.6148175], [85.1018, 25.6148704], [85.1018299, 25.6148921], [85.1018372, 25.6148964], [85.1018423, 25.6148989], [85.1018476, 25.614901], [85.1018522, 25.6149025], [85.101853, 25.6149028], [85.1018541, 25.6149031], [85.1018614, 25.6149049], [85.1018662, 25.6149057], [85.1018671, 25.6149059], [85.1018681, 25.614906], [85.1018728, 25.6149065], [85.1018815, 25.6149067], [85.1018873, 25.6149064], [85.101893, 25.6149058], [85.102022, 25.6148851], [85.1021771, 25.6148631], [85.1021979, 25.6148589], [85.1022856, 25.6148413], [85.1024634, 25.6148007], [85.1024703, 25.6147991], [85.1026325, 25.6147556], [85.1028194, 25.6146951], [85.1028507, 25.614685], [85.1030752, 25.614615], [85.103208, 25.6145793], [85.1033073, 25.6145528], [85.1033203, 25.6145496], [85.1033333, 25.6145467], [85.1033465, 25.6145442], [85.1033598, 25.6145422], [85.1033731, 25.6145405], [85.1033865, 25.6145392], [85.1034, 25.6145383], [85.1034134, 25.6145378], [85.1035857, 25.6145435], [85.10361, 25.6145451], [85.1036115, 25.6145452], [85.1038105, 25.6145583], [85.1038253, 25.6145591], [85.1038391, 25.6145599], [85.1038677, 25.6145608], [85.1039189, 25.6145597], [85.1039701, 25.6145568], [85.104021, 25.6145524], [85.1040718, 25.6145464], [85.1041223, 25.6145387], [85.1041499, 25.6145345], [85.1042208, 25.6145238], [85.1043104, 25.6145102], [85.1045061, 25.6144763], [85.1045118, 25.6144751], [85.1046657, 25.6144433], [85.1048275, 25.614412], [85.1048283, 25.6144118], [85.1049216, 25.6143894], [85.1049165, 25.6143584], [85.1049104, 25.6143275], [85.1049032, 25.6142967], [85.1048892, 25.6142455], [85.1048519, 25.6141088], [85.1047316, 25.6136619], [85.1047167, 25.6136066], [85.1046732, 25.6134325], [85.1046588, 25.6133747], [85.1046505, 25.6133428], [85.1045948, 25.613129], [85.1045119, 25.6127951], [85.1045017, 25.612754], [85.1044984, 25.6127409], [85.1044953, 25.6127415], [85.104489, 25.6127428], [85.1044849, 25.6127436], [85.1044828, 25.6127354], [85.1044341, 25.6125392], [85.1043878, 25.6123524], [85.1043819, 25.61233], [85.104343, 25.6121835], [85.104322, 25.6121043], [85.1042904, 25.6119744], [85.1042482, 25.6118011], [85.1042267, 25.6117131], [85.1041959, 25.611592], [85.1041592, 25.6114474], [85.1041468, 25.6113984], [85.104081, 25.6111282], [85.1040758, 25.6111103], [85.104062, 25.6110628], [85.1040282, 25.6109462], [85.104003, 25.6108558], [85.1040029, 25.6108553], [85.1039656, 25.6107211], [85.1039395, 25.6106226], [85.1038987, 25.6104685], [85.1038254, 25.610198], [85.1037744, 25.6099946], [85.1037661, 25.6099613], [85.103756, 25.6099201], [85.1037502, 25.609896], [85.1042864, 25.6097809], [85.1044605, 25.6097407], [85.1045307, 25.6097245], [85.1049613, 25.6096429], [85.1052054, 25.609597], [85.1052623, 25.6095863], [85.1054457, 25.6095443], [85.1056843, 25.6094932], [85.1057588, 25.6094772], [85.1060137, 25.6094111], [85.1060158, 25.6094105], [85.106214, 25.609359], [85.1063935, 25.6093019], [85.1065979, 25.6092287], [85.106685, 25.609196], [85.1066961, 25.6091918], [85.1068468, 25.6091352], [85.1069206, 25.6091084], [85.106996, 25.609081], [85.1071777, 25.609015], [85.1073116, 25.608972], [85.1073158, 25.6089706], [85.1073565, 25.6089576], [85.1075915, 25.6088907], [85.1075992, 25.6088885], [85.107791, 25.6088413], [85.1078342, 25.6088306], [85.1079184, 25.6088099], [85.108038, 25.6087757], [85.1082892, 25.6087038], [85.1084604, 25.6086608], [85.1085928, 25.6086276], [85.1086733, 25.6086073], [85.108812, 25.6085725], [85.1088798, 25.6085555], [85.1090763, 25.6085062], [85.1092952, 25.6084512], [85.1095111, 25.608397], [85.1096956, 25.6083507], [85.1100775, 25.6082548], [85.1100736, 25.6082324], [85.1100726, 25.608227], [85.1100439, 25.6080642], [85.1100354, 25.6080159], [85.1100264, 25.6079646], [85.1100052, 25.6078445], [85.1099901, 25.6077589], [85.1099147, 25.6072988], [85.1098317, 25.6072322], [85.1098314, 25.6072158], [85.1097698, 25.6069045], [85.1097475, 25.6067109], [85.1097372, 25.6066213], [85.1097221, 25.6064904], [85.1096964, 25.6060091], [85.1096957, 25.6059962], [85.1096951, 25.6059841], [85.1097038, 25.6058925], [85.1097717, 25.6059067], [85.1097839, 25.6059075], [85.1100142, 25.6059209], [85.1102834, 25.6059366], [85.1102844, 25.605934], [85.1102872, 25.6059266], [85.1102884, 25.6059233], [85.1102976, 25.6058993], [85.1106187, 25.6050577], [85.1106743, 25.6049828], [85.1107068, 25.6049423], [85.11071, 25.6049274], [85.1107143, 25.604907], [85.1107142, 25.604895], [85.1107139, 25.6047411], [85.1107139, 25.6047383], [85.1107129, 25.6047163], [85.1106948, 25.6043244], [85.1106925, 25.6042874], [85.1106923, 25.6042848], [85.1106695, 25.6039138], [85.1106591, 25.6037454], [85.1106591, 25.6037449], [85.1106566, 25.6037048], [85.1106564, 25.6037048], [85.1104621, 25.6037104], [85.110462, 25.6037104], [85.1103276, 25.6037137], [85.1103274, 25.6037137], [85.1102979, 25.6037144], [85.1102977, 25.6037144], [85.1102976, 25.6037144], [85.1102974, 25.6037144], [85.1099642, 25.6037306], [85.1099641, 25.6037307], [85.109619, 25.6037465], [85.1096189, 25.6037465], [85.1096187, 25.6037465], [85.1095851, 25.6037486], [85.1095849, 25.6037487], [85.1093547, 25.6037633], [85.1093545, 25.6037633], [85.1093544, 25.6037634], [85.1091451, 25.6037798], [85.108966, 25.6037927], [85.1087474, 25.6038102], [85.1087472, 25.6038102], [85.1085646, 25.6038271], [85.1085124, 25.603832], [85.1083505, 25.6038485], [85.1083504, 25.6038485], [85.1082142, 25.6038609], [85.1080007, 25.6038806], [85.1077658, 25.6039013], [85.1075184, 25.6039233], [85.1073951, 25.6039342], [85.1073009, 25.6039426], [85.1068601, 25.6039747], [85.1068599, 25.6039747], [85.1068594, 25.6039747], [85.1068592, 25.6039748], [85.106841, 25.6039761], [85.1068105, 25.6039783], [85.1068103, 25.6039783], [85.1066291, 25.6039879], [85.1066289, 25.6039879], [85.1062348, 25.6040087], [85.1062346, 25.6040087], [85.1056598, 25.6040342], [85.1056596, 25.6040342], [85.1052611, 25.6040521], [85.1052609, 25.6040521], [85.1051499, 25.6040575], [85.1051497, 25.6040575], [85.1048946, 25.60407], [85.1048944, 25.60407], [85.1048483, 25.6040717], [85.1048481, 25.6040717], [85.1047454, 25.6040755], [85.1047453, 25.6040755], [85.1046123, 25.6040803], [85.1046122, 25.6040804], [85.1043101, 25.6040886], [85.1043099, 25.6040886], [85.1041929, 25.6040918], [85.1041927, 25.6040918], [85.1039274, 25.6041], [85.1039273, 25.6041], [85.1036197, 25.6041095], [85.1036196, 25.6041095], [85.1036077, 25.6041098], [85.1036075, 25.6041099], [85.1033783, 25.604115], [85.1033782, 25.604115], [85.1032902, 25.6041175], [85.10329, 25.6041175], [85.1029355, 25.6041273], [85.1029354, 25.6041273], [85.1029319, 25.6041274], [85.1029317, 25.6041275], [85.1029272, 25.6041276], [85.102927, 25.6041276], [85.1029268, 25.6041276], [85.1025502, 25.6041395], [85.1025501, 25.6041395], [85.1025181, 25.6041406], [85.1025179, 25.6041406], [85.1022044, 25.6041557], [85.1022042, 25.6041557], [85.1020907, 25.6041612], [85.1020905, 25.6041612], [85.1018849, 25.6041707], [85.1018847, 25.6041707], [85.1017767, 25.6041758], [85.1017766, 25.6041758], [85.1013931, 25.6041889], [85.1013929, 25.6041889], [85.1011145, 25.6041976], [85.1011143, 25.6041976], [85.1007143, 25.6042139], [85.1007141, 25.6042139], [85.1004817, 25.6042227], [85.1004815, 25.6042227], [85.1003807, 25.6042265], [85.1003805, 25.6042265], [85.0999729, 25.6042404], [85.0999728, 25.6042404], [85.0994479, 25.6042605], [85.0994478, 25.6042605], [85.0994279, 25.6042613], [85.0994277, 25.6042613], [85.0988393, 25.6042866], [85.0988391, 25.6042866], [85.0986485, 25.6042948], [85.0986483, 25.6042948], [85.0983515, 25.604304], [85.0983514, 25.604304], [85.0982495, 25.6043071], [85.0982493, 25.6043071], [85.0975046, 25.6043319], [85.0975044, 25.6043319], [85.0973452, 25.6043388], [85.097345, 25.6043388], [85.0969915, 25.6043543], [85.0969913, 25.6043543], [85.0969424, 25.6043556], [85.0969422, 25.6043557], [85.0964898, 25.6043681], [85.0964897, 25.6043681], [85.0964895, 25.6043681], [85.0964894, 25.6043681], [85.0960522, 25.6043777], [85.096052, 25.6043777], [85.095829, 25.6043855], [85.0958288, 25.6043855], [85.0955437, 25.6043959], [85.0955435, 25.6043959], [85.0948797, 25.6044163], [85.0948795, 25.6044163], [85.0946952, 25.6044242], [85.094695, 25.6044242], [85.0944326, 25.6044354], [85.0944325, 25.6044354], [85.0942952, 25.6044388], [85.0943032, 25.6045803], [85.0943054, 25.6046093], [85.0943086, 25.6046381], [85.0943129, 25.6046669], [85.0943183, 25.6046955], [85.0943248, 25.6047239], [85.0943323, 25.6047521], [85.0943409, 25.60478], [85.0943634, 25.6048601], [85.094371, 25.6048853], [85.0943738, 25.6048934], [85.0943747, 25.6048961], [85.0943763, 25.6049007], [85.0943796, 25.6049102], [85.0943856, 25.6049259], [85.0943891, 25.6049349], [85.0943995, 25.6049592], [85.0944108, 25.6049832], [85.094423, 25.6050068], [85.0944361, 25.6050301], [85.0945751, 25.6052821], [85.0945769, 25.6052852], [85.0946898, 25.6054592], [85.0946954, 25.605468], [85.0947092, 25.6054897], [85.0947299, 25.6055221], [85.0947438, 25.6055439], [85.0948801, 25.6057374], [85.0950311, 25.6060016], [85.095043, 25.6060224], [85.0951518, 25.6062031], [85.0952133, 25.6063052], [85.095222, 25.606319], [85.0952367, 25.6063426], [85.0952711, 25.6063976], [85.0952913, 25.6064298], [85.0953197, 25.6064743], [85.0953673, 25.6065489], [85.0953762, 25.606563], [85.0954109, 25.6066173], [85.095543, 25.6068276], [85.0956486, 25.6069957], [85.095776, 25.6071985], [85.0958006, 25.6072377], [85.0958977, 25.607397], [85.0959533, 25.6074882], [85.0959805, 25.6075328], [85.0961328, 25.6077827], [85.0961334, 25.6077837], [85.0962563, 25.6079844], [85.0962517, 25.6079859], [85.0961198, 25.6080281], [85.0957578, 25.6081472], [85.0955279, 25.6082251], [85.095454, 25.6082501], [85.0951857, 25.6083372], [85.0950125, 25.6083935], [85.0947059, 25.608493], [85.0946373, 25.6085153], [85.09434, 25.6086011], [85.0942928, 25.6086147], [85.0937286, 25.6088091], [85.0936818, 25.608854], [85.0937347, 25.6089959], [85.0937682, 25.6090857], [85.0938293, 25.6092492], [85.0938527, 25.6093119], [85.0939252, 25.6095084], [85.093985, 25.6096703], [85.0940261, 25.6097861], [85.0940401, 25.6098257], [85.0940433, 25.6098327], [85.094046, 25.6098399], [85.0940481, 25.6098472], [85.094049, 25.6098509], [85.0940497, 25.6098547], [85.0940507, 25.6098622], [85.0940511, 25.6098698], [85.094051, 25.6098773], [85.0940502, 25.6098849], [85.094049, 25.6098924], [85.0940471, 25.6098998], [85.0940448, 25.609907], [85.0940418, 25.6099141], [85.0940384, 25.609921], [85.0940344, 25.6099277], [85.09403, 25.6099341], [85.0940183, 25.6099458], [85.0940063, 25.609957], [85.0939939, 25.609968], [85.093981, 25.6099785], [85.0939678, 25.6099887], [85.0939543, 25.6099984], [85.0939404, 25.6100078], [85.0939261, 25.6100167], [85.0939116, 25.6100252], [85.0939033, 25.610031], [85.0938955, 25.6100372], [85.0938918, 25.6100404], [85.0938882, 25.6100438], [85.0938841, 25.610048], [85.0938782, 25.6100547], [85.0938751, 25.6100585], [85.0938722, 25.6100624], [85.0938668, 25.6100704], [85.0938643, 25.6100746], [85.0938598, 25.6100831], [85.093856, 25.6100918], [85.0938544, 25.6100963], [85.0938529, 25.6101008], [85.0938504, 25.61011], [85.0938486, 25.6101193], [85.093848, 25.6101239], [85.0938473, 25.6101333], [85.0938472, 25.6101381], [85.0938473, 25.6101428], [85.0938479, 25.6101522], [85.0938493, 25.6101615], [85.0938811, 25.6102785], [85.0939312, 25.6104387], [85.0939921, 25.6106339], [85.0941173, 25.6110375], [85.0942622, 25.6115051], [85.0942947, 25.6116186], [85.0944192, 25.6120537], [85.0944356, 25.6121117], [85.0945651, 25.612571], [85.0945799, 25.6126095], [85.0945954, 25.6126387], [85.0945972, 25.6126414], [85.094601, 25.6126467], [85.0946053, 25.6126517], [85.0946099, 25.6126564], [85.0946149, 25.6126608], [85.0946201, 25.6126649], [85.0946257, 25.6126687], [85.0946315, 25.6126721], [85.0946346, 25.6126737], [85.0946408, 25.6126765], [85.0946439, 25.6126778], [85.0946504, 25.6126801], [85.0946571, 25.6126819], [85.0946638, 25.6126834], [85.0946707, 25.6126844], [85.0947478, 25.612682], [85.095151, 25.6126489], [85.0952272, 25.612642], [85.0952656, 25.6126385], [85.095266, 25.6126385], [85.095481, 25.612619], [85.0954887, 25.6126188], [85.0954926, 25.6126189], [85.0954998, 25.6126194], [85.0955002, 25.6126194], [85.0955041, 25.6126198], [85.0955079, 25.6126204], [85.0955154, 25.6126219], [85.0955228, 25.6126238], [85.0955293, 25.6126259], [85.0955371, 25.612629], [85.0955408, 25.6126313], [85.095548, 25.6126363], [85.0955515, 25.6126389], [85.0955586, 25.612645], [85.0955588, 25.6126452], [85.0955643, 25.6126505], [85.09557, 25.6126569], [85.0955752, 25.6126636], [85.0955762, 25.6126649], [85.0955776, 25.612667], [85.0955799, 25.6126706], [85.0955841, 25.6126779], [85.0955877, 25.6126854], [85.0955886, 25.6126877], [85.0955893, 25.6126892], [85.0955902, 25.6126918], [85.095592, 25.6126971], [85.0955931, 25.612701], [85.095595, 25.6127091], [85.0955951, 25.6127096], [85.0955957, 25.6127131], [85.0955962, 25.6127172], [85.0955968, 25.6127254], [85.0955993, 25.6127513], [85.0955985, 25.6128056], [85.0955972, 25.6128854], [85.095589, 25.6130893], [85.0955855, 25.6131912], [85.0955829, 25.6132664], [85.0955804, 25.6133182], [85.0951055, 25.6133836], [85.0947375, 25.6134316], [85.0941463, 25.6135346], [85.0938472, 25.6135868], [85.0937503, 25.6136047], [85.0936348, 25.6136261], [85.0933508, 25.6136793], [85.0931813, 25.6137088], [85.0930044, 25.6137396], [85.0923533, 25.6138464], [85.0923091, 25.6138532], [85.0918925, 25.6139213], [85.0918275, 25.6139319], [85.0915034, 25.6140022], [85.0914919, 25.6140046], [85.091492, 25.6140225], [85.0914921, 25.6140777], [85.0914926, 25.6142257], [85.0914984, 25.6143905], [85.0915004, 25.6144477], [85.0915048, 25.6145714], [85.091516, 25.6146984], [85.0915277, 25.6148313], [85.0915464, 25.6150093], [85.0915487, 25.6150307], [85.091557, 25.6151083], [85.0915667, 25.6151994], [85.0916026, 25.6154189], [85.0916142, 25.6154894], [85.0916251, 25.6155516], [85.091658, 25.6157389], [85.0916775, 25.6158518], [85.0916885, 25.6159549], [85.0916908, 25.615975], [85.091693, 25.616134], [85.0916966, 25.6163943], [85.0917119, 25.6167128], [85.0917453, 25.6170997], [85.0917504, 25.6171482], [85.0917578, 25.6172196], [85.0917905, 25.6175149], [85.0917972, 25.6175748], [85.0917998, 25.6176029], [85.0918217, 25.6178366], [85.0918833, 25.6182256], [85.0919341, 25.6185466], [85.0919616, 25.6187075], [85.0920287, 25.6193429], [85.0920382, 25.6194336], [85.0920599, 25.6196366], [85.0920852, 25.6198086], [85.0921541, 25.6202776], [85.0921548, 25.6202812], [85.0921565, 25.6202901], [85.0921779, 25.6204043], [85.0922544, 25.6207611], [85.0922917, 25.6209011], [85.0923528, 25.6211307], [85.0923901, 25.6212351], [85.0924344, 25.6212857], [85.0924451, 25.6212935], [85.0924605, 25.6213008], [85.0925409, 25.6213218], [85.0925553, 25.6213327], [85.0925603, 25.6213413], [85.0925764, 25.6213911], [85.0926244, 25.6217486], [85.0926319, 25.6218601], [85.0926292, 25.6219411], [85.0926175, 25.6224911], [85.0926171, 25.6225094], [85.0926639, 25.6225115], [85.0927095, 25.6225136], [85.0927096, 25.6225136], [85.0929332, 25.6225217], [85.0929336, 25.6225217], [85.0929339, 25.6225217], [85.0929611, 25.6225239], [85.0929804, 25.6225255], [85.0930358, 25.6225301], [85.0930564, 25.6225299], [85.0931736, 25.6225224], [85.0932412, 25.6225107], [85.0932424, 25.6225105], [85.0932428, 25.6225104], [85.0932433, 25.6225103], [85.0932437, 25.6225102], [85.0932607, 25.6225057], [85.0934146, 25.6224653], [85.0934148, 25.6224652], [85.0934151, 25.6224651], [85.0934175, 25.6224644], [85.0935671, 25.6224191], [85.0935675, 25.622419], [85.0935675, 25.6224189], [85.0937856, 25.6223465], [85.0937858, 25.6223465], [85.0938395, 25.6223293], [85.0939221, 25.6223054], [85.0939863, 25.6222898], [85.094019, 25.6222819], [85.0940193, 25.6222818], [85.0941091, 25.622262], [85.0941094, 25.6222619], [85.0941754, 25.6222488], [85.0942229, 25.6222395], [85.094223, 25.6222394], [85.0943862, 25.6222087], [85.0944106, 25.6222041], [85.0944108, 25.6222041], [85.094411, 25.6222041], [85.0944306, 25.6222009], [85.0945054, 25.6221889], [85.0945646, 25.6221793], [85.0946838, 25.62216], [85.0947545, 25.6221485], [85.0947546, 25.6221485], [85.094885, 25.6221285], [85.0949572, 25.6221172], [85.0950201, 25.6221074], [85.0950684, 25.6220998], [85.095176, 25.622083], [85.0951762, 25.622083], [85.0951764, 25.622083], [85.0951768, 25.6220829], [85.0951773, 25.6220829], [85.0951774, 25.6220829], [85.0951776, 25.6220829], [85.0951777, 25.6220828], [85.0952391, 25.6220799], [85.0953093, 25.6220766], [85.0953098, 25.6220766], [85.09531, 25.6220766], [85.0953102, 25.6220766], [85.0953107, 25.6220766], [85.095311, 25.6220766], [85.0953112, 25.6220766], [85.0953789, 25.6220812], [85.0954163, 25.6220838], [85.0954528, 25.6220911], [85.0954582, 25.6220923], [85.0956076, 25.6221228], [85.0956081, 25.6221229], [85.0956085, 25.622123], [85.0956716, 25.6221396], [85.0957469, 25.6221594], [85.0958056, 25.6221754], [85.0958785, 25.6221969], [85.0958874, 25.6221998], [85.0958874, 25.6221994], [85.0958368, 25.6220347]]]}}, {"type": "Feature", "properties": {"ward": "9", "ward_title": "Ward 9", "area": "Beli Road / Hording Road / Kaushal Nagar", "short_area": "Beli Road / Kaushal Nagar", "ac_no": "181", "ac_name": "Digha", "ac_booths": 9, "ac_booth_range": "349-357", "ac_voters": 7026, "total_ward_booths": "9", "total_ward_voters": "7,026", "center_lat": 25.597522650000002, "center_lon": 85.10746330243308, "label_lat": 25.597522650000002, "label_lon": 85.10746330243308, "has_leader": false, "leader_line": null, "color": "#10b981", "color_dark": "#047857"}, "geometry": {"type": "Polygon", "coordinates": [[[85.1256578, 25.5990014], [85.1252313, 25.5988499], [85.1249591, 25.5987531], [85.1248824, 25.5987259], [85.1247034, 25.5986623], [85.1246581, 25.5986462], [85.1244362, 25.5985673], [85.1244156, 25.59856], [85.1242815, 25.5985122], [85.1242394, 25.5984973], [85.1242175, 25.5984894], [85.1242167, 25.5984892], [85.124194, 25.5984811], [85.1241752, 25.5984744], [85.1241104, 25.5984513], [85.1240834, 25.5984417], [85.1239155, 25.598382], [85.1239153, 25.5983819], [85.1238994, 25.5984149], [85.1238659, 25.5984844], [85.1238539, 25.5985091], [85.1235702, 25.5984004], [85.1233405, 25.5983124], [85.1229803, 25.5981897], [85.1222561, 25.5979415], [85.1208927, 25.5974541], [85.1207754, 25.5974121], [85.1197238, 25.597034], [85.1195217, 25.5969636], [85.1194004, 25.5969213], [85.1193297, 25.5968967], [85.1192611, 25.5968688], [85.1191021, 25.5968042], [85.11905, 25.5967843], [85.1183181, 25.5965399], [85.1178946, 25.5963833], [85.117886, 25.59638], [85.1178658, 25.5963723], [85.1176165, 25.5962775], [85.1174387, 25.5962099], [85.1174128, 25.5962], [85.116824, 25.5959949], [85.1162958, 25.5958014], [85.1158611, 25.5956473], [85.1153898, 25.5954838], [85.1151686, 25.5954045], [85.1150335, 25.595356], [85.1148865, 25.5953033], [85.1146373, 25.5952124], [85.1144441, 25.5951419], [85.1144389, 25.59514], [85.1143688, 25.5951144], [85.1143247, 25.5950983], [85.1140462, 25.5950016], [85.1132864, 25.5947379], [85.1129113, 25.5946038], [85.1126278, 25.5945024], [85.1126269, 25.5945021], [85.1126257, 25.5945017], [85.112624, 25.5945057], [85.1126239, 25.5945056], [85.1125465, 25.5944764], [85.1124689, 25.594447], [85.112457, 25.5944425], [85.1118644, 25.5942214], [85.1118404, 25.5942125], [85.1116749, 25.5941511], [85.1113143, 25.5940231], [85.1108848, 25.5938716], [85.1107247, 25.5938151], [85.1106534, 25.593789], [85.1105546, 25.5937529], [85.1105545, 25.5937528], [85.1105431, 25.5937487], [85.1099615, 25.593539], [85.1099476, 25.593534], [85.1091243, 25.5932371], [85.1091133, 25.5932331], [85.1087002, 25.5930841], [85.1086986, 25.5930836], [85.1086752, 25.5930756], [85.1083479, 25.5929645], [85.1081651, 25.5929023], [85.1068503, 25.5924415], [85.1068002, 25.5924235], [85.1064123, 25.5922837], [85.1060244, 25.592144], [85.1046477, 25.5916553], [85.1044201, 25.5915746], [85.1038772, 25.5913836], [85.103679, 25.5913139], [85.1035152, 25.5912533], [85.1034762, 25.5912388], [85.1033765, 25.5912019], [85.1032486, 25.5911545], [85.1031985, 25.591136], [85.1029869, 25.5910576], [85.1026232, 25.5909314], [85.1024021, 25.5908547], [85.1022557, 25.5908058], [85.1022289, 25.590802], [85.1022287, 25.590802], [85.1021496, 25.5907907], [85.1021494, 25.5907907], [85.1020092, 25.5907866], [85.1020593, 25.5905953], [85.1020216, 25.5905822], [85.1020076, 25.5905773], [85.1019472, 25.5905563], [85.1013272, 25.5903405], [85.1012738, 25.5903219], [85.1010638, 25.5902488], [85.1007854, 25.5901518], [85.1006221, 25.590095], [85.1004842, 25.590047], [85.1004037, 25.590019], [85.1001945, 25.5899461], [85.1001021, 25.589914], [85.1000024, 25.5898792], [85.099891, 25.5898405], [85.0998017, 25.5898094], [85.0996532, 25.5897577], [85.0994574, 25.5896895], [85.0994573, 25.5896894], [85.0994525, 25.5896881], [85.0994384, 25.5896841], [85.0994383, 25.589684], [85.0985498, 25.5894301], [85.0982464, 25.5893434], [85.0975601, 25.5891472], [85.0973869, 25.5891044], [85.0965168, 25.588889], [85.0958306, 25.5887585], [85.0954712, 25.5886902], [85.095471, 25.5886902], [85.0950315, 25.5886066], [85.0947684, 25.5885566], [85.09427, 25.5884618], [85.0938058, 25.5883902], [85.0935084, 25.5883531], [85.0923338, 25.5882063], [85.0920674, 25.588174], [85.0915048, 25.5881057], [85.0911238, 25.5880595], [85.0910719, 25.5880532], [85.0910716, 25.5880532], [85.0910715, 25.5880532], [85.0908743, 25.5882655], [85.0908527, 25.5883562], [85.0908472, 25.5883642], [85.0908447, 25.5883678], [85.0908181, 25.5884063], [85.0907765, 25.588459], [85.0907239, 25.588565], [85.0907175, 25.5886197], [85.0907103, 25.5886496], [85.0907102, 25.5886499], [85.09071, 25.5886509], [85.0907073, 25.5886532], [85.0907065, 25.5886538], [85.0906377, 25.5887125], [85.0905936, 25.5887687], [85.0905903, 25.5887729], [85.0905171, 25.5888662], [85.0905053, 25.5888813], [85.0904704, 25.5889257], [85.0904682, 25.5889292], [85.0904675, 25.5889304], [85.0904358, 25.5889807], [85.0904299, 25.5889917], [85.0904298, 25.588992], [85.0904294, 25.5889927], [85.0904276, 25.5890041], [85.0899747, 25.5902536], [85.0902522, 25.590363], [85.0902524, 25.5903631], [85.0907914, 25.5905757], [85.0911449, 25.5907145], [85.0930313, 25.5914548], [85.0942213, 25.5919352], [85.0953859, 25.5923881], [85.0963146, 25.592762], [85.0973497, 25.593169], [85.0975792, 25.5932628], [85.0976331, 25.5932947], [85.0976638, 25.5933288], [85.0976782, 25.5933586], [85.0976929, 25.5934098], [85.0977004, 25.593463], [85.0977022, 25.5935234], [85.0977091, 25.5935958], [85.0977111, 25.5936413], [85.0977179, 25.5936647], [85.0977312, 25.5936851], [85.0977448, 25.5937035], [85.0977606, 25.5937183], [85.0977765, 25.5937299], [85.0977992, 25.5937364], [85.0978364, 25.5937392], [85.0978366, 25.5937392], [85.0978647, 25.5937408], [85.0978648, 25.5937408], [85.097993, 25.5937479], [85.0979932, 25.5937479], [85.0981224, 25.5937508], [85.0981225, 25.5937508], [85.098197, 25.5937525], [85.0981971, 25.5937525], [85.0983473, 25.5937627], [85.0983474, 25.5937627], [85.0985674, 25.5938085], [85.0986364, 25.5938288], [85.098728, 25.5938557], [85.0987344, 25.5938577], [85.0987407, 25.5938599], [85.0987469, 25.5938623], [85.098753, 25.5938649], [85.098759, 25.5938676], [85.0987649, 25.5938706], [85.0987707, 25.5938737], [85.0987764, 25.593877], [85.098782, 25.5938804], [85.0987874, 25.5938841], [85.0987927, 25.5938879], [85.0987979, 25.5938918], [85.0988029, 25.5938959], [85.0988077, 25.5939002], [85.0988124, 25.5939046], [85.0988169, 25.5939091], [85.0988213, 25.5939138], [85.0988842, 25.593987], [85.0989566, 25.5941099], [85.0991108, 25.5943616], [85.0992121, 25.5945206], [85.099291, 25.5946479], [85.0992924, 25.5946504], [85.0992944, 25.5946542], [85.0993262, 25.5947105], [85.0993696, 25.5947874], [85.0994332, 25.5948999], [85.0993886, 25.594915], [85.0992082, 25.5949764], [85.0987983, 25.5951164], [85.0984498, 25.5952331], [85.0979511, 25.5954106], [85.0977777, 25.5954685], [85.0973744, 25.5956128], [85.0971857, 25.5956845], [85.0970904, 25.5957303], [85.0969349, 25.5958168], [85.0957549, 25.5965704], [85.0954417, 25.5967714], [85.0951274, 25.5969732], [85.0949489, 25.5970678], [85.0949213, 25.5970824], [85.0947737, 25.5971468], [85.0944222, 25.5972882], [85.0942704, 25.5973492], [85.0936729, 25.5975912], [85.093572, 25.597632], [85.0933399, 25.5977261], [85.0930427, 25.5978464], [85.0927983, 25.5979474], [85.0925024, 25.5980696], [85.0917933, 25.598354], [85.0914082, 25.5985057], [85.091157, 25.5985944], [85.0908867, 25.5986766], [85.0901773, 25.5988862], [85.0901722, 25.5988878], [85.0898233, 25.5990046], [85.0895496, 25.5991444], [85.0895286, 25.5991509], [85.0894008, 25.59919], [85.0892755, 25.5992284], [85.0893143, 25.5992301], [85.0893145, 25.5992301], [85.0893489, 25.5992343], [85.0893579, 25.5992361], [85.0893832, 25.5992413], [85.089385, 25.5992416], [85.0893891, 25.5992429], [85.0894158, 25.5992516], [85.0894632, 25.5992698], [85.0894786, 25.5992771], [85.0894862, 25.5992814], [85.0895355, 25.599313], [85.0895612, 25.5993341], [85.0895732, 25.5993459], [85.0895859, 25.5993586], [85.0895989, 25.5993715], [85.0896259, 25.5994099], [85.0896374, 25.5994374], [85.0896614, 25.5994951], [85.0897235, 25.5996441], [85.0897825, 25.5997855], [85.0900076, 25.6002574], [85.0901182, 25.6004409], [85.0901329, 25.6004654], [85.0901942, 25.6005672], [85.0903372, 25.6007719], [85.0903643, 25.6008108], [85.0903658, 25.6008129], [85.0906248, 25.6011134], [85.0908633, 25.6013787], [85.0911023, 25.6016527], [85.091245, 25.6018151], [85.0913849, 25.6019827], [85.0915465, 25.6021719], [85.0916948, 25.602341], [85.0918047, 25.6024683], [85.0918691, 25.602543], [85.0918735, 25.6025479], [85.0920186, 25.6027104], [85.092038, 25.6027327], [85.0922406, 25.6029654], [85.0923657, 25.6031089], [85.0924627, 25.6032231], [85.0925218, 25.6032927], [85.0925772, 25.6033568], [85.0927336, 25.6035321], [85.0928373, 25.6036459], [85.0930293, 25.6038511], [85.0930613, 25.603886], [85.093165, 25.6039992], [85.0932035, 25.6040413], [85.093215, 25.6040538], [85.0932925, 25.6041397], [85.0933634, 25.6042183], [85.093369, 25.6042256], [85.0933741, 25.6042332], [85.0933786, 25.6042411], [85.0933807, 25.6042452], [85.0933843, 25.6042535], [85.0933877, 25.6042637], [85.0933896, 25.6042706], [85.0933913, 25.6042794], [85.0933918, 25.6042838], [85.0933924, 25.6042911], [85.0933926, 25.6042972], [85.0933923, 25.6043061], [85.0933912, 25.604315], [85.0933905, 25.6043194], [85.0933825, 25.6043531], [85.0933702, 25.6043873], [85.093361, 25.6044068], [85.093357, 25.6044152], [85.0933279, 25.6044765], [85.0933281, 25.6044765], [85.0933339, 25.6044762], [85.0933341, 25.6044762], [85.0936918, 25.604461], [85.0936919, 25.6044609], [85.0942615, 25.6044397], [85.0942617, 25.6044397], [85.0942618, 25.6044396], [85.094262, 25.6044396], [85.094295, 25.6044388], [85.0942952, 25.6044388], [85.0944325, 25.6044354], [85.0944326, 25.6044354], [85.094695, 25.6044242], [85.0946952, 25.6044242], [85.0948795, 25.6044163], [85.0948797, 25.6044163], [85.0955435, 25.6043959], [85.0955437, 25.6043959], [85.0958288, 25.6043855], [85.095829, 25.6043855], [85.096052, 25.6043777], [85.0960522, 25.6043777], [85.0964894, 25.6043681], [85.0964895, 25.6043681], [85.0964897, 25.6043681], [85.0964898, 25.6043681], [85.0969422, 25.6043557], [85.0969424, 25.6043556], [85.0969913, 25.6043543], [85.0969915, 25.6043543], [85.097345, 25.6043388], [85.0973452, 25.6043388], [85.0975044, 25.6043319], [85.0975046, 25.6043319], [85.0982493, 25.6043071], [85.0982495, 25.6043071], [85.0983514, 25.604304], [85.0983515, 25.604304], [85.0986483, 25.6042948], [85.0986485, 25.6042948], [85.0988391, 25.6042866], [85.0988393, 25.6042866], [85.0994277, 25.6042613], [85.0994279, 25.6042613], [85.0994478, 25.6042605], [85.0994479, 25.6042605], [85.0999728, 25.6042404], [85.0999729, 25.6042404], [85.1003805, 25.6042265], [85.1003807, 25.6042265], [85.1004815, 25.6042227], [85.1004817, 25.6042227], [85.1007141, 25.6042139], [85.1007143, 25.6042139], [85.1011143, 25.6041976], [85.1011145, 25.6041976], [85.1013929, 25.6041889], [85.1013931, 25.6041889], [85.1017766, 25.6041758], [85.1017767, 25.6041758], [85.1018847, 25.6041707], [85.1018849, 25.6041707], [85.1020905, 25.6041612], [85.1020907, 25.6041612], [85.1022042, 25.6041557], [85.1022044, 25.6041557], [85.1025179, 25.6041406], [85.1025181, 25.6041406], [85.1025501, 25.6041395], [85.1025502, 25.6041395], [85.1029268, 25.6041276], [85.102927, 25.6041276], [85.1029272, 25.6041276], [85.1029317, 25.6041275], [85.1029319, 25.6041274], [85.1029354, 25.6041273], [85.1029355, 25.6041273], [85.10329, 25.6041175], [85.1032902, 25.6041175], [85.1033782, 25.604115], [85.1033783, 25.604115], [85.1036075, 25.6041099], [85.1036077, 25.6041098], [85.1036196, 25.6041095], [85.1036197, 25.6041095], [85.1039273, 25.6041], [85.1039274, 25.6041], [85.1041927, 25.6040918], [85.1041929, 25.6040918], [85.1043099, 25.6040886], [85.1043101, 25.6040886], [85.1046122, 25.6040804], [85.1046123, 25.6040803], [85.1047453, 25.6040755], [85.1047454, 25.6040755], [85.1048481, 25.6040717], [85.1048483, 25.6040717], [85.1048944, 25.60407], [85.1048946, 25.60407], [85.1051497, 25.6040575], [85.1051499, 25.6040575], [85.1052609, 25.6040521], [85.1052611, 25.6040521], [85.1056596, 25.6040342], [85.1056598, 25.6040342], [85.1062346, 25.6040087], [85.1062348, 25.6040087], [85.1066289, 25.6039879], [85.1066291, 25.6039879], [85.1068103, 25.6039783], [85.1068105, 25.6039783], [85.106841, 25.6039761], [85.1068592, 25.6039748], [85.1068594, 25.6039747], [85.1068599, 25.6039747], [85.1068601, 25.6039747], [85.1073009, 25.6039426], [85.1073951, 25.6039342], [85.1075184, 25.6039233], [85.1077658, 25.6039013], [85.1080007, 25.6038806], [85.1082142, 25.6038609], [85.1083504, 25.6038485], [85.1083505, 25.6038485], [85.1085124, 25.603832], [85.1085646, 25.6038271], [85.1087472, 25.6038102], [85.1087474, 25.6038102], [85.108966, 25.6037927], [85.1091451, 25.6037798], [85.1093544, 25.6037634], [85.1093545, 25.6037633], [85.1093547, 25.6037633], [85.1095849, 25.6037487], [85.1095851, 25.6037486], [85.1096187, 25.6037465], [85.1096189, 25.6037465], [85.109619, 25.6037465], [85.1099641, 25.6037307], [85.1099642, 25.6037306], [85.1102974, 25.6037144], [85.1102976, 25.6037144], [85.1102977, 25.6037144], [85.1102979, 25.6037144], [85.1103274, 25.6037137], [85.1103276, 25.6037137], [85.110462, 25.6037104], [85.1104621, 25.6037104], [85.1106564, 25.6037048], [85.1106566, 25.6037048], [85.1107789, 25.6037013], [85.110779, 25.6037013], [85.1107791, 25.6037013], [85.1107792, 25.6037013], [85.1108773, 25.6036994], [85.1108774, 25.6036994], [85.1108775, 25.6036994], [85.1108776, 25.6036994], [85.1108777, 25.6036994], [85.1108778, 25.6036994], [85.1108779, 25.6036994], [85.110878, 25.6036994], [85.1108782, 25.6036994], [85.1109747, 25.603703], [85.1109748, 25.603703], [85.1109749, 25.603703], [85.110975, 25.603703], [85.1109751, 25.603703], [85.1109753, 25.603703], [85.1109754, 25.603703], [85.1109756, 25.603703], [85.1109757, 25.6037031], [85.1109758, 25.6037031], [85.110976, 25.6037031], [85.1109761, 25.6037031], [85.1109762, 25.6037031], [85.1109764, 25.6037031], [85.1110682, 25.603716], [85.1110683, 25.603716], [85.1111352, 25.6037263], [85.1111354, 25.6037264], [85.1111355, 25.6037264], [85.1111356, 25.6037264], [85.1111357, 25.6037264], [85.1111358, 25.6037265], [85.1112282, 25.6037448], [85.1112283, 25.6037448], [85.1112284, 25.6037448], [85.1112285, 25.6037448], [85.1112286, 25.6037448], [85.1112287, 25.6037448], [85.1112288, 25.6037449], [85.1112289, 25.6037449], [85.111229, 25.6037449], [85.1112291, 25.6037449], [85.1112292, 25.603745], [85.1112293, 25.603745], [85.1112294, 25.603745], [85.1112295, 25.603745], [85.1113215, 25.6037708], [85.1113216, 25.6037709], [85.1113217, 25.6037709], [85.1113218, 25.6037709], [85.1113219, 25.6037709], [85.111322, 25.603771], [85.1113221, 25.603771], [85.1113222, 25.603771], [85.1113223, 25.6037711], [85.1113224, 25.6037711], [85.1113225, 25.6037712], [85.1113227, 25.6037712], [85.1113879, 25.6037953], [85.111388, 25.6037953], [85.1113881, 25.6037954], [85.1113882, 25.6037954], [85.1113883, 25.6037954], [85.1113884, 25.6037955], [85.1113885, 25.6037955], [85.1114981, 25.6038418], [85.1114983, 25.6038419], [85.1114984, 25.6038419], [85.1114985, 25.603842], [85.1114986, 25.603842], [85.1114988, 25.6038421], [85.1114989, 25.6038421], [85.1114989, 25.6038422], [85.1115258, 25.6038556], [85.111603, 25.6038943], [85.1116031, 25.6038944], [85.1116032, 25.6038944], [85.1116033, 25.6038945], [85.1116565, 25.6039229], [85.1117147, 25.603954], [85.1117149, 25.603954], [85.111715, 25.6039541], [85.1117151, 25.6039542], [85.1117152, 25.6039542], [85.1117153, 25.6039543], [85.1119301, 25.6040835], [85.1120683, 25.6041686], [85.1121711, 25.6042318], [85.1121712, 25.6042319], [85.1121713, 25.604232], [85.1123586, 25.6043421], [85.1123591, 25.6043423], [85.1124403, 25.6043901], [85.1124404, 25.6043901], [85.1124404, 25.6043902], [85.1124406, 25.6043902], [85.1125802, 25.6044777], [85.1125803, 25.6044777], [85.1125804, 25.6044778], [85.1129118, 25.6046767], [85.1132284, 25.6048686], [85.1132284, 25.6048687], [85.1132871, 25.6049042], [85.1133458, 25.6049398], [85.1137151, 25.6051631], [85.1138596, 25.6052492], [85.1140864, 25.6053844], [85.1141067, 25.6053966], [85.1144347, 25.605594], [85.1146483, 25.6057222], [85.1147854, 25.6058045], [85.1148299, 25.6058333], [85.1148944, 25.6058749], [85.1149349, 25.6058989], [85.1150525, 25.6059687], [85.1151408, 25.6060211], [85.1163117, 25.6066946], [85.1163349, 25.6067074], [85.1163486, 25.606715], [85.1165529, 25.6068278], [85.116695, 25.6069062], [85.1167648, 25.6069385], [85.1167759, 25.6069437], [85.1168989, 25.6068941], [85.1176599, 25.6057704], [85.1180133, 25.6052875], [85.118152, 25.605098], [85.1181583, 25.6050891], [85.1183659, 25.6047949], [85.1183735, 25.6047842], [85.1185258, 25.6045685], [85.1189292, 25.6039886], [85.1193808, 25.6033564], [85.1194967, 25.6031825], [85.1197447, 25.6028104], [85.1199232, 25.6025772], [85.1202488, 25.6021517], [85.1202915, 25.6021004], [85.1203353, 25.6020499], [85.1203483, 25.6020355], [85.1203802, 25.6020002], [85.1204261, 25.6019513], [85.1204731, 25.6019033], [85.1205212, 25.6018561], [85.1205703, 25.6018097], [85.1205777, 25.6018029], [85.1206203, 25.6017643], [85.1206714, 25.6017197], [85.1207234, 25.6016761], [85.1207342, 25.6016666], [85.1208227, 25.6015751], [85.1209142, 25.6014859], [85.1210084, 25.6013993], [85.1211055, 25.6013151], [85.1212052, 25.6012336], [85.1213075, 25.6011547], [85.1214122, 25.6010786], [85.1215194, 25.6010053], [85.1216289, 25.6009348], [85.1217406, 25.6008673], [85.1218545, 25.6008028], [85.1219704, 25.6007413], [85.1220694, 25.600683], [85.1221695, 25.6006262], [85.1222705, 25.6005709], [85.1223726, 25.6005171], [85.1224756, 25.6004648], [85.1225795, 25.6004141], [85.1226843, 25.6003649], [85.12279, 25.6003172], [85.1235391, 25.6000316], [85.1238505, 25.5999314], [85.1241663, 25.5998475], [85.1244107, 25.5997985], [85.1244182, 25.599797], [85.124639, 25.5997528], [85.1250584, 25.5996804], [85.125447, 25.599619], [85.1254471, 25.599619], [85.1254592, 25.5996224], [85.1254737, 25.5996229], [85.1254739, 25.5996229], [85.1254883, 25.5996201], [85.1255014, 25.599614], [85.1255124, 25.5996051], [85.1255132, 25.599604], [85.1255183, 25.599597], [85.1255205, 25.599594], [85.125522, 25.5995899], [85.1255221, 25.5995899], [85.1256493, 25.5995715], [85.1259413, 25.599521], [85.126002, 25.5991364], [85.1260036, 25.5991244], [85.1259629, 25.5991098], [85.1256578, 25.5990014]]]}}, {"type": "Feature", "properties": {"ward": "10", "ward_title": "Ward 10", "area": "Anisabad / Phulwari Border", "short_area": "Anisabad", "ac_no": "181", "ac_name": "Digha", "ac_booths": 28, "ac_booth_range": "373-464", "ac_voters": 21151, "total_ward_booths": "28", "total_ward_voters": "21,151", "center_lat": 25.585322849999997, "center_lon": 85.0904961285953, "label_lat": 25.586510075, "label_lon": 85.08936213084883, "has_leader": true, "leader_line": [[25.585322849999997, 85.0904961285953], [25.586510075, 85.08936213084883]], "color": "#10b981", "color_dark": "#047857"}, "geometry": {"type": "Polygon", "coordinates": [[[85.0896555, 25.5761856], [85.0895664, 25.5761879], [85.0893525, 25.5761454], [85.089282, 25.5761447], [85.0891138, 25.576143], [85.0892381, 25.5764091], [85.0894116, 25.5764257], [85.0897932, 25.5767746], [85.0900119, 25.5769351], [85.0900812, 25.5770435], [85.0901977, 25.577174], [85.090258, 25.5773539], [85.0904263, 25.5777], [85.0904879, 25.5778012], [85.0905706, 25.5780674], [85.0903884, 25.5781008], [85.0901513, 25.5781049], [85.0900812, 25.5780395], [85.0900619, 25.5782614], [85.0899977, 25.578325], [85.0900177, 25.5785546], [85.0898044, 25.5785589], [85.0898259, 25.5786954], [85.0897942, 25.5787021], [85.0898468, 25.5793692], [85.0898382, 25.5799136], [85.0898219, 25.5799421], [85.0895698, 25.5798958], [85.0895301, 25.5799096], [85.0890888, 25.5798394], [85.0890489, 25.5798603], [85.0886307, 25.5798262], [85.0886312, 25.5797975], [85.0882206, 25.579785], [85.0881886, 25.5798061], [85.0878095, 25.5798011], [85.0878026, 25.5797366], [85.0876129, 25.5797412], [85.0876147, 25.5801282], [85.087446, 25.5807995], [85.087241, 25.5807682], [85.0870526, 25.5806941], [85.0868243, 25.5806409], [85.0868328, 25.5806052], [85.0866596, 25.5805671], [85.0866682, 25.5805242], [85.0865896, 25.5804946], [85.0865571, 25.5805515], [85.0862424, 25.5804685], [85.0862097, 25.5805397], [85.0858558, 25.5804348], [85.0858722, 25.5803992], [85.0855813, 25.5803094], [85.0854404, 25.5802287], [85.0845197, 25.5799946], [85.0842814, 25.5805718], [85.0843443, 25.5805941], [85.0844452, 25.5807029], [85.0845465, 25.5812918], [85.0845903, 25.5815145], [85.0847982, 25.5823556], [85.0848774, 25.5823423], [85.085231, 25.5834576], [85.0850409, 25.5834837], [85.0850553, 25.5835699], [85.0851108, 25.5835635], [85.0851484, 25.5836786], [85.0851721, 25.5836789], [85.0851922, 25.5839085], [85.0850579, 25.5839067], [85.0852791, 25.584404], [85.0853839, 25.5847708], [85.0848444, 25.5849071], [85.0851347, 25.5860287], [85.0840254, 25.5862291], [85.0840395, 25.5868312], [85.0840343, 25.5869009], [85.0842115, 25.5869533], [85.0842995, 25.5870139], [85.0843074, 25.5870161], [85.0843691, 25.5870328], [85.0845221, 25.5870395], [85.0845402, 25.5870403], [85.0847358, 25.5870634], [85.0848157, 25.5870729], [85.0848692, 25.5870827], [85.0850401, 25.5871141], [85.0851189, 25.5871219], [85.0851327, 25.5871202], [85.0851771, 25.5871146], [85.0852593, 25.5871024], [85.0853523, 25.5870838], [85.0853649, 25.5870812], [85.0854542, 25.5870616], [85.0854872, 25.5870633], [85.0855649, 25.5870734], [85.0856921, 25.5871003], [85.0857979, 25.587107], [85.0859014, 25.5871084], [85.0861193, 25.5871205], [85.0863809, 25.5871411], [85.0863841, 25.5871412], [85.0863872, 25.5871407], [85.0863902, 25.5871398], [85.0863931, 25.5871385], [85.0863956, 25.5871368], [85.0863979, 25.5871347], [85.0863988, 25.5871336], [85.0864052, 25.5871342], [85.0864039, 25.5871487], [85.0863874, 25.587286], [85.0863859, 25.5872984], [85.0863651, 25.587494], [85.0873738, 25.5876061], [85.0886709, 25.5877638], [85.0889861, 25.5878017], [85.0902437, 25.5879527], [85.0910715, 25.5880532], [85.0910716, 25.5880532], [85.0910719, 25.5880532], [85.0911238, 25.5880595], [85.0915048, 25.5881057], [85.0920674, 25.588174], [85.0923338, 25.5882063], [85.0935084, 25.5883531], [85.0938058, 25.5883902], [85.09427, 25.5884618], [85.0947684, 25.5885566], [85.0950315, 25.5886066], [85.095471, 25.5886902], [85.0954712, 25.5886902], [85.0958306, 25.5887585], [85.0965168, 25.588889], [85.0973869, 25.5891044], [85.0975601, 25.5891472], [85.0982464, 25.5893434], [85.0985498, 25.5894301], [85.0994383, 25.589684], [85.0994384, 25.5896841], [85.0994525, 25.5896881], [85.0994573, 25.5896894], [85.0994574, 25.5896895], [85.0996532, 25.5897577], [85.0998017, 25.5898094], [85.099891, 25.5898405], [85.1000024, 25.5898792], [85.1001021, 25.589914], [85.1001945, 25.5899461], [85.1004037, 25.590019], [85.1004842, 25.590047], [85.1006221, 25.590095], [85.1007854, 25.5901518], [85.1010638, 25.5902488], [85.1012738, 25.5903219], [85.1013272, 25.5903405], [85.1019472, 25.5905563], [85.1020076, 25.5905773], [85.1020216, 25.5905822], [85.1020593, 25.5905953], [85.1020092, 25.5907866], [85.1021494, 25.5907907], [85.1021496, 25.5907907], [85.1022287, 25.590802], [85.1022289, 25.590802], [85.1022557, 25.5908058], [85.1024021, 25.5908547], [85.1026232, 25.5909314], [85.1029869, 25.5910576], [85.1031985, 25.591136], [85.1032486, 25.5911545], [85.1033765, 25.5912019], [85.1034762, 25.5912388], [85.1035152, 25.5912533], [85.103679, 25.5913139], [85.1038772, 25.5913836], [85.1044201, 25.5915746], [85.1046477, 25.5916553], [85.1060244, 25.592144], [85.1064123, 25.5922837], [85.1068002, 25.5924235], [85.1068503, 25.5924415], [85.1081651, 25.5929023], [85.1083479, 25.5929645], [85.1086752, 25.5930756], [85.1086986, 25.5930836], [85.1087002, 25.5930841], [85.1091133, 25.5932331], [85.1091243, 25.5932371], [85.1099476, 25.593534], [85.1099615, 25.593539], [85.1105431, 25.5937487], [85.1105545, 25.5937528], [85.1105546, 25.5937529], [85.1106534, 25.593789], [85.1107247, 25.5938151], [85.1108848, 25.5938716], [85.1113143, 25.5940231], [85.1116749, 25.5941511], [85.1118404, 25.5942125], [85.1118644, 25.5942214], [85.112457, 25.5944425], [85.1124689, 25.594447], [85.1125465, 25.5944764], [85.1126239, 25.5945056], [85.112624, 25.5945057], [85.1126257, 25.5945017], [85.1126258, 25.5945017], [85.112655, 25.5944334], [85.1126562, 25.5944311], [85.1126579, 25.5944292], [85.1126589, 25.5944283], [85.112661, 25.5944268], [85.1126622, 25.5944262], [85.1126648, 25.5944253], [85.1126688, 25.5944247], [85.1126714, 25.594424], [85.1126727, 25.5944234], [85.112675, 25.5944221], [85.1126771, 25.5944204], [85.1126774, 25.59442], [85.1126779, 25.5944194], [85.1126794, 25.5944173], [85.1126799, 25.5944162], [85.1127606, 25.5942233], [85.1127611, 25.5942206], [85.1127611, 25.5942177], [85.1127604, 25.594215], [85.1127585, 25.5942107], [85.112758, 25.5942079], [85.1127582, 25.5942051], [85.1127589, 25.5942024], [85.1127627, 25.5941934], [85.1127761, 25.5941611], [85.1127784, 25.5941556], [85.1129935, 25.5936382], [85.112644, 25.5934891], [85.1124046, 25.5934027], [85.1117219, 25.5931027], [85.1109444, 25.592768], [85.1101432, 25.5924452], [85.109987, 25.5923825], [85.1099081, 25.5923375], [85.1099127, 25.5923372], [85.109927, 25.5923322], [85.1099394, 25.5923239], [85.1099464, 25.5923155], [85.1099487, 25.5923128], [85.1099542, 25.5922998], [85.1099556, 25.5922859], [85.1099528, 25.5922722], [85.1099458, 25.5922597], [85.1099354, 25.5922495], [85.1099291, 25.5922497], [85.1099194, 25.5922516], [85.1099086, 25.5922575], [85.1098915, 25.5922673], [85.1097747, 25.5922266], [85.1097004, 25.5922001], [85.1096264, 25.5921726], [85.1095713, 25.5921513], [85.1095529, 25.5921443], [85.1094798, 25.592115], [85.1094072, 25.5920849], [85.1093351, 25.5920538], [85.1092634, 25.5920219], [85.1091978, 25.5919916], [85.1091215, 25.5919554], [85.1090513, 25.5919208], [85.1089823, 25.5918857], [85.1088876, 25.5918315], [85.1087864, 25.5917735], [85.1086665, 25.5917046], [85.1085783, 25.5916537], [85.1083968, 25.5915487], [85.1082242, 25.5914483], [85.1081762, 25.5914186], [85.1079741, 25.5912936], [85.107869, 25.5912285], [85.1078005, 25.5911846], [85.1077197, 25.5911318], [85.1074204, 25.5909365], [85.1071494, 25.5907356], [85.1066191, 25.5902806], [85.1061805, 25.5899163], [85.1060236, 25.5897859], [85.1060064, 25.589774], [85.1060025, 25.5897713], [85.1059378, 25.5897262], [85.1058821, 25.5896874], [85.1058695, 25.5896803], [85.1056057, 25.589532], [85.105591, 25.5895249], [85.10516, 25.589316], [85.1049356, 25.5892166], [85.1041513, 25.5888687], [85.1037278, 25.5886809], [85.1033862, 25.5885266], [85.1027683, 25.5882474], [85.1026861, 25.5882123], [85.1026653, 25.5882034], [85.1026569, 25.5881998], [85.1026544, 25.5881908], [85.1026462, 25.5881758], [85.1026347, 25.5881628], [85.1026301, 25.5881593], [85.1026206, 25.5881521], [85.1026043, 25.5881444], [85.1025865, 25.5881399], [85.1025682, 25.5881389], [85.10255, 25.5881413], [85.1025328, 25.5881472], [85.1025251, 25.5881516], [85.1025144, 25.5881465], [85.102505, 25.588142], [85.1024262, 25.5881046], [85.1022298, 25.5879972], [85.1019739, 25.587877], [85.101857, 25.5878267], [85.1015103, 25.5876775], [85.1014937, 25.5876702], [85.1010798, 25.5874809], [85.1007143, 25.5873135], [85.1007042, 25.5873089], [85.1003543, 25.5871487], [85.0999768, 25.5869756], [85.0999564, 25.5869663], [85.0996747, 25.5868371], [85.0996617, 25.5868311], [85.0994475, 25.5867328], [85.099337, 25.5866822], [85.099256, 25.586645], [85.0991729, 25.5866069], [85.0990007, 25.5865323], [85.0988776, 25.586479], [85.0987695, 25.5864322], [85.0983231, 25.5862388], [85.0979379, 25.5860928], [85.0977155, 25.5860085], [85.0976521, 25.5859845], [85.0975547, 25.5859476], [85.0975464, 25.5859444], [85.09736, 25.5858738], [85.0971999, 25.5858131], [85.096641, 25.5856013], [85.0963419, 25.5854879], [85.0962029, 25.5854352], [85.0961707, 25.585423], [85.0960969, 25.5853822], [85.0960803, 25.5853696], [85.0960595, 25.5853496], [85.0960466, 25.5853342], [85.0960339, 25.5853115], [85.096023, 25.5852778], [85.0960154, 25.5852553], [85.0960111, 25.5852483], [85.0960121, 25.5852217], [85.0960185, 25.5851906], [85.0960684, 25.5850773], [85.0961224, 25.5848357], [85.09615, 25.5847735], [85.0962855, 25.5844789], [85.0963131, 25.5844186], [85.096445, 25.5841308], [85.0965611, 25.5838777], [85.0965688, 25.5838608], [85.0965766, 25.583844], [85.0966177, 25.5837548], [85.096647, 25.5836911], [85.0967146, 25.5835444], [85.0967507, 25.5834661], [85.0967822, 25.5833976], [85.0968056, 25.5833415], [85.0968107, 25.5833295], [85.0968141, 25.5833212], [85.0968979, 25.5831206], [85.0969141, 25.5830819], [85.0970444, 25.5827696], [85.0971943, 25.5824106], [85.0973658, 25.582], [85.097401, 25.5819156], [85.0973876, 25.5817974], [85.0973664, 25.5816111], [85.0973358, 25.5813414], [85.0973219, 25.5812195], [85.0973141, 25.5811412], [85.097283, 25.5808283], [85.0972718, 25.5807157], [85.0972709, 25.5807072], [85.0972321, 25.5804522], [85.0969304, 25.5805548], [85.0967532, 25.5806127], [85.0967523, 25.5806128], [85.0966872, 25.5806187], [85.0966784, 25.5806187], [85.0966256, 25.5806189], [85.0965438, 25.5806148], [85.0965194, 25.5806156], [85.0964476, 25.5806284], [85.096255, 25.5806636], [85.0960765, 25.5806795], [85.096068, 25.5806803], [85.0958694, 25.5806783], [85.0957225, 25.5806815], [85.0956212, 25.5806757], [85.0955309, 25.580671], [85.0954913, 25.5806689], [85.0952186, 25.5806633], [85.0951257, 25.5806652], [85.0950944, 25.5806658], [85.0950283, 25.5806672], [85.0948195, 25.5806866], [85.0946364, 25.5806932], [85.0945859, 25.5806922], [85.0945219, 25.5806909], [85.0945193, 25.5806909], [85.0943944, 25.5806884], [85.0942733, 25.580686], [85.0941838, 25.5806929], [85.0941208, 25.5806977], [85.094053, 25.5807119], [85.0940099, 25.5807238], [85.0939656, 25.5807467], [85.0939427, 25.5807596], [85.0938856, 25.5807918], [85.0937908, 25.5808232], [85.0935232, 25.5808575], [85.0934214, 25.580873], [85.0932443, 25.5808999], [85.0932171, 25.5809093], [85.09321, 25.5809228], [85.0931911, 25.5809819], [85.0931652, 25.5810631], [85.0931424, 25.5810966], [85.0930564, 25.5810033], [85.0928345, 25.5807629], [85.0928124, 25.5807316], [85.0927945, 25.5807062], [85.0927465, 25.5806117], [85.0927261, 25.5805444], [85.0927246, 25.5805203], [85.092715, 25.5803701], [85.0927076, 25.580286], [85.0926908, 25.5800967], [85.0926848, 25.5800284], [85.0926923, 25.5798881], [85.0927119, 25.5797472], [85.0927157, 25.5797195], [85.0927208, 25.5796827], [85.092734, 25.57962], [85.0927935, 25.579417], [85.0928259, 25.579313], [85.092841, 25.5792642], [85.0928754, 25.5790505], [85.0928834, 25.579009], [85.0928881, 25.5789841], [85.0929193, 25.5788217], [85.0929267, 25.5787829], [85.0929465, 25.5786794], [85.092947, 25.5786768], [85.0929719, 25.5784937], [85.0929721, 25.5784899], [85.0929824, 25.5783574], [85.0929842, 25.5783349], [85.0929842, 25.5782745], [85.0929841, 25.5781227], [85.092984, 25.5780545], [85.0929729, 25.5778432], [85.0929661, 25.577715], [85.0929672, 25.5776587], [85.0929691, 25.5775593], [85.0929695, 25.5775423], [85.0929671, 25.5774836], [85.0929539, 25.5773905], [85.0929388, 25.5772943], [85.0929339, 25.5772667], [85.0928226, 25.5768569], [85.0927962, 25.5767776], [85.0926942, 25.5764718], [85.0926853, 25.5764445], [85.0926635, 25.576367], [85.0926313, 25.5762531], [85.0925931, 25.5762449], [85.0925088, 25.5762596], [85.0923328, 25.5762904], [85.0922722, 25.576301], [85.092088, 25.5763332], [85.0920786, 25.5763348], [85.0919227, 25.576362], [85.0918813, 25.5763693], [85.0918829, 25.5763765], [85.0918805, 25.5763771], [85.0918777, 25.5763778], [85.0918732, 25.5763788], [85.0917163, 25.5764069], [85.0917026, 25.5764093], [85.0916974, 25.5764102], [85.091668, 25.5764155], [85.0915762, 25.5764319], [85.0915396, 25.5764384], [85.0915129, 25.5764339], [85.0914862, 25.5764295], [85.0913207, 25.5764654], [85.0911535, 25.5765016], [85.0911255, 25.5765021], [85.0910859, 25.5763523], [85.091071, 25.5763312], [85.0910443, 25.5763087], [85.0910191, 25.5762949], [85.0909434, 25.5762749], [85.0908913, 25.57626], [85.0908539, 25.5762484], [85.0908366, 25.5762355], [85.0908364, 25.5762354], [85.0906613, 25.5762431], [85.0905928, 25.5762451], [85.0905739, 25.5762449], [85.0905336, 25.576235], [85.0904418, 25.5762019], [85.0904038, 25.57619], [85.0903374, 25.5761691], [85.0902298, 25.5761726], [85.0902147, 25.5761722], [85.0902142, 25.5761725], [85.0902138, 25.5761727], [85.0902133, 25.5761729], [85.0902128, 25.5761731], [85.0902123, 25.5761732], [85.0902118, 25.5761734], [85.0902114, 25.5761735], [85.0902109, 25.5761736], [85.0902104, 25.5761737], [85.0902099, 25.5761738], [85.0902094, 25.5761739], [85.0902088, 25.5761739], [85.0902083, 25.576174], [85.0902078, 25.576174], [85.0901898, 25.5761746], [85.090189, 25.5761745], [85.0900629, 25.576168], [85.089943, 25.5761618], [85.089778, 25.5761754], [85.0896555, 25.5761856]]]}}, {"type": "Feature", "properties": {"ward": "12", "ward_title": "Ward 12", "area": "Chitkohra / Anisabad / Shivpuri", "short_area": "Chitkohra / Anisabad", "ac_no": "181", "ac_name": "Digha", "ac_booths": 35, "ac_booth_range": "370-472", "ac_voters": 30326, "total_ward_booths": "35", "total_ward_voters": "30,326", "center_lat": 25.5839973, "center_lon": 85.0999398940241, "label_lat": 25.5814398875, "label_lon": 85.09936213084872, "has_leader": true, "leader_line": [[25.5839973, 85.0999398940241], [25.5814398875, 85.09936213084872]], "color": "#10b981", "color_dark": "#047857"}, "geometry": {"type": "Polygon", "coordinates": [[[85.1025367, 25.5795547], [85.102536, 25.5795545], [85.0994968, 25.5786032], [85.0994371, 25.578581], [85.0993285, 25.5785406], [85.0993068, 25.5785326], [85.099271, 25.5785193], [85.0991329, 25.5784791], [85.0991148, 25.578474], [85.0990794, 25.5784646], [85.0990429, 25.5784594], [85.0990059, 25.5784585], [85.0989692, 25.5784619], [85.0989332, 25.5784696], [85.0988986, 25.5784813], [85.098866, 25.578497], [85.0988358, 25.5785163], [85.0988086, 25.578539], [85.0987849, 25.5785646], [85.0987649, 25.5785928], [85.0987413, 25.5786381], [85.0986994, 25.5787184], [85.0986859, 25.5787513], [85.0986395, 25.5788654], [85.0985234, 25.5791503], [85.0984977, 25.5792151], [85.0984837, 25.5792504], [85.0984403, 25.57936], [85.0983951, 25.579474], [85.0983614, 25.5795589], [85.0983377, 25.5796188], [85.0982959, 25.5797242], [85.0982759, 25.5797749], [85.0982579, 25.5798203], [85.0982081, 25.5799458], [85.0981961, 25.5799762], [85.0981534, 25.5800838], [85.098109, 25.580196], [85.0980804, 25.5802656], [85.0978351, 25.580863], [85.0976886, 25.5812182], [85.0976239, 25.5813752], [85.0975328, 25.5815961], [85.097413, 25.5818869], [85.097401, 25.5819156], [85.0973658, 25.582], [85.0971943, 25.5824106], [85.0970444, 25.5827696], [85.0969141, 25.5830819], [85.0968979, 25.5831206], [85.0968141, 25.5833212], [85.0968107, 25.5833295], [85.0968056, 25.5833415], [85.0967822, 25.5833976], [85.0967507, 25.5834661], [85.0967146, 25.5835444], [85.096647, 25.5836911], [85.0966177, 25.5837548], [85.0965766, 25.583844], [85.0965688, 25.5838608], [85.0965611, 25.5838777], [85.096445, 25.5841308], [85.0963131, 25.5844186], [85.0962855, 25.5844789], [85.09615, 25.5847735], [85.0961224, 25.5848357], [85.0960684, 25.5850773], [85.0960185, 25.5851906], [85.0960121, 25.5852217], [85.0960111, 25.5852483], [85.0960154, 25.5852553], [85.096023, 25.5852778], [85.0960339, 25.5853115], [85.0960466, 25.5853342], [85.0960595, 25.5853496], [85.0960803, 25.5853696], [85.0960969, 25.5853822], [85.0961707, 25.585423], [85.0962029, 25.5854352], [85.0963419, 25.5854879], [85.096641, 25.5856013], [85.0971999, 25.5858131], [85.09736, 25.5858738], [85.0975464, 25.5859444], [85.0975547, 25.5859476], [85.0976521, 25.5859845], [85.0977155, 25.5860085], [85.0979379, 25.5860928], [85.0983231, 25.5862388], [85.0987695, 25.5864322], [85.0988776, 25.586479], [85.0990007, 25.5865323], [85.0991729, 25.5866069], [85.099256, 25.586645], [85.099337, 25.5866822], [85.0994475, 25.5867328], [85.0996617, 25.5868311], [85.0996747, 25.5868371], [85.0999564, 25.5869663], [85.0999768, 25.5869756], [85.1003543, 25.5871487], [85.1007042, 25.5873089], [85.1007143, 25.5873135], [85.1010798, 25.5874809], [85.1014937, 25.5876702], [85.1015103, 25.5876775], [85.101857, 25.5878267], [85.1019739, 25.587877], [85.1022298, 25.5879972], [85.1024262, 25.5881046], [85.102505, 25.588142], [85.1025144, 25.5881465], [85.1025251, 25.5881516], [85.1025328, 25.5881472], [85.10255, 25.5881413], [85.1025682, 25.5881389], [85.1025865, 25.5881399], [85.1026043, 25.5881444], [85.1026206, 25.5881521], [85.1026301, 25.5881593], [85.1026347, 25.5881628], [85.1026462, 25.5881758], [85.1026544, 25.5881908], [85.1026569, 25.5881998], [85.1026653, 25.5882034], [85.1026861, 25.5882123], [85.1027683, 25.5882474], [85.1033862, 25.5885266], [85.1037278, 25.5886809], [85.1041513, 25.5888687], [85.1049356, 25.5892166], [85.10516, 25.589316], [85.105591, 25.5895249], [85.1056296, 25.5893694], [85.1056386, 25.589333], [85.1056675, 25.5892165], [85.1056831, 25.589154], [85.1056922, 25.5891185], [85.1056989, 25.5890922], [85.105742, 25.5889245], [85.1057517, 25.5888854], [85.1057909, 25.5887272], [85.1058399, 25.58853], [85.1058496, 25.588497], [85.10585, 25.5884955], [85.1058552, 25.588478], [85.1058589, 25.5884644], [85.1058988, 25.5883173], [85.1059529, 25.5881175], [85.1060069, 25.5879184], [85.1060232, 25.5878584], [85.1060369, 25.5878081], [85.1060613, 25.5877157], [85.1061037, 25.5875556], [85.1061497, 25.5873819], [85.1061957, 25.5872082], [85.1062163, 25.5871308], [85.1062579, 25.5869779], [85.1062902, 25.5868593], [85.106381, 25.5865261], [85.1063937, 25.5864799], [85.1064619, 25.5862321], [85.106484, 25.586152], [85.1065698, 25.5858404], [85.1066445, 25.5855691], [85.1064062, 25.5852793], [85.1066013, 25.5851364], [85.1064986, 25.5850295], [85.1064894, 25.5850199], [85.1064441, 25.5849727], [85.1062595, 25.5847805], [85.1061904, 25.5847086], [85.1061311, 25.5846459], [85.106067, 25.5845872], [85.1060423, 25.5845675], [85.1059984, 25.5845327], [85.1059258, 25.5844828], [85.1058494, 25.5844378], [85.1057697, 25.5843977], [85.1056871, 25.5843629], [85.1056019, 25.5843336], [85.1055909, 25.5843306], [85.1055147, 25.5843098], [85.1054258, 25.5842916], [85.1053357, 25.5842793], [85.1052448, 25.5842728], [85.1052027, 25.5842693], [85.1051017, 25.5842582], [85.1050214, 25.5842493], [85.1049483, 25.5842412], [85.1049332, 25.5842388], [85.1048975, 25.5842329], [85.1048927, 25.5842322], [85.1048645, 25.5842276], [85.1048197, 25.5842203], [85.1046624, 25.5841995], [85.104375, 25.5841615], [85.1041449, 25.584131], [85.1040701, 25.5841211], [85.1036974, 25.5840718], [85.1033777, 25.5840296], [85.1033694, 25.583965], [85.1033619, 25.5839068], [85.1032497, 25.5834687], [85.1032218, 25.58336], [85.1032178, 25.5833443], [85.1031932, 25.5832147], [85.1031792, 25.5831411], [85.1031682, 25.5829975], [85.1031717, 25.5829677], [85.1031783, 25.5829129], [85.1031822, 25.5828806], [85.1031866, 25.5828439], [85.1032158, 25.5827079], [85.1032241, 25.582669], [85.1032942, 25.5825108], [85.1033829, 25.5823106], [85.1033833, 25.5823089], [85.1033835, 25.5823075], [85.1033889, 25.5822365], [85.1033917, 25.5822006], [85.1033917, 25.5821987], [85.1033915, 25.5821972], [85.1033909, 25.5821953], [85.1033836, 25.5821779], [85.1033643, 25.5821322], [85.1033109, 25.5820051], [85.1032849, 25.5819435], [85.1032095, 25.5817643], [85.1032075, 25.5817596], [85.1031679, 25.5816656], [85.1031313, 25.5815785], [85.1031136, 25.5815365], [85.1030628, 25.5814158], [85.1030595, 25.581408], [85.1028889, 25.5807008], [85.1028665, 25.5806078], [85.102848, 25.580531], [85.1028352, 25.5804778], [85.1027999, 25.580316], [85.1027723, 25.5801893], [85.1027709, 25.5801867], [85.1027038, 25.5800607], [85.1027012, 25.58005], [85.1026781, 25.5799549], [85.1026333, 25.5795996], [85.1026314, 25.5795845], [85.1025369, 25.5795548], [85.1025367, 25.5795547]]]}}, {"type": "Feature", "properties": {"ward": "13", "ward_title": "Ward 13", "area": "Saristabad / Gardanibag / Sadhnapuri", "short_area": "Saristabad / Gardanibagh", "ac_no": "181", "ac_name": "Digha", "ac_booths": 35, "ac_booth_range": "403-488", "ac_voters": 32888, "total_ward_booths": "35", "total_ward_voters": "32,888", "center_lat": 25.5837697, "center_lon": 85.10765036992683, "label_lat": 25.5851398875, "label_lon": 85.10936213084862, "has_leader": true, "leader_line": [[25.5837697, 85.10765036992683], [25.5851398875, 85.10936213084862]], "color": "#10b981", "color_dark": "#047857"}, "geometry": {"type": "Polygon", "coordinates": [[[85.1069013, 25.5858722], [85.10694, 25.5859118], [85.1069919, 25.5859638], [85.1070558, 25.5860371], [85.1071659, 25.5861633], [85.1073002, 25.5863173], [85.1074049, 25.5864326], [85.1074529, 25.5864927], [85.1077784, 25.5868529], [85.1077918, 25.5868678], [85.1077939, 25.5868697], [85.1079462, 25.5869832], [85.1080515, 25.5870648], [85.1082553, 25.5872229], [85.1083524, 25.587329], [85.1085059, 25.5874987], [85.1085155, 25.5875057], [85.1085249, 25.5875117], [85.1085397, 25.5875294], [85.1085448, 25.5875355], [85.108551, 25.5875429], [85.1085522, 25.5875446], [85.1085533, 25.5875474], [85.1085537, 25.5875494], [85.1085538, 25.5875514], [85.1085537, 25.5875521], [85.1085515, 25.5875643], [85.1085503, 25.5875754], [85.1085499, 25.5875864], [85.1085501, 25.5875975], [85.1085512, 25.5876086], [85.108553, 25.5876196], [85.1085555, 25.5876304], [85.1085588, 25.5876411], [85.1085628, 25.5876516], [85.1085675, 25.5876618], [85.1085729, 25.5876718], [85.108579, 25.5876814], [85.1087134, 25.5878773], [85.1087176, 25.5878834], [85.1087914, 25.5879588], [85.1088362, 25.5879968], [85.1088557, 25.5880392], [85.1088898, 25.5880633], [85.1088977, 25.5880682], [85.1090332, 25.5881517], [85.1090358, 25.5881534], [85.1090483, 25.5881406], [85.1091033, 25.5880841], [85.1092011, 25.5879835], [85.1092022, 25.5879826], [85.1092041, 25.5879814], [85.1092068, 25.5879803], [85.1092221, 25.5879768], [85.1092223, 25.5879767], [85.1092229, 25.5879766], [85.1092476, 25.5879711], [85.1093128, 25.5879566], [85.1093544, 25.5879499], [85.1095293, 25.5879217], [85.109629, 25.5879127], [85.1097301, 25.5879036], [85.1099421, 25.5878815], [85.1099821, 25.5878773], [85.1100213, 25.5878733], [85.1100551, 25.5878697], [85.1101768, 25.5878401], [85.1102347, 25.5878261], [85.1102691, 25.5878133], [85.1103501, 25.5877834], [85.1103985, 25.5877655], [85.1104059, 25.5877626], [85.1104182, 25.5877578], [85.1105033, 25.5877249], [85.1105488, 25.5876982], [85.1106402, 25.5876446], [85.1106478, 25.5876402], [85.1106847, 25.5876161], [85.1108048, 25.587538], [85.1108164, 25.5875291], [85.1108657, 25.5874919], [85.1108924, 25.5874717], [85.1109289, 25.5874441], [85.1109934, 25.5873805], [85.1110298, 25.5873445], [85.1110319, 25.5873424], [85.111038, 25.587335], [85.1110731, 25.587293], [85.1111104, 25.5872483], [85.1111765, 25.587169], [85.1112092, 25.5871392], [85.1112874, 25.5870678], [85.1113682, 25.5869939], [85.1114169, 25.5869587], [85.1114304, 25.5869489], [85.1114574, 25.5869295], [85.1114703, 25.5869201], [85.1114902, 25.5869073], [85.1116064, 25.586832], [85.1115045, 25.5866775], [85.1114471, 25.5865911], [85.1113945, 25.5865119], [85.1113321, 25.5863455], [85.111295, 25.5862465], [85.1112613, 25.58614], [85.1112391, 25.5860465], [85.1112287, 25.5860024], [85.1112204, 25.5859653], [85.1111557, 25.5856749], [85.1111171, 25.5855011], [85.1112027, 25.5854838], [85.1112512, 25.5854739], [85.1115823, 25.5854147], [85.1117582, 25.5853729], [85.1117722, 25.5853657], [85.1117831, 25.5853601], [85.1117935, 25.5853495], [85.1118084, 25.5853273], [85.111811, 25.5853131], [85.1118113, 25.5852928], [85.1117984, 25.5851942], [85.111786, 25.5850992], [85.1117617, 25.5849728], [85.1117461, 25.5848914], [85.1117459, 25.5848897], [85.1117459, 25.584888], [85.1117462, 25.5848863], [85.1117467, 25.5848847], [85.1117471, 25.5848836], [85.1117474, 25.5848831], [85.1117476, 25.5848828], [85.1117483, 25.5848816], [85.1117495, 25.5848802], [85.1117508, 25.584879], [85.1117523, 25.584878], [85.1117539, 25.5848771], [85.1117556, 25.5848764], [85.1117578, 25.5848758], [85.1121466, 25.5847947], [85.1123035, 25.5847619], [85.1122746, 25.5846588], [85.1122613, 25.5846174], [85.1121954, 25.5844119], [85.1121946, 25.5844095], [85.1121787, 25.5843658], [85.1121215, 25.5842092], [85.1121052, 25.5841645], [85.1121015, 25.5841544], [85.1120988, 25.5841471], [85.1120498, 25.5840353], [85.1119348, 25.5836326], [85.1118703, 25.5833576], [85.1118209, 25.5832055], [85.111813, 25.5831813], [85.1118115, 25.5831747], [85.1117977, 25.5831132], [85.1117853, 25.5830425], [85.1117839, 25.5830349], [85.1117893, 25.5827874], [85.1117909, 25.5827592], [85.1117911, 25.5827558], [85.111796, 25.5826697], [85.1118039, 25.5825296], [85.1118124, 25.5824486], [85.1118378, 25.5822068], [85.1118391, 25.5821943], [85.1118389, 25.5821942], [85.1117836, 25.582184], [85.1116831, 25.5821633], [85.1115492, 25.5821376], [85.1112868, 25.5820944], [85.1111417, 25.5820658], [85.1109501, 25.5820344], [85.1107722, 25.5820048], [85.1106305, 25.5819779], [85.1104701, 25.5819528], [85.110327, 25.581926], [85.1101962, 25.5819007], [85.1101586, 25.5818934], [85.1099418, 25.5818535], [85.1099038, 25.5818457], [85.109855, 25.5818356], [85.109808, 25.5818259], [85.1097753, 25.5818183], [85.1096782, 25.5817957], [85.1095717, 25.5817722], [85.1094615, 25.5817491], [85.1094449, 25.5817456], [85.10927, 25.5817053], [85.1090674, 25.5816501], [85.1089412, 25.5816113], [85.1089189, 25.5816044], [85.1088547, 25.5815846], [85.1087271, 25.581547], [85.1086746, 25.58153], [85.1086744, 25.58153], [85.108622, 25.581513], [85.1085196, 25.5814754], [85.1084354, 25.5814483], [85.1083456, 25.5814202], [85.1079713, 25.5812993], [85.107269, 25.5810725], [85.1065135, 25.5808285], [85.1063478, 25.580775], [85.1053906, 25.5804658], [85.1053901, 25.5804657], [85.1036614, 25.5799168], [85.1035014, 25.5798575], [85.1031436, 25.5797454], [85.1026314, 25.5795845], [85.1026333, 25.5795996], [85.1026781, 25.5799549], [85.1027012, 25.58005], [85.1027038, 25.5800607], [85.1027709, 25.5801867], [85.1027723, 25.5801893], [85.1027999, 25.580316], [85.1028352, 25.5804778], [85.102848, 25.580531], [85.1028665, 25.5806078], [85.1028889, 25.5807008], [85.1030595, 25.581408], [85.1030628, 25.5814158], [85.1031136, 25.5815365], [85.1031313, 25.5815785], [85.1031679, 25.5816656], [85.1032075, 25.5817596], [85.1032095, 25.5817643], [85.1032849, 25.5819435], [85.1033109, 25.5820051], [85.1033643, 25.5821322], [85.1033836, 25.5821779], [85.1033909, 25.5821953], [85.1033915, 25.5821972], [85.1033917, 25.5821987], [85.1033917, 25.5822006], [85.1033889, 25.5822365], [85.1033835, 25.5823075], [85.1033833, 25.5823089], [85.1033829, 25.5823106], [85.1032942, 25.5825108], [85.1032241, 25.582669], [85.1032158, 25.5827079], [85.1031866, 25.5828439], [85.1031822, 25.5828806], [85.1031783, 25.5829129], [85.1031717, 25.5829677], [85.1031682, 25.5829975], [85.1031792, 25.5831411], [85.1031932, 25.5832147], [85.1032178, 25.5833443], [85.1032218, 25.58336], [85.1032497, 25.5834687], [85.1033619, 25.5839068], [85.1033694, 25.583965], [85.1033777, 25.5840296], [85.1036974, 25.5840718], [85.1040701, 25.5841211], [85.1041449, 25.584131], [85.104375, 25.5841615], [85.1046624, 25.5841995], [85.1048197, 25.5842203], [85.1048645, 25.5842276], [85.1048927, 25.5842322], [85.1048975, 25.5842329], [85.1049332, 25.5842388], [85.1049483, 25.5842412], [85.1050214, 25.5842493], [85.1051017, 25.5842582], [85.1052027, 25.5842693], [85.1052448, 25.5842728], [85.1053357, 25.5842793], [85.1054258, 25.5842916], [85.1055147, 25.5843098], [85.1055909, 25.5843306], [85.1056019, 25.5843336], [85.1056871, 25.5843629], [85.1057697, 25.5843977], [85.1058494, 25.5844378], [85.1059258, 25.5844828], [85.1059984, 25.5845327], [85.1060423, 25.5845675], [85.106067, 25.5845872], [85.1061311, 25.5846459], [85.1061904, 25.5847086], [85.1062595, 25.5847805], [85.1064441, 25.5849727], [85.1064894, 25.5850199], [85.1064986, 25.5850295], [85.1066013, 25.5851364], [85.1064062, 25.5852793], [85.1066445, 25.5855691], [85.1067039, 25.5856424], [85.1069013, 25.5858722]]]}}, {"type": "Feature", "properties": {"ward": "14", "ward_title": "Ward 14", "area": "Saristabad / Mahavir Cancer Sansthan Area", "short_area": "Saristabad", "ac_no": "181", "ac_name": "Digha", "ac_booths": 33, "ac_booth_range": "415-501", "ac_voters": 31178, "total_ward_booths": "33", "total_ward_voters": "31,178", "center_lat": 25.5876809, "center_lon": 85.11489416753074, "label_lat": 25.58915406632643, "label_lon": 85.11489416753074, "has_leader": true, "leader_line": [[25.5876809, 85.11489416753074], [25.58915406632643, 85.11489416753074]], "color": "#10b981", "color_dark": "#047857"}, "geometry": {"type": "Polygon", "coordinates": [[[85.1196044, 25.5911043], [85.1195836, 25.5909268], [85.119581, 25.5909044], [85.1195669, 25.5907844], [85.119551, 25.5906488], [85.1195395, 25.5905696], [85.1195133, 25.5903883], [85.1194998, 25.5903303], [85.1194929, 25.5903007], [85.1194456, 25.590098], [85.1194422, 25.5900836], [85.1194167, 25.5899742], [85.1194157, 25.5899699], [85.1194078, 25.5899358], [85.1193841, 25.5898344], [85.1193591, 25.589727], [85.1193513, 25.5897301], [85.1193142, 25.5897351], [85.1192889, 25.5894587], [85.1192804, 25.5893654], [85.1192735, 25.5893081], [85.1192668, 25.5892518], [85.1192649, 25.5892363], [85.1192393, 25.5890678], [85.1192264, 25.5889832], [85.1192195, 25.588938], [85.1192185, 25.5889181], [85.1192142, 25.5888319], [85.1192123, 25.5887946], [85.1192097, 25.5887414], [85.1192154, 25.5886781], [85.1192184, 25.5886443], [85.1192276, 25.5885418], [85.1192337, 25.5884743], [85.1192413, 25.5883906], [85.1192409, 25.5881333], [85.1192393, 25.5881059], [85.1192202, 25.5877818], [85.1192182, 25.5877621], [85.119212, 25.5877005], [85.1192083, 25.5876636], [85.1191746, 25.5874998], [85.1191723, 25.5874885], [85.1191686, 25.5874307], [85.1191685, 25.5874307], [85.1191655, 25.5873829], [85.1191659, 25.5873754], [85.1191714, 25.587273], [85.1191934, 25.5871867], [85.119201, 25.5871571], [85.1192096, 25.5871234], [85.1192202, 25.5870815], [85.1192273, 25.5870537], [85.119228, 25.5870114], [85.1192105, 25.5869594], [85.1191044, 25.5866431], [85.1190936, 25.5866108], [85.1190509, 25.5865022], [85.1190225, 25.5864302], [85.1189809, 25.5862616], [85.1189696, 25.5862156], [85.1189484, 25.5861131], [85.1188938, 25.5858482], [85.1188903, 25.5858313], [85.1188679, 25.5857682], [85.1188283, 25.5856564], [85.1188161, 25.5856221], [85.1187807, 25.5855224], [85.1186956, 25.585371], [85.1185495, 25.5851111], [85.1186483, 25.5850794], [85.1187853, 25.5850431], [85.1188844, 25.5850088], [85.1189914, 25.5849587], [85.1191172, 25.584885], [85.1192287, 25.5848197], [85.1192313, 25.5848182], [85.1192328, 25.5848172], [85.1192345, 25.5848157], [85.1192361, 25.5848136], [85.1192369, 25.5848122], [85.1192375, 25.5848107], [85.1192379, 25.5848091], [85.1192381, 25.5848075], [85.1192381, 25.5848059], [85.1192379, 25.5848043], [85.1192375, 25.5848028], [85.1192369, 25.5848013], [85.1191471, 25.5846182], [85.1190326, 25.5843847], [85.1190309, 25.5843813], [85.1190021, 25.5843224], [85.1189896, 25.5842958], [85.1189883, 25.5842919], [85.1189871, 25.5842794], [85.1189872, 25.5842783], [85.1189976, 25.5842573], [85.1190059, 25.5842403], [85.1190122, 25.5842274], [85.1190453, 25.5841565], [85.1190574, 25.5841162], [85.1190657, 25.5840747], [85.119066, 25.5840571], [85.1190649, 25.5840415], [85.1190613, 25.5840188], [85.1190513, 25.5839861], [85.119014, 25.5838641], [85.1189894, 25.583753], [85.1189852, 25.5837317], [85.1189852, 25.5837042], [85.1189851, 25.5836895], [85.118985, 25.5836387], [85.1189791, 25.5836202], [85.1189789, 25.5836196], [85.1189759, 25.5836191], [85.1189755, 25.583619], [85.1188858, 25.5836045], [85.1188515, 25.5835979], [85.1182094, 25.5834738], [85.1180891, 25.5834506], [85.1175224, 25.5833411], [85.1174987, 25.5833369], [85.1173733, 25.5833099], [85.1172719, 25.5832883], [85.1171177, 25.5832578], [85.1169361, 25.5832222], [85.1167687, 25.5831878], [85.1165956, 25.5831486], [85.1164821, 25.5831186], [85.1164307, 25.5831086], [85.1163401, 25.5830909], [85.1160433, 25.5830278], [85.1159399, 25.5830015], [85.1157989, 25.5829721], [85.1154874, 25.5829155], [85.1153347, 25.5828847], [85.115218, 25.5828602], [85.1151074, 25.5828356], [85.1150811, 25.5828298], [85.1148691, 25.5827874], [85.1147773, 25.5827662], [85.1146696, 25.5827412], [85.1145448, 25.5827128], [85.1143987, 25.5826842], [85.1142354, 25.5826535], [85.1139985, 25.5826079], [85.1138838, 25.5825861], [85.1136982, 25.582545], [85.1135055, 25.5825056], [85.1133048, 25.5824696], [85.1131456, 25.5824316], [85.1129387, 25.5823875], [85.1129211, 25.5823843], [85.1127358, 25.5823507], [85.1125759, 25.5823163], [85.1124664, 25.5822937], [85.1123192, 25.5822687], [85.1121902, 25.5822523], [85.1120369, 25.582231], [85.1118391, 25.5821943], [85.1118378, 25.5822068], [85.1118124, 25.5824486], [85.1118039, 25.5825296], [85.111796, 25.5826697], [85.1117911, 25.5827558], [85.1117909, 25.5827592], [85.1117893, 25.5827874], [85.1117839, 25.5830349], [85.1117853, 25.5830425], [85.1117977, 25.5831132], [85.1118115, 25.5831747], [85.111813, 25.5831813], [85.1118209, 25.5832055], [85.1118703, 25.5833576], [85.1119348, 25.5836326], [85.1120498, 25.5840353], [85.1120988, 25.5841471], [85.1121015, 25.5841544], [85.1121052, 25.5841645], [85.1121215, 25.5842092], [85.1121787, 25.5843658], [85.1121946, 25.5844095], [85.1121954, 25.5844119], [85.1122613, 25.5846174], [85.1122746, 25.5846588], [85.1123035, 25.5847619], [85.1121466, 25.5847947], [85.1117578, 25.5848758], [85.1117556, 25.5848764], [85.1117539, 25.5848771], [85.1117523, 25.584878], [85.1117508, 25.584879], [85.1117495, 25.5848802], [85.1117483, 25.5848816], [85.1117476, 25.5848828], [85.1117474, 25.5848831], [85.1117471, 25.5848836], [85.1117467, 25.5848847], [85.1117462, 25.5848863], [85.1117459, 25.584888], [85.1117459, 25.5848897], [85.1117461, 25.5848914], [85.1117617, 25.5849728], [85.111786, 25.5850992], [85.1117984, 25.5851942], [85.1118113, 25.5852928], [85.111811, 25.5853131], [85.1118084, 25.5853273], [85.1117935, 25.5853495], [85.1117831, 25.5853601], [85.1117722, 25.5853657], [85.1117582, 25.5853729], [85.1115823, 25.5854147], [85.1112512, 25.5854739], [85.1112027, 25.5854838], [85.1111171, 25.5855011], [85.1111557, 25.5856749], [85.1112204, 25.5859653], [85.1112287, 25.5860024], [85.1112391, 25.5860465], [85.1112613, 25.58614], [85.111295, 25.5862465], [85.1113321, 25.5863455], [85.1113945, 25.5865119], [85.1114471, 25.5865911], [85.1115045, 25.5866775], [85.1116064, 25.586832], [85.1114902, 25.5869073], [85.1114703, 25.5869201], [85.1114574, 25.5869295], [85.1114304, 25.5869489], [85.1114169, 25.5869587], [85.1113682, 25.5869939], [85.1112874, 25.5870678], [85.1112092, 25.5871392], [85.1111765, 25.587169], [85.1111104, 25.5872483], [85.1110731, 25.587293], [85.111038, 25.587335], [85.1110319, 25.5873424], [85.1110298, 25.5873445], [85.1109934, 25.5873805], [85.1109289, 25.5874441], [85.1108924, 25.5874717], [85.1108657, 25.5874919], [85.1108164, 25.5875291], [85.1108048, 25.587538], [85.1106847, 25.5876161], [85.1106478, 25.5876402], [85.1106402, 25.5876446], [85.1105488, 25.5876982], [85.1105033, 25.5877249], [85.1104182, 25.5877578], [85.1104059, 25.5877626], [85.1103985, 25.5877655], [85.1103501, 25.5877834], [85.1102691, 25.5878133], [85.1102347, 25.5878261], [85.1101768, 25.5878401], [85.1100551, 25.5878697], [85.1100213, 25.5878733], [85.1099821, 25.5878773], [85.1099421, 25.5878815], [85.1097301, 25.5879036], [85.109629, 25.5879127], [85.1095293, 25.5879217], [85.1093544, 25.5879499], [85.1093128, 25.5879566], [85.1092476, 25.5879711], [85.1092229, 25.5879766], [85.1092223, 25.5879767], [85.1092221, 25.5879768], [85.1092068, 25.5879803], [85.1092041, 25.5879814], [85.1092022, 25.5879826], [85.1092011, 25.5879835], [85.1091033, 25.5880841], [85.1090483, 25.5881406], [85.1090358, 25.5881534], [85.1091664, 25.5882339], [85.1092858, 25.5883076], [85.1095654, 25.5884803], [85.1096973, 25.5885616], [85.1099188, 25.5886983], [85.1106151, 25.5891458], [85.1111333, 25.5894788], [85.1113009, 25.5895858], [85.1113657, 25.5896273], [85.1114012, 25.5896499], [85.1117113, 25.5898481], [85.1124386, 25.5903128], [85.1124771, 25.5903374], [85.1129907, 25.590669], [85.113083, 25.5907287], [85.1133263, 25.5908858], [85.1133747, 25.590917], [85.1135234, 25.5910145], [85.1135675, 25.5910434], [85.1138725, 25.5912344], [85.1139136, 25.5912601], [85.1142771, 25.5914877], [85.1144006, 25.591565], [85.1144343, 25.5915878], [85.1145796, 25.5916863], [85.1148027, 25.5918374], [85.1150836, 25.5920277], [85.1151404, 25.5920662], [85.1156445, 25.5923945], [85.116177, 25.5927415], [85.1162463, 25.5927862], [85.1162876, 25.5928129], [85.1168376, 25.593168], [85.1168591, 25.5931411], [85.116992, 25.5929753], [85.1171122, 25.5928255], [85.1174428, 25.592413], [85.1177601, 25.5920171], [85.1180384, 25.5916699], [85.1180403, 25.5916674], [85.1180404, 25.5916675], [85.1180782, 25.5916917], [85.1183255, 25.5918556], [85.1184179, 25.5919168], [85.1184682, 25.5919501], [85.1184854, 25.5919615], [85.1184853, 25.5919594], [85.1184852, 25.5919593], [85.1184851, 25.5919572], [85.1184843, 25.5919475], [85.1184863, 25.5919359], [85.1184984, 25.5919142], [85.1187193, 25.5916516], [85.1189298, 25.5914013], [85.119167, 25.5911194], [85.1191727, 25.5911143], [85.1191791, 25.5911098], [85.1191861, 25.5911062], [85.1191935, 25.5911033], [85.1192012, 25.5911013], [85.1192091, 25.5911002], [85.1192171, 25.5911], [85.1192251, 25.5911007], [85.119233, 25.5911023], [85.1192405, 25.5911048], [85.1192477, 25.5911081], [85.1192543, 25.5911123], [85.1196075, 25.5913396], [85.1196329, 25.5913556], [85.1196238, 25.5912696], [85.1196044, 25.5911043]]]}}, {"type": "Feature", "properties": {"ward": "15", "ward_title": "Ward 15", "area": "Yarpur / Jakkanpur / Mithapur", "short_area": "Yarpur / Jakkanpur", "ac_no": "181", "ac_name": "Digha", "ac_booths": 8, "ac_booth_range": "360-432", "ac_voters": 7019, "total_ward_booths": "22", "total_ward_voters": "7,019", "center_lat": 25.59155685, "center_lon": 85.11139923341757, "label_lat": 25.592704066326405, "label_lon": 85.11139923341757, "has_leader": true, "leader_line": [[25.59155685, 85.11139923341757], [25.592704066326405, 85.11139923341757]], "color": "#10b981", "color_dark": "#047857"}, "geometry": {"type": "Polygon", "coordinates": [[[85.1225762, 25.5928667], [85.1224055, 25.5929205], [85.122145, 25.592986], [85.1219841, 25.5930264], [85.1218687, 25.5930554], [85.1218431, 25.5930611], [85.1218221, 25.5930654], [85.1218115, 25.5930677], [85.1217707, 25.5930749], [85.1217211, 25.5930817], [85.1216711, 25.5930864], [85.121621, 25.5930892], [85.1215959, 25.5930896], [85.1215708, 25.5930899], [85.1215207, 25.5930887], [85.1214734, 25.5930855], [85.1214706, 25.5930854], [85.121466, 25.5930849], [85.1214207, 25.5930801], [85.1213776, 25.5930737], [85.1213712, 25.5930728], [85.1213632, 25.5930713], [85.1213221, 25.5930635], [85.1212734, 25.5930522], [85.1215584, 25.5926936], [85.1215751, 25.5926698], [85.1215951, 25.5926415], [85.1215963, 25.5926395], [85.1215972, 25.5926374], [85.1215978, 25.5926352], [85.1215982, 25.592633], [85.1215982, 25.5926308], [85.1215979, 25.5926285], [85.1215973, 25.5926264], [85.1215964, 25.5926243], [85.1215952, 25.5926223], [85.1215938, 25.5926205], [85.1215921, 25.5926188], [85.1215903, 25.5926173], [85.1215625, 25.5925984], [85.121557, 25.5925947], [85.1215228, 25.5925713], [85.1212453, 25.5923927], [85.1211347, 25.5923215], [85.120703, 25.5920436], [85.1202526, 25.5917476], [85.120184, 25.5917039], [85.1201839, 25.5917039], [85.1197092, 25.5914039], [85.1196329, 25.5913556], [85.1196075, 25.5913396], [85.1192543, 25.5911123], [85.1192477, 25.5911081], [85.1192405, 25.5911048], [85.119233, 25.5911023], [85.1192251, 25.5911007], [85.1192171, 25.5911], [85.1192091, 25.5911002], [85.1192012, 25.5911013], [85.1191935, 25.5911033], [85.1191861, 25.5911062], [85.1191791, 25.5911098], [85.1191727, 25.5911143], [85.119167, 25.5911194], [85.1189298, 25.5914013], [85.1187193, 25.5916516], [85.1184984, 25.5919142], [85.1184863, 25.5919359], [85.1184843, 25.5919475], [85.1184851, 25.5919572], [85.1184852, 25.5919593], [85.1184853, 25.5919594], [85.1184854, 25.5919615], [85.1184682, 25.5919501], [85.1184179, 25.5919168], [85.1183255, 25.5918556], [85.1180782, 25.5916917], [85.1180404, 25.5916675], [85.1180403, 25.5916674], [85.1180384, 25.5916699], [85.1177601, 25.5920171], [85.1174428, 25.592413], [85.1171122, 25.5928255], [85.116992, 25.5929753], [85.1168591, 25.5931411], [85.1168376, 25.593168], [85.1162876, 25.5928129], [85.1162463, 25.5927862], [85.116177, 25.5927415], [85.1156445, 25.5923945], [85.1151404, 25.5920662], [85.1150836, 25.5920277], [85.1148027, 25.5918374], [85.1145796, 25.5916863], [85.1144343, 25.5915878], [85.1144006, 25.591565], [85.1142771, 25.5914877], [85.1139136, 25.5912601], [85.1138725, 25.5912344], [85.1135675, 25.5910434], [85.1135234, 25.5910145], [85.1133747, 25.590917], [85.1133263, 25.5908858], [85.113083, 25.5907287], [85.1129907, 25.590669], [85.1124771, 25.5903374], [85.1124386, 25.5903128], [85.1117113, 25.5898481], [85.1114012, 25.5896499], [85.1113657, 25.5896273], [85.1113009, 25.5895858], [85.1111333, 25.5894788], [85.1106151, 25.5891458], [85.1099188, 25.5886983], [85.1096973, 25.5885616], [85.1095654, 25.5884803], [85.1092858, 25.5883076], [85.1091664, 25.5882339], [85.1090358, 25.5881534], [85.1090332, 25.5881517], [85.1088977, 25.5880682], [85.1088898, 25.5880633], [85.1088557, 25.5880392], [85.1088362, 25.5879968], [85.1087914, 25.5879588], [85.1087176, 25.5878834], [85.1087134, 25.5878773], [85.108579, 25.5876814], [85.1085729, 25.5876718], [85.1085675, 25.5876618], [85.1085628, 25.5876516], [85.1085588, 25.5876411], [85.1085555, 25.5876304], [85.108553, 25.5876196], [85.1085512, 25.5876086], [85.1085501, 25.5875975], [85.1085499, 25.5875864], [85.1085503, 25.5875754], [85.1085515, 25.5875643], [85.1085537, 25.5875521], [85.1085538, 25.5875514], [85.1085537, 25.5875494], [85.1085533, 25.5875474], [85.1085522, 25.5875446], [85.108551, 25.5875429], [85.1085448, 25.5875355], [85.1085397, 25.5875294], [85.1085249, 25.5875117], [85.1085155, 25.5875057], [85.1085059, 25.5874987], [85.1083524, 25.587329], [85.1082553, 25.5872229], [85.1080515, 25.5870648], [85.1079462, 25.5869832], [85.1077939, 25.5868697], [85.1077918, 25.5868678], [85.1077784, 25.5868529], [85.1074529, 25.5864927], [85.1074049, 25.5864326], [85.1073002, 25.5863173], [85.1071659, 25.5861633], [85.1070558, 25.5860371], [85.1069919, 25.5859638], [85.10694, 25.5859118], [85.1069013, 25.5858722], [85.1067039, 25.5856424], [85.1066445, 25.5855691], [85.1065698, 25.5858404], [85.106484, 25.586152], [85.1064619, 25.5862321], [85.1063937, 25.5864799], [85.106381, 25.5865261], [85.1062902, 25.5868593], [85.1062579, 25.5869779], [85.1062163, 25.5871308], [85.1061957, 25.5872082], [85.1061497, 25.5873819], [85.1061037, 25.5875556], [85.1060613, 25.5877157], [85.1060369, 25.5878081], [85.1060232, 25.5878584], [85.1060069, 25.5879184], [85.1059529, 25.5881175], [85.1058988, 25.5883173], [85.1058589, 25.5884644], [85.1058552, 25.588478], [85.10585, 25.5884955], [85.1058496, 25.588497], [85.1058399, 25.58853], [85.1057909, 25.5887272], [85.1057517, 25.5888854], [85.105742, 25.5889245], [85.1056989, 25.5890922], [85.1056922, 25.5891185], [85.1056831, 25.589154], [85.1056675, 25.5892165], [85.1056386, 25.589333], [85.1056296, 25.5893694], [85.105591, 25.5895249], [85.1056057, 25.589532], [85.1058695, 25.5896803], [85.1058821, 25.5896874], [85.1059378, 25.5897262], [85.1060025, 25.5897713], [85.1060064, 25.589774], [85.1060236, 25.5897859], [85.1061805, 25.5899163], [85.1066191, 25.5902806], [85.1071494, 25.5907356], [85.1074204, 25.5909365], [85.1077197, 25.5911318], [85.1078005, 25.5911846], [85.107869, 25.5912285], [85.1079741, 25.5912936], [85.1081762, 25.5914186], [85.1082242, 25.5914483], [85.1083968, 25.5915487], [85.1085783, 25.5916537], [85.1086665, 25.5917046], [85.1087864, 25.5917735], [85.1088876, 25.5918315], [85.1089823, 25.5918857], [85.1090513, 25.5919208], [85.1091215, 25.5919554], [85.1091978, 25.5919916], [85.1092634, 25.5920219], [85.1093351, 25.5920538], [85.1094072, 25.5920849], [85.1094798, 25.592115], [85.1095529, 25.5921443], [85.1095713, 25.5921513], [85.1096264, 25.5921726], [85.1097004, 25.5922001], [85.1097747, 25.5922266], [85.1098915, 25.5922673], [85.1099086, 25.5922575], [85.1099194, 25.5922516], [85.1099291, 25.5922497], [85.1099354, 25.5922495], [85.1099458, 25.5922597], [85.1099528, 25.5922722], [85.1099556, 25.5922859], [85.1099542, 25.5922998], [85.1099487, 25.5923128], [85.1099464, 25.5923155], [85.1099394, 25.5923239], [85.109927, 25.5923322], [85.1099127, 25.5923372], [85.1099081, 25.5923375], [85.109987, 25.5923825], [85.1101432, 25.5924452], [85.1109444, 25.592768], [85.1117219, 25.5931027], [85.1124046, 25.5934027], [85.112644, 25.5934891], [85.1129935, 25.5936382], [85.1127784, 25.5941556], [85.1127761, 25.5941611], [85.1127627, 25.5941934], [85.1127589, 25.5942024], [85.1127582, 25.5942051], [85.112758, 25.5942079], [85.1127585, 25.5942107], [85.1127604, 25.594215], [85.1127611, 25.5942177], [85.1127611, 25.5942206], [85.1127606, 25.5942233], [85.1126799, 25.5944162], [85.1126794, 25.5944173], [85.1126779, 25.5944194], [85.1126774, 25.59442], [85.1126771, 25.5944204], [85.112675, 25.5944221], [85.1126727, 25.5944234], [85.1126714, 25.594424], [85.1126688, 25.5944247], [85.1126648, 25.5944253], [85.1126622, 25.5944262], [85.112661, 25.5944268], [85.1126589, 25.5944283], [85.1126579, 25.5944292], [85.1126562, 25.5944311], [85.112655, 25.5944334], [85.1126258, 25.5945017], [85.1126257, 25.5945017], [85.1126269, 25.5945021], [85.1126278, 25.5945024], [85.1129113, 25.5946038], [85.1132864, 25.5947379], [85.1140462, 25.5950016], [85.1143247, 25.5950983], [85.1143688, 25.5951144], [85.1144389, 25.59514], [85.1144441, 25.5951419], [85.1146373, 25.5952124], [85.1148865, 25.5953033], [85.1150335, 25.595356], [85.1151686, 25.5954045], [85.1153898, 25.5954838], [85.1158611, 25.5956473], [85.1162958, 25.5958014], [85.116824, 25.5959949], [85.1174128, 25.5962], [85.1174387, 25.5962099], [85.1176165, 25.5962775], [85.1178658, 25.5963723], [85.117886, 25.59638], [85.1178946, 25.5963833], [85.1183181, 25.5965399], [85.11905, 25.5967843], [85.1191021, 25.5968042], [85.1191093, 25.5967873], [85.1191129, 25.5967789], [85.1191478, 25.5966973], [85.1191686, 25.5966489], [85.1191815, 25.5966186], [85.1191675, 25.5966139], [85.1192774, 25.5963235], [85.1192956, 25.5962698], [85.1193098, 25.5962154], [85.11931, 25.5962154], [85.119342, 25.5962244], [85.1193618, 25.5961728], [85.1193635, 25.5961685], [85.1191476, 25.5960902], [85.1191622, 25.5960614], [85.1192053, 25.5959763], [85.1192364, 25.595915], [85.1192506, 25.595887], [85.1193284, 25.5957334], [85.119365, 25.5956611], [85.1194278, 25.5955372], [85.1194746, 25.5954447], [85.1195282, 25.595339], [85.1195844, 25.5952281], [85.1196859, 25.5950442], [85.1196955, 25.5950293], [85.1197919, 25.5950921], [85.1198239, 25.5951126], [85.1199841, 25.5952156], [85.1200803, 25.5952773], [85.1200958, 25.5952872], [85.1201296, 25.595309], [85.1202384, 25.5953789], [85.1203003, 25.5954186], [85.1203902, 25.5954764], [85.1204218, 25.5954966], [85.1204283, 25.5955008], [85.1204329, 25.5955038], [85.1205131, 25.5955557], [85.1205918, 25.5956067], [85.1207006, 25.5956772], [85.1208061, 25.5957456], [85.1208528, 25.5957758], [85.1208751, 25.5957903], [85.1209682, 25.5958506], [85.1209746, 25.5958547], [85.121005, 25.5958662], [85.1210253, 25.5958647], [85.1210428, 25.5958633], [85.1210792, 25.5958542], [85.121087, 25.5958507], [85.1210877, 25.5958504], [85.1211133, 25.5958391], [85.1211436, 25.5958185], [85.1211693, 25.5957932], [85.1211893, 25.5957641], [85.1212031, 25.5957321], [85.1212074, 25.5957119], [85.121247, 25.5957371], [85.1212785, 25.5957572], [85.1216082, 25.595967], [85.1217083, 25.5960307], [85.1217248, 25.5960412], [85.1220149, 25.5962258], [85.1222337, 25.596365], [85.1222428, 25.5963708], [85.1222496, 25.5963752], [85.1225519, 25.5965675], [85.1225645, 25.5965756], [85.1226525, 25.5966315], [85.122765, 25.5967019], [85.1228286, 25.5967417], [85.1230344, 25.5968704], [85.1231003, 25.59692], [85.1231105, 25.5969293], [85.1232021, 25.5970131], [85.1232777, 25.5970764], [85.1233866, 25.5971545], [85.1234132, 25.5971749], [85.1234383, 25.5971942], [85.1234394, 25.5971951], [85.1234526, 25.5972052], [85.1235331, 25.5972618], [85.1237073, 25.5973582], [85.1237766, 25.5973965], [85.123947, 25.59753], [85.1239502, 25.5974823], [85.1239536, 25.5974307], [85.1239558, 25.5974041], [85.1239575, 25.5973827], [85.1239648, 25.5972924], [85.1239648, 25.5972914], [85.123966, 25.5972767], [85.123967, 25.5972647], [85.1239681, 25.5972511], [85.1239777, 25.5971932], [85.1239829, 25.597161], [85.1239908, 25.5971143], [85.1240018, 25.5969129], [85.1240057, 25.5968422], [85.1240073, 25.5968122], [85.1240075, 25.5968092], [85.1240145, 25.59674], [85.1240058, 25.5966709], [85.1240036, 25.5966532], [85.1240073, 25.5966367], [85.124024, 25.5965621], [85.1240364, 25.5964597], [85.1240362, 25.5964572], [85.124032, 25.5963968], [85.1240325, 25.5963918], [85.1240329, 25.5963881], [85.1240411, 25.5963152], [85.124042, 25.5963148], [85.1240436, 25.596314], [85.1240451, 25.5963129], [85.1240465, 25.5963117], [85.1240476, 25.5963103], [85.1240486, 25.5963088], [85.1240493, 25.5963073], [85.1240498, 25.5963056], [85.1240928, 25.5961223], [85.1240928, 25.5961221], [85.1240961, 25.5961067], [85.1241036, 25.5960721], [85.1241193, 25.5959991], [85.1241193, 25.5959989], [85.1241194, 25.5959988], [85.1241194, 25.5959987], [85.124145, 25.5958579], [85.1241626, 25.5957617], [85.1241634, 25.5957574], [85.1241634, 25.5957573], [85.1241634, 25.5957572], [85.1241634, 25.595757], [85.1241634, 25.5957569], [85.1241635, 25.5957567], [85.1241635, 25.5957566], [85.1241635, 25.5957565], [85.1241635, 25.5957563], [85.1241635, 25.5957562], [85.1241635, 25.595756], [85.1241635, 25.5957559], [85.1241635, 25.5957558], [85.1241708, 25.5955874], [85.1241743, 25.5955076], [85.1241743, 25.5955075], [85.1241743, 25.5955074], [85.1241743, 25.5955073], [85.1241743, 25.5955072], [85.1241743, 25.5955071], [85.1241741, 25.5954375], [85.124174, 25.5953811], [85.124174, 25.595381], [85.124174, 25.5953808], [85.1241725, 25.5953321], [85.1241724, 25.595332], [85.1241724, 25.5953319], [85.1241724, 25.5953317], [85.1241724, 25.5953316], [85.1241724, 25.5953315], [85.1241724, 25.5953313], [85.1241724, 25.5953312], [85.1241724, 25.5953311], [85.1241724, 25.5953309], [85.1241723, 25.5953308], [85.1241723, 25.5953307], [85.1241723, 25.5953305], [85.1241675, 25.5953014], [85.1241552, 25.5952263], [85.1241534, 25.5952157], [85.1241534, 25.5952155], [85.1241432, 25.5951454], [85.1241431, 25.5951452], [85.1241431, 25.5951451], [85.1241431, 25.5951449], [85.1241431, 25.5951447], [85.1241431, 25.5951445], [85.1241328, 25.594976], [85.1241327, 25.5949747], [85.1241321, 25.5949645], [85.1241321, 25.5949644], [85.1241321, 25.5949643], [85.1241289, 25.5949262], [85.1241138, 25.5947444], [85.1241046, 25.594634], [85.1240955, 25.5945362], [85.1240945, 25.5945255], [85.1240944, 25.5945237], [85.1240946, 25.594522], [85.1240949, 25.5945211], [85.1240954, 25.5945187], [85.1240969, 25.5945118], [85.1240981, 25.5945063], [85.1241364, 25.5943322], [85.1241365, 25.5943318], [85.1241366, 25.5943313], [85.1241368, 25.5943309], [85.1241368, 25.5943308], [85.1241369, 25.5943304], [85.1241371, 25.59433], [85.1241373, 25.5943296], [85.1241375, 25.5943292], [85.1241377, 25.5943288], [85.1241379, 25.5943284], [85.1241382, 25.594328], [85.1241384, 25.5943276], [85.1241387, 25.5943272], [85.124139, 25.5943268], [85.1241393, 25.5943265], [85.1241396, 25.5943261], [85.12414, 25.5943258], [85.1241403, 25.5943254], [85.1241407, 25.5943251], [85.124141, 25.5943248], [85.1241411, 25.5943248], [85.1241414, 25.5943245], [85.1241418, 25.5943242], [85.1241422, 25.5943239], [85.1241426, 25.5943237], [85.1241427, 25.5943236], [85.124143, 25.5943234], [85.124153, 25.5943177], [85.1241551, 25.5943165], [85.1241585, 25.5943146], [85.1242167, 25.5942812], [85.1242171, 25.5942809], [85.1242175, 25.5942806], [85.1242179, 25.5942804], [85.1242183, 25.5942801], [85.1242187, 25.5942798], [85.1242191, 25.5942795], [85.1242194, 25.5942791], [85.1242198, 25.5942788], [85.1242201, 25.5942784], [85.1242204, 25.5942781], [85.1242207, 25.5942777], [85.124221, 25.5942773], [85.1242213, 25.5942769], [85.1242216, 25.5942765], [85.1242218, 25.5942761], [85.1242221, 25.5942757], [85.1242223, 25.5942753], [85.1242225, 25.5942749], [85.1242227, 25.5942744], [85.1242228, 25.594274], [85.124223, 25.5942736], [85.1242231, 25.5942731], [85.1242232, 25.5942727], [85.1242234, 25.5942722], [85.1242234, 25.5942717], [85.1242235, 25.5942713], [85.1242236, 25.5942708], [85.1242298, 25.5941996], [85.1242433, 25.5940482], [85.1242551, 25.593927], [85.124236, 25.5939281], [85.1242356, 25.5939281], [85.1241377, 25.5939268], [85.1240677, 25.5939268], [85.1239939, 25.5939267], [85.1239523, 25.5939262], [85.1238366, 25.5939247], [85.1237117, 25.5939407], [85.123509, 25.5939874], [85.1234971, 25.5939901], [85.1234914, 25.5939914], [85.1234826, 25.5939935], [85.1234187, 25.5938592], [85.1234156, 25.5938526], [85.1233962, 25.5938118], [85.1232472, 25.5935401], [85.1231827, 25.5934493], [85.1231803, 25.5934459], [85.1231604, 25.5934179], [85.1231402, 25.5933894], [85.1231392, 25.5933877], [85.1231243, 25.5933623], [85.1231105, 25.5933387], [85.1231, 25.5933209], [85.123073, 25.5932619], [85.1230538, 25.5932201], [85.1230462, 25.5932036], [85.1230291, 25.5931664], [85.1229389, 25.5929881], [85.1228841, 25.5928798], [85.122836, 25.5927847], [85.1228045, 25.5927947], [85.1225762, 25.5928667]]]}}, {"type": "Feature", "properties": {"ward": "16", "ward_title": "Ward 16", "area": "Jakkanpur / Jhunjhun Mahal", "short_area": "Jakkanpur / Jhunjhun Mahal", "ac_no": "181", "ac_name": "Digha", "ac_booths": 3, "ac_booth_range": "365-367", "ac_voters": 2669, "total_ward_booths": "15", "total_ward_voters": "2,669", "center_lat": 25.5882997, "center_lon": 85.12102387052681, "label_lat": 25.585454066326427, "label_lon": 85.12102387052681, "has_leader": true, "leader_line": [[25.5882997, 85.12102387052681], [25.585454066326427, 85.12102387052681]], "color": "#10b981", "color_dark": "#047857"}, "geometry": {"type": "Polygon", "coordinates": [[[85.1233242, 25.5926308], [85.1236273, 25.5925259], [85.1238962, 25.5924327], [85.1241905, 25.5923308], [85.1242182, 25.5923214], [85.1245387, 25.5922125], [85.1246228, 25.5921839], [85.1249553, 25.5920626], [85.1249829, 25.5920525], [85.1247797, 25.591765], [85.1247777, 25.5917621], [85.1247737, 25.5917565], [85.1247023, 25.5916554], [85.1246168, 25.5915345], [85.1246067, 25.591515], [85.1246016, 25.5915051], [85.1245261, 25.5913594], [85.1245062, 25.5913005], [85.1244847, 25.591237], [85.1244749, 25.5912077], [85.1244563, 25.591143], [85.1244433, 25.5910977], [85.1244383, 25.5910805], [85.1244204, 25.5910181], [85.1244099, 25.5909776], [85.1243955, 25.5909221], [85.1243777, 25.5908537], [85.1243777, 25.5908533], [85.1243776, 25.5908529], [85.1243775, 25.5908525], [85.1243775, 25.5908523], [85.1243774, 25.5908521], [85.1243774, 25.5908517], [85.1243774, 25.5908513], [85.1243774, 25.5908509], [85.1243774, 25.5908505], [85.1243774, 25.5908501], [85.1243774, 25.5908497], [85.1243774, 25.5908493], [85.1243775, 25.5908489], [85.1243858, 25.59079], [85.1243859, 25.5907897], [85.1243859, 25.5907895], [85.1243859, 25.5907892], [85.1243859, 25.5907889], [85.1243859, 25.5907886], [85.1243859, 25.5907883], [85.1243859, 25.590788], [85.1243859, 25.5907877], [85.1243859, 25.5907875], [85.1243859, 25.5907872], [85.1243859, 25.5907869], [85.1243858, 25.5907866], [85.1243667, 25.5906499], [85.1243522, 25.5905744], [85.124351, 25.5905681], [85.1243495, 25.5905605], [85.1243318, 25.5904686], [85.1243315, 25.5904667], [85.1242864, 25.5902324], [85.1242764, 25.590234], [85.1241099, 25.5902605], [85.1240775, 25.5902656], [85.123615, 25.5903392], [85.1235545, 25.5903488], [85.1234329, 25.5903681], [85.1234314, 25.5903683], [85.1234299, 25.5903683], [85.1234284, 25.5903682], [85.1234269, 25.590368], [85.1234255, 25.5903676], [85.1234241, 25.5903671], [85.1234228, 25.5903664], [85.1234215, 25.5903657], [85.1234203, 25.5903648], [85.1234193, 25.5903639], [85.1234183, 25.5903628], [85.1234175, 25.5903617], [85.1233709, 25.5902902], [85.1233562, 25.5902461], [85.1232648, 25.5899706], [85.1232245, 25.5898492], [85.1232027, 25.5897836], [85.1231818, 25.5897117], [85.1231414, 25.5895729], [85.1230761, 25.589349], [85.1230659, 25.5893023], [85.1230351, 25.5891619], [85.1230004, 25.5890037], [85.1229771, 25.5889359], [85.1229537, 25.5888681], [85.1229388, 25.5888322], [85.1229372, 25.5888283], [85.1228979, 25.5887332], [85.1228613, 25.5886449], [85.1228385, 25.5885898], [85.1228376, 25.5885763], [85.1228369, 25.5885653], [85.1228395, 25.588537], [85.1228444, 25.5885181], [85.1228446, 25.5885176], [85.1228447, 25.588517], [85.1228448, 25.5885164], [85.1228449, 25.5885158], [85.1228449, 25.5885152], [85.1228449, 25.5885146], [85.122845, 25.588514], [85.122845, 25.5885134], [85.1228449, 25.5885128], [85.1228449, 25.5885122], [85.1228448, 25.5885117], [85.1228447, 25.5885111], [85.1228319, 25.5884402], [85.1228272, 25.5884141], [85.1227902, 25.5882088], [85.1227744, 25.5881213], [85.1227445, 25.5880025], [85.1227231, 25.5879174], [85.1227057, 25.5878511], [85.122679, 25.5877497], [85.1226288, 25.5875586], [85.1226261, 25.5875486], [85.122619, 25.5875215], [85.1226141, 25.58751], [85.1226028, 25.5874837], [85.1225973, 25.5874709], [85.1225836, 25.5873805], [85.1225815, 25.5873547], [85.1225753, 25.5872793], [85.1225749, 25.5872741], [85.1225641, 25.5871431], [85.1225605, 25.5870994], [85.1225599, 25.5870927], [85.1225554, 25.587037], [85.1225565, 25.5869639], [85.122566, 25.5869258], [85.1225879, 25.5868647], [85.1225915, 25.5868331], [85.1225926, 25.5868237], [85.122597, 25.5867862], [85.1226008, 25.586753], [85.1226021, 25.5866722], [85.1225967, 25.5866165], [85.1225786, 25.5865217], [85.1225395, 25.5863937], [85.1225063, 25.5863354], [85.1225, 25.5863242], [85.1224981, 25.5863209], [85.1224917, 25.5863098], [85.1224855, 25.5862955], [85.1224166, 25.5859701], [85.1223819, 25.5858688], [85.1223813, 25.5858677], [85.1222254, 25.5855417], [85.1222032, 25.5855025], [85.1221995, 25.5854949], [85.1221969, 25.585487], [85.1221952, 25.5854789], [85.1221947, 25.5854706], [85.1221953, 25.5854624], [85.1221969, 25.5854543], [85.1221996, 25.5854464], [85.1222014, 25.5854426], [85.1222032, 25.5854388], [85.1222079, 25.5854317], [85.1222134, 25.5854252], [85.1222198, 25.5854193], [85.1222269, 25.5854141], [85.1223676, 25.5853531], [85.1225012, 25.5852953], [85.122668, 25.5852231], [85.1226787, 25.5852184], [85.1227366, 25.5851855], [85.1228409, 25.5851122], [85.1228414, 25.5851118], [85.1228524, 25.5851018], [85.12299, 25.5849753], [85.1231831, 25.5847875], [85.1232022, 25.5847671], [85.1232084, 25.5847623], [85.1232182, 25.5847547], [85.1232441, 25.5847371], [85.1232716, 25.584722], [85.123282, 25.5847173], [85.1233013, 25.5847087], [85.1234029, 25.5844975], [85.1234157, 25.5844709], [85.1232883, 25.5844649], [85.1232273, 25.5844575], [85.1232161, 25.5844562], [85.1230989, 25.584442], [85.1230794, 25.5844391], [85.122437, 25.5843419], [85.1223178, 25.5843238], [85.1219602, 25.5842483], [85.1219536, 25.5842469], [85.1219029, 25.5842362], [85.1217366, 25.584202], [85.1215395, 25.5841613], [85.1213712, 25.5841267], [85.1210755, 25.5840657], [85.1210419, 25.5840588], [85.1210144, 25.5840532], [85.1209982, 25.5840498], [85.1209831, 25.5840467], [85.120855, 25.5840234], [85.1207698, 25.5840079], [85.1206026, 25.5839709], [85.1206025, 25.5839709], [85.1204381, 25.5839345], [85.1201851, 25.5838784], [85.1199968, 25.5838385], [85.1199964, 25.5838384], [85.1199963, 25.5838384], [85.1196162, 25.5837577], [85.1196099, 25.5837564], [85.1194816, 25.5837288], [85.1194275, 25.5837173], [85.1192827, 25.5836862], [85.1192116, 25.5836702], [85.119004, 25.5836236], [85.1189789, 25.5836196], [85.1189791, 25.5836202], [85.118985, 25.5836387], [85.1189851, 25.5836895], [85.1189852, 25.5837042], [85.1189852, 25.5837317], [85.1189894, 25.583753], [85.119014, 25.5838641], [85.1190513, 25.5839861], [85.1190613, 25.5840188], [85.1190649, 25.5840415], [85.119066, 25.5840571], [85.1190657, 25.5840747], [85.1190574, 25.5841162], [85.1190453, 25.5841565], [85.1190122, 25.5842274], [85.1190059, 25.5842403], [85.1189976, 25.5842573], [85.1189872, 25.5842783], [85.1189871, 25.5842794], [85.1189883, 25.5842919], [85.1189896, 25.5842958], [85.1190021, 25.5843224], [85.1190309, 25.5843813], [85.1190326, 25.5843847], [85.1191471, 25.5846182], [85.1192369, 25.5848013], [85.1192375, 25.5848028], [85.1192379, 25.5848043], [85.1192381, 25.5848059], [85.1192381, 25.5848075], [85.1192379, 25.5848091], [85.1192375, 25.5848107], [85.1192369, 25.5848122], [85.1192361, 25.5848136], [85.1192345, 25.5848157], [85.1192328, 25.5848172], [85.1192313, 25.5848182], [85.1192287, 25.5848197], [85.1191172, 25.584885], [85.1189914, 25.5849587], [85.1188844, 25.5850088], [85.1187853, 25.5850431], [85.1186483, 25.5850794], [85.1185495, 25.5851111], [85.1186956, 25.585371], [85.1187807, 25.5855224], [85.1188161, 25.5856221], [85.1188283, 25.5856564], [85.1188679, 25.5857682], [85.1188903, 25.5858313], [85.1188938, 25.5858482], [85.1189484, 25.5861131], [85.1189696, 25.5862156], [85.1189809, 25.5862616], [85.1190225, 25.5864302], [85.1190509, 25.5865022], [85.1190936, 25.5866108], [85.1191044, 25.5866431], [85.1192105, 25.5869594], [85.119228, 25.5870114], [85.1192273, 25.5870537], [85.1192202, 25.5870815], [85.1192096, 25.5871234], [85.119201, 25.5871571], [85.1191934, 25.5871867], [85.1191714, 25.587273], [85.1191659, 25.5873754], [85.1191655, 25.5873829], [85.1191685, 25.5874307], [85.1191686, 25.5874307], [85.1191723, 25.5874885], [85.1191746, 25.5874998], [85.1192083, 25.5876636], [85.119212, 25.5877005], [85.1192182, 25.5877621], [85.1192202, 25.5877818], [85.1192393, 25.5881059], [85.1192409, 25.5881333], [85.1192413, 25.5883906], [85.1192337, 25.5884743], [85.1192276, 25.5885418], [85.1192184, 25.5886443], [85.1192154, 25.5886781], [85.1192097, 25.5887414], [85.1192123, 25.5887946], [85.1192142, 25.5888319], [85.1192185, 25.5889181], [85.1192195, 25.588938], [85.1192264, 25.5889832], [85.1192393, 25.5890678], [85.1192649, 25.5892363], [85.1192668, 25.5892518], [85.1192735, 25.5893081], [85.1192804, 25.5893654], [85.1192889, 25.5894587], [85.1193142, 25.5897351], [85.1193513, 25.5897301], [85.1193591, 25.589727], [85.1193841, 25.5898344], [85.1194078, 25.5899358], [85.1194157, 25.5899699], [85.1194167, 25.5899742], [85.1194422, 25.5900836], [85.1194456, 25.590098], [85.1194929, 25.5903007], [85.1194998, 25.5903303], [85.1195133, 25.5903883], [85.1195395, 25.5905696], [85.119551, 25.5906488], [85.1195669, 25.5907844], [85.119581, 25.5909044], [85.1195836, 25.5909268], [85.1196044, 25.5911043], [85.1196238, 25.5912696], [85.1196329, 25.5913556], [85.1197092, 25.5914039], [85.1201839, 25.5917039], [85.120184, 25.5917039], [85.1202526, 25.5917476], [85.120703, 25.5920436], [85.1211347, 25.5923215], [85.1212453, 25.5923927], [85.1215228, 25.5925713], [85.121557, 25.5925947], [85.1215625, 25.5925984], [85.1215903, 25.5926173], [85.1215921, 25.5926188], [85.1215938, 25.5926205], [85.1215952, 25.5926223], [85.1215964, 25.5926243], [85.1215973, 25.5926264], [85.1215979, 25.5926285], [85.1215982, 25.5926308], [85.1215982, 25.592633], [85.1215978, 25.5926352], [85.1215972, 25.5926374], [85.1215963, 25.5926395], [85.1215951, 25.5926415], [85.1215751, 25.5926698], [85.1215584, 25.5926936], [85.1212734, 25.5930522], [85.1213221, 25.5930635], [85.1213632, 25.5930713], [85.1213712, 25.5930728], [85.1213776, 25.5930737], [85.1214207, 25.5930801], [85.121466, 25.5930849], [85.1214706, 25.5930854], [85.1214734, 25.5930855], [85.1215207, 25.5930887], [85.1215708, 25.5930899], [85.1215959, 25.5930896], [85.121621, 25.5930892], [85.1216711, 25.5930864], [85.1217211, 25.5930817], [85.1217707, 25.5930749], [85.1218115, 25.5930677], [85.1218221, 25.5930654], [85.1218431, 25.5930611], [85.1218687, 25.5930554], [85.1219841, 25.5930264], [85.122145, 25.592986], [85.1224055, 25.5929205], [85.1225762, 25.5928667], [85.1228045, 25.5927947], [85.122836, 25.5927847], [85.1232758, 25.592646], [85.1233242, 25.5926308]]]}}, {"type": "Feature", "properties": {"ward": "19", "ward_title": "Ward 19", "area": "Mithapur / Jakkanpur Border", "short_area": "Mithapur", "ac_no": "181", "ac_name": "Digha", "ac_booths": 2, "ac_booth_range": "358-359", "ac_voters": 1746, "total_ward_booths": "25", "total_ward_voters": "21,150", "center_lat": 25.597023550000003, "center_lon": 85.12842017113421, "label_lat": 25.596830477696532, "label_lon": 85.12842017113421, "has_leader": false, "leader_line": null, "color": "#10b981", "color_dark": "#047857"}, "geometry": {"type": "Polygon", "coordinates": [[[85.1322263, 25.5956969], [85.1321576, 25.5957058], [85.1321546, 25.5957062], [85.1321176, 25.5957084], [85.1320039, 25.5957154], [85.1319398, 25.5957193], [85.1318286, 25.5957261], [85.1316879, 25.5957347], [85.1316543, 25.5957367], [85.1315591, 25.595745], [85.1314189, 25.5957573], [85.1312583, 25.5957713], [85.1312043, 25.5957751], [85.1311187, 25.595781], [85.1310814, 25.5957873], [85.1310137, 25.5958093], [85.1309991, 25.5958111], [85.1308636, 25.5958278], [85.1308053, 25.595835], [85.1307424, 25.5958428], [85.130712, 25.5958472], [85.1306453, 25.5958568], [85.1305384, 25.5958723], [85.1305196, 25.5958751], [85.1304834, 25.5958803], [85.1303708, 25.5958873], [85.1302414, 25.5958955], [85.1301291, 25.5959025], [85.1300953, 25.5959029], [85.1300767, 25.5959031], [85.1300435, 25.5959002], [85.1299932, 25.5958922], [85.1298922, 25.5958615], [85.1298814, 25.5958561], [85.1297453, 25.5957874], [85.1297055, 25.5957655], [85.1296939, 25.595751], [85.1296888, 25.5957396], [85.1296746, 25.5957408], [85.1294325, 25.5957611], [85.1291582, 25.5957842], [85.1291581, 25.5957842], [85.1291579, 25.5957842], [85.1291578, 25.5957842], [85.1291577, 25.5957842], [85.1291575, 25.5957843], [85.1291574, 25.5957843], [85.1291573, 25.5957843], [85.1291572, 25.5957843], [85.129157, 25.5957843], [85.1291569, 25.5957843], [85.1291568, 25.5957844], [85.1291566, 25.5957844], [85.1291333, 25.5957886], [85.129005, 25.5958117], [85.1288593, 25.595838], [85.1287912, 25.5958503], [85.1286941, 25.5958674], [85.1285686, 25.5958895], [85.1284963, 25.5959016], [85.12849, 25.5959027], [85.1284817, 25.5959041], [85.1281748, 25.5959556], [85.1281704, 25.5959856], [85.1277346, 25.59604], [85.1276067, 25.596059], [85.1274058, 25.5960887], [85.1273773, 25.596091], [85.1271916, 25.5961057], [85.1270379, 25.5961179], [85.1269138, 25.5961271], [85.1268826, 25.5961294], [85.1267922, 25.5961297], [85.1267362, 25.5961298], [85.1267092, 25.5961299], [85.1266032, 25.5961175], [85.1265323, 25.5961092], [85.1265273, 25.5961062], [85.1265112, 25.5960968], [85.1265085, 25.5960932], [85.1265071, 25.5960914], [85.1264916, 25.596071], [85.1264824, 25.5960589], [85.1264752, 25.5960422], [85.1264592, 25.5960051], [85.1264561, 25.595998], [85.1264516, 25.5959875], [85.1264397, 25.5959544], [85.1264334, 25.5959371], [85.1264306, 25.5959246], [85.1264106, 25.5958371], [85.1264083, 25.5958273], [85.1263947, 25.5957678], [85.1263908, 25.5957508], [85.1263716, 25.5956667], [85.1263606, 25.5956189], [85.1263283, 25.5954777], [85.1263268, 25.5954709], [85.1263243, 25.5954597], [85.1263237, 25.5954566], [85.1263189, 25.5954348], [85.1262614, 25.595172], [85.1262513, 25.5951258], [85.1262496, 25.5951182], [85.1262442, 25.595099], [85.1262396, 25.5950825], [85.1262005, 25.5949427], [85.1261949, 25.5949228], [85.1261585, 25.5947928], [85.1261393, 25.5947196], [85.12612, 25.5946463], [85.1260829, 25.594505], [85.1260722, 25.5944641], [85.126027, 25.5942531], [85.1260131, 25.5941883], [85.1259992, 25.5941235], [85.1259841, 25.5940762], [85.1259806, 25.5940651], [85.1259747, 25.5940468], [85.1259613, 25.5940049], [85.1259544, 25.5939832], [85.1259229, 25.5938845], [85.1259044, 25.5938426], [85.1258926, 25.5938157], [85.1258339, 25.5936826], [85.1258282, 25.5936695], [85.1258172, 25.5936446], [85.1258, 25.5935817], [85.1257892, 25.5935423], [85.1257598, 25.5934289], [85.1257487, 25.5933409], [85.1257479, 25.5933348], [85.1257478, 25.593322], [85.1257478, 25.5933214], [85.1257477, 25.5933128], [85.1257456, 25.5931401], [85.125745, 25.5930872], [85.1257353, 25.593058], [85.1257351, 25.5930578], [85.1257252, 25.5930407], [85.1255838, 25.5929201], [85.1253613, 25.5927274], [85.125245, 25.592612], [85.1252373, 25.5926044], [85.1251366, 25.5924893], [85.1251253, 25.5924711], [85.1250893, 25.5924128], [85.1250301, 25.5922918], [85.1249815, 25.5921428], [85.1249648, 25.5920918], [85.1249624, 25.5920843], [85.1249602, 25.5920777], [85.1249587, 25.5920731], [85.1249553, 25.5920626], [85.1246228, 25.5921839], [85.1245387, 25.5922125], [85.1242182, 25.5923214], [85.1241905, 25.5923308], [85.1238962, 25.5924327], [85.1236273, 25.5925259], [85.1233242, 25.5926308], [85.1232758, 25.592646], [85.122836, 25.5927847], [85.1228841, 25.5928798], [85.1229389, 25.5929881], [85.1230291, 25.5931664], [85.1230462, 25.5932036], [85.1230538, 25.5932201], [85.123073, 25.5932619], [85.1231, 25.5933209], [85.1231105, 25.5933387], [85.1231243, 25.5933623], [85.1231392, 25.5933877], [85.1231402, 25.5933894], [85.1231604, 25.5934179], [85.1231803, 25.5934459], [85.1231827, 25.5934493], [85.1232472, 25.5935401], [85.1233962, 25.5938118], [85.1234156, 25.5938526], [85.1234187, 25.5938592], [85.1234826, 25.5939935], [85.1234914, 25.5939914], [85.1234971, 25.5939901], [85.123509, 25.5939874], [85.1237117, 25.5939407], [85.1238366, 25.5939247], [85.1239523, 25.5939262], [85.1239939, 25.5939267], [85.1240677, 25.5939268], [85.1241377, 25.5939268], [85.1242356, 25.5939281], [85.124236, 25.5939281], [85.1242551, 25.593927], [85.1242433, 25.5940482], [85.1242298, 25.5941996], [85.1242236, 25.5942708], [85.1242235, 25.5942713], [85.1242234, 25.5942717], [85.1242234, 25.5942722], [85.1242232, 25.5942727], [85.1242231, 25.5942731], [85.124223, 25.5942736], [85.1242228, 25.594274], [85.1242227, 25.5942744], [85.1242225, 25.5942749], [85.1242223, 25.5942753], [85.1242221, 25.5942757], [85.1242218, 25.5942761], [85.1242216, 25.5942765], [85.1242213, 25.5942769], [85.124221, 25.5942773], [85.1242207, 25.5942777], [85.1242204, 25.5942781], [85.1242201, 25.5942784], [85.1242198, 25.5942788], [85.1242194, 25.5942791], [85.1242191, 25.5942795], [85.1242187, 25.5942798], [85.1242183, 25.5942801], [85.1242179, 25.5942804], [85.1242175, 25.5942806], [85.1242171, 25.5942809], [85.1242167, 25.5942812], [85.1241585, 25.5943146], [85.1241551, 25.5943165], [85.124153, 25.5943177], [85.124143, 25.5943234], [85.1241427, 25.5943236], [85.1241426, 25.5943237], [85.1241422, 25.5943239], [85.1241418, 25.5943242], [85.1241414, 25.5943245], [85.1241411, 25.5943248], [85.124141, 25.5943248], [85.1241407, 25.5943251], [85.1241403, 25.5943254], [85.12414, 25.5943258], [85.1241396, 25.5943261], [85.1241393, 25.5943265], [85.124139, 25.5943268], [85.1241387, 25.5943272], [85.1241384, 25.5943276], [85.1241382, 25.594328], [85.1241379, 25.5943284], [85.1241377, 25.5943288], [85.1241375, 25.5943292], [85.1241373, 25.5943296], [85.1241371, 25.59433], [85.1241369, 25.5943304], [85.1241368, 25.5943308], [85.1241368, 25.5943309], [85.1241366, 25.5943313], [85.1241365, 25.5943318], [85.1241364, 25.5943322], [85.1240981, 25.5945063], [85.1240969, 25.5945118], [85.1240954, 25.5945187], [85.1240949, 25.5945211], [85.1240946, 25.594522], [85.1240944, 25.5945237], [85.1240945, 25.5945255], [85.1240955, 25.5945362], [85.1241046, 25.594634], [85.1241138, 25.5947444], [85.1241289, 25.5949262], [85.1241321, 25.5949643], [85.1241321, 25.5949644], [85.1241321, 25.5949645], [85.1241327, 25.5949747], [85.1241328, 25.594976], [85.1241431, 25.5951445], [85.1241431, 25.5951447], [85.1241431, 25.5951449], [85.1241431, 25.5951451], [85.1241431, 25.5951452], [85.1241432, 25.5951454], [85.1241534, 25.5952155], [85.1241534, 25.5952157], [85.1241552, 25.5952263], [85.1241675, 25.5953014], [85.1241723, 25.5953305], [85.1241723, 25.5953307], [85.1241723, 25.5953308], [85.1241724, 25.5953309], [85.1241724, 25.5953311], [85.1241724, 25.5953312], [85.1241724, 25.5953313], [85.1241724, 25.5953315], [85.1241724, 25.5953316], [85.1241724, 25.5953317], [85.1241724, 25.5953319], [85.1241724, 25.595332], [85.1241725, 25.5953321], [85.124174, 25.5953808], [85.124174, 25.595381], [85.124174, 25.5953811], [85.1241741, 25.5954375], [85.1241743, 25.5955071], [85.1241743, 25.5955072], [85.1241743, 25.5955073], [85.1241743, 25.5955074], [85.1241743, 25.5955075], [85.1241743, 25.5955076], [85.1241708, 25.5955874], [85.1241635, 25.5957558], [85.1241635, 25.5957559], [85.1241635, 25.595756], [85.1241635, 25.5957562], [85.1241635, 25.5957563], [85.1241635, 25.5957565], [85.1241635, 25.5957566], [85.1241635, 25.5957567], [85.1241634, 25.5957569], [85.1241634, 25.595757], [85.1241634, 25.5957572], [85.1241634, 25.5957573], [85.1241634, 25.5957574], [85.1241626, 25.5957617], [85.124145, 25.5958579], [85.1241194, 25.5959987], [85.1241194, 25.5959988], [85.1241193, 25.5959989], [85.1241193, 25.5959991], [85.1241036, 25.5960721], [85.1240961, 25.5961067], [85.1240928, 25.5961221], [85.1240928, 25.5961223], [85.1240498, 25.5963056], [85.1240493, 25.5963073], [85.1240486, 25.5963088], [85.1240476, 25.5963103], [85.1240465, 25.5963117], [85.1240451, 25.5963129], [85.1240436, 25.596314], [85.124042, 25.5963148], [85.1240411, 25.5963152], [85.1240329, 25.5963881], [85.1240325, 25.5963918], [85.124032, 25.5963968], [85.1240362, 25.5964572], [85.1240364, 25.5964597], [85.124024, 25.5965621], [85.1240073, 25.5966367], [85.1240036, 25.5966532], [85.1240058, 25.5966709], [85.1240145, 25.59674], [85.1240075, 25.5968092], [85.1240073, 25.5968122], [85.1240057, 25.5968422], [85.1240018, 25.5969129], [85.1239908, 25.5971143], [85.1239829, 25.597161], [85.1239777, 25.5971932], [85.1239681, 25.5972511], [85.123967, 25.5972647], [85.123966, 25.5972767], [85.1239648, 25.5972914], [85.1239648, 25.5972924], [85.1239575, 25.5973827], [85.1239558, 25.5974041], [85.1239536, 25.5974307], [85.1239502, 25.5974823], [85.123947, 25.59753], [85.1237766, 25.5973965], [85.1237073, 25.5973582], [85.1235331, 25.5972618], [85.1234526, 25.5972052], [85.1234394, 25.5971951], [85.1234383, 25.5971942], [85.1234132, 25.5971749], [85.1233866, 25.5971545], [85.1232777, 25.5970764], [85.1232021, 25.5970131], [85.1231105, 25.5969293], [85.1231003, 25.59692], [85.1230344, 25.5968704], [85.1228286, 25.5967417], [85.122765, 25.5967019], [85.1226525, 25.5966315], [85.1225645, 25.5965756], [85.1225519, 25.5965675], [85.1222496, 25.5963752], [85.1222428, 25.5963708], [85.1222337, 25.596365], [85.1220149, 25.5962258], [85.1217248, 25.5960412], [85.1217083, 25.5960307], [85.1216082, 25.595967], [85.1212785, 25.5957572], [85.121247, 25.5957371], [85.1212074, 25.5957119], [85.1212031, 25.5957321], [85.1211893, 25.5957641], [85.1211693, 25.5957932], [85.1211436, 25.5958185], [85.1211133, 25.5958391], [85.1210877, 25.5958504], [85.121087, 25.5958507], [85.1210792, 25.5958542], [85.1210428, 25.5958633], [85.1210253, 25.5958647], [85.121005, 25.5958662], [85.1209746, 25.5958547], [85.1209682, 25.5958506], [85.1208751, 25.5957903], [85.1208528, 25.5957758], [85.1208061, 25.5957456], [85.1207006, 25.5956772], [85.1205918, 25.5956067], [85.1205131, 25.5955557], [85.1204329, 25.5955038], [85.1204283, 25.5955008], [85.1204218, 25.5954966], [85.1203902, 25.5954764], [85.1203003, 25.5954186], [85.1202384, 25.5953789], [85.1201296, 25.595309], [85.1200958, 25.5952872], [85.1200803, 25.5952773], [85.1199841, 25.5952156], [85.1198239, 25.5951126], [85.1197919, 25.5950921], [85.1196955, 25.5950293], [85.1196859, 25.5950442], [85.1195844, 25.5952281], [85.1195282, 25.595339], [85.1194746, 25.5954447], [85.1194278, 25.5955372], [85.119365, 25.5956611], [85.1193284, 25.5957334], [85.1192506, 25.595887], [85.1192364, 25.595915], [85.1192053, 25.5959763], [85.1191622, 25.5960614], [85.1191476, 25.5960902], [85.1193635, 25.5961685], [85.1193618, 25.5961728], [85.119342, 25.5962244], [85.11931, 25.5962154], [85.1193098, 25.5962154], [85.1192956, 25.5962698], [85.1192774, 25.5963235], [85.1191675, 25.5966139], [85.1191815, 25.5966186], [85.1191686, 25.5966489], [85.1191478, 25.5966973], [85.1191129, 25.5967789], [85.1191093, 25.5967873], [85.1191021, 25.5968042], [85.1192611, 25.5968688], [85.1193297, 25.5968967], [85.1194004, 25.5969213], [85.1195217, 25.5969636], [85.1197238, 25.597034], [85.1207754, 25.5974121], [85.1208927, 25.5974541], [85.1222561, 25.5979415], [85.1229803, 25.5981897], [85.1233405, 25.5983124], [85.1235702, 25.5984004], [85.1238539, 25.5985091], [85.1238659, 25.5984844], [85.1238994, 25.5984149], [85.1239153, 25.5983819], [85.1239155, 25.598382], [85.1240834, 25.5984417], [85.1241104, 25.5984513], [85.1241752, 25.5984744], [85.124194, 25.5984811], [85.1242167, 25.5984892], [85.1242175, 25.5984894], [85.1242394, 25.5984973], [85.1242815, 25.5985122], [85.1244156, 25.59856], [85.1244362, 25.5985673], [85.1246581, 25.5986462], [85.1247034, 25.5986623], [85.1248824, 25.5987259], [85.1249591, 25.5987531], [85.1252313, 25.5988499], [85.1256578, 25.5990014], [85.1259629, 25.5991098], [85.1260036, 25.5991244], [85.1260065, 25.5991254], [85.1270226, 25.5994883], [85.1277364, 25.5997454], [85.1298742, 25.6005153], [85.1302106, 25.6006365], [85.1310952, 25.6009555], [85.1318051, 25.6012115], [85.132401, 25.6014237], [85.1329213, 25.6016732], [85.1332624, 25.6018367], [85.1335056, 25.6019534], [85.1335508, 25.601963], [85.1335813, 25.6019695], [85.1336926, 25.6017219], [85.133757, 25.6015705], [85.1337606, 25.601562], [85.1337713, 25.6015369], [85.1337749, 25.6015284], [85.133911, 25.6012085], [85.133931, 25.6011613], [85.1339582, 25.6010974], [85.1339497, 25.6010957], [85.1339049, 25.6010866], [85.1338964, 25.6010849], [85.1338742, 25.601015], [85.1338618, 25.6009758], [85.1338345, 25.6008899], [85.1338019, 25.6007873], [85.1337294, 25.6005807], [85.1337057, 25.6005106], [85.1335434, 25.5999004], [85.1335413, 25.5998933], [85.1334603, 25.5996253], [85.1333893, 25.5994695], [85.1334146, 25.5994378], [85.1334168, 25.5994285], [85.1334188, 25.5994191], [85.1334206, 25.5994097], [85.1334221, 25.5994003], [85.1334234, 25.5993908], [85.1334244, 25.5993813], [85.1334252, 25.5993718], [85.1334254, 25.5993698], [85.1334258, 25.5993623], [85.133426, 25.5993567], [85.1334262, 25.5993527], [85.1334263, 25.5993432], [85.1334261, 25.5993337], [85.1334258, 25.5993241], [85.1334241, 25.5992843], [85.1334073, 25.5991683], [85.1333863, 25.5990994], [85.1333847, 25.5990941], [85.1333158, 25.5988671], [85.133256, 25.5986703], [85.1332565, 25.5986376], [85.1332801, 25.5985897], [85.1332839, 25.5985722], [85.1332842, 25.5985498], [85.1332869, 25.5985248], [85.1332853, 25.5984973], [85.1332187, 25.5982311], [85.1331999, 25.5981564], [85.1331577, 25.5980226], [85.1331528, 25.5980069], [85.132949, 25.5973616], [85.132866, 25.5970985], [85.1328168, 25.5969263], [85.1327142, 25.5965667], [85.13267, 25.596412], [85.1326136, 25.5962145], [85.1325673, 25.5960523], [85.1325186, 25.5958817], [85.1325166, 25.5958746], [85.1324573, 25.5956671], [85.1324237, 25.5956714], [85.1322263, 25.5956969]]]}}, {"type": "Feature", "properties": {"ward": "20", "ward_title": "Ward 20", "area": "Punaichak / Rajvanshi Nagar", "short_area": "Punaichak / Rajvanshi", "ac_no": "181", "ac_name": "Digha", "ac_booths": 17, "ac_booth_range": "308-326", "ac_voters": 15700, "total_ward_booths": "17", "total_ward_voters": "21,543", "center_lat": 25.608682299999998, "center_lon": 85.11196618378307, "label_lat": 25.608682299999998, "label_lon": 85.11196618378307, "has_leader": false, "leader_line": null, "color": "#10b981", "color_dark": "#047857"}, "geometry": {"type": "Polygon", "coordinates": [[[85.1133264, 25.6116231], [85.1133538, 25.6116242], [85.113387, 25.6116169], [85.1134153, 25.6115794], [85.1135336, 25.6114054], [85.1135725, 25.6113481], [85.1136377, 25.6112521], [85.1139024, 25.610894], [85.1140333, 25.6107169], [85.1140716, 25.6106669], [85.114295, 25.6103756], [85.1143637, 25.6102846], [85.1144672, 25.6101477], [85.1146683, 25.6098766], [85.114842, 25.6096426], [85.114914, 25.6095449], [85.1150252, 25.6093938], [85.1151406, 25.6092373], [85.1152153, 25.6091359], [85.1153644, 25.608939], [85.1154587, 25.6088144], [85.1155177, 25.6087365], [85.115654, 25.6085512], [85.1157367, 25.6084387], [85.1159212, 25.6081879], [85.1160404, 25.6080258], [85.11605, 25.6080115], [85.1161523, 25.6078596], [85.1162166, 25.6077641], [85.1162406, 25.6077286], [85.1163815, 25.6075193], [85.1166622, 25.6071095], [85.116775, 25.606945], [85.1167759, 25.6069437], [85.1167648, 25.6069385], [85.116695, 25.6069062], [85.1165529, 25.6068278], [85.1163486, 25.606715], [85.1163349, 25.6067074], [85.1163117, 25.6066946], [85.1151408, 25.6060211], [85.1150525, 25.6059687], [85.1149349, 25.6058989], [85.1148944, 25.6058749], [85.1148299, 25.6058333], [85.1147854, 25.6058045], [85.1146483, 25.6057222], [85.1144347, 25.605594], [85.1141067, 25.6053966], [85.1140864, 25.6053844], [85.1138596, 25.6052492], [85.1137151, 25.6051631], [85.1133458, 25.6049398], [85.1132871, 25.6049042], [85.1132284, 25.6048687], [85.1132284, 25.6048686], [85.1129118, 25.6046767], [85.1125804, 25.6044778], [85.1125803, 25.6044777], [85.1125802, 25.6044777], [85.1124406, 25.6043902], [85.1124404, 25.6043902], [85.1124404, 25.6043901], [85.1124403, 25.6043901], [85.1123591, 25.6043423], [85.1123586, 25.6043421], [85.1121713, 25.604232], [85.1121712, 25.6042319], [85.1121711, 25.6042318], [85.1120683, 25.6041686], [85.1119301, 25.6040835], [85.1117153, 25.6039543], [85.1117152, 25.6039542], [85.1117151, 25.6039542], [85.111715, 25.6039541], [85.1117149, 25.603954], [85.1117147, 25.603954], [85.1116565, 25.6039229], [85.1116033, 25.6038945], [85.1116032, 25.6038944], [85.1116031, 25.6038944], [85.111603, 25.6038943], [85.1115258, 25.6038556], [85.1114989, 25.6038422], [85.1114989, 25.6038421], [85.1114988, 25.6038421], [85.1114986, 25.603842], [85.1114985, 25.603842], [85.1114984, 25.6038419], [85.1114983, 25.6038419], [85.1114981, 25.6038418], [85.1113885, 25.6037955], [85.1113884, 25.6037955], [85.1113883, 25.6037954], [85.1113882, 25.6037954], [85.1113881, 25.6037954], [85.111388, 25.6037953], [85.1113879, 25.6037953], [85.1113227, 25.6037712], [85.1113225, 25.6037712], [85.1113224, 25.6037711], [85.1113223, 25.6037711], [85.1113222, 25.603771], [85.1113221, 25.603771], [85.111322, 25.603771], [85.1113219, 25.6037709], [85.1113218, 25.6037709], [85.1113217, 25.6037709], [85.1113216, 25.6037709], [85.1113215, 25.6037708], [85.1112295, 25.603745], [85.1112294, 25.603745], [85.1112293, 25.603745], [85.1112292, 25.603745], [85.1112291, 25.6037449], [85.111229, 25.6037449], [85.1112289, 25.6037449], [85.1112288, 25.6037449], [85.1112287, 25.6037448], [85.1112286, 25.6037448], [85.1112285, 25.6037448], [85.1112284, 25.6037448], [85.1112283, 25.6037448], [85.1112282, 25.6037448], [85.1111358, 25.6037265], [85.1111357, 25.6037264], [85.1111356, 25.6037264], [85.1111355, 25.6037264], [85.1111354, 25.6037264], [85.1111352, 25.6037263], [85.1110683, 25.603716], [85.1110682, 25.603716], [85.1109764, 25.6037031], [85.1109762, 25.6037031], [85.1109761, 25.6037031], [85.110976, 25.6037031], [85.1109758, 25.6037031], [85.1109757, 25.6037031], [85.1109756, 25.603703], [85.1109754, 25.603703], [85.1109753, 25.603703], [85.1109751, 25.603703], [85.110975, 25.603703], [85.1109749, 25.603703], [85.1109748, 25.603703], [85.1109747, 25.603703], [85.1108782, 25.6036994], [85.110878, 25.6036994], [85.1108779, 25.6036994], [85.1108778, 25.6036994], [85.1108777, 25.6036994], [85.1108776, 25.6036994], [85.1108775, 25.6036994], [85.1108774, 25.6036994], [85.1108773, 25.6036994], [85.1107792, 25.6037013], [85.1107791, 25.6037013], [85.110779, 25.6037013], [85.1107789, 25.6037013], [85.1106566, 25.6037048], [85.1106591, 25.6037449], [85.1106591, 25.6037454], [85.1106695, 25.6039138], [85.1106923, 25.6042848], [85.1106925, 25.6042874], [85.1106948, 25.6043244], [85.1107129, 25.6047163], [85.1107139, 25.6047383], [85.1107139, 25.6047411], [85.1107142, 25.604895], [85.1107143, 25.604907], [85.11071, 25.6049274], [85.1107068, 25.6049423], [85.1106743, 25.6049828], [85.1106187, 25.6050577], [85.1102976, 25.6058993], [85.1102884, 25.6059233], [85.1102872, 25.6059266], [85.1102844, 25.605934], [85.1102834, 25.6059366], [85.1100142, 25.6059209], [85.1097839, 25.6059075], [85.1097717, 25.6059067], [85.1097038, 25.6058925], [85.1096951, 25.6059841], [85.1096957, 25.6059962], [85.1096964, 25.6060091], [85.1097221, 25.6064904], [85.1097372, 25.6066213], [85.1097475, 25.6067109], [85.1097698, 25.6069045], [85.1098314, 25.6072158], [85.1098317, 25.6072322], [85.1099147, 25.6072988], [85.1099901, 25.6077589], [85.1100052, 25.6078445], [85.1100264, 25.6079646], [85.1100354, 25.6080159], [85.1100439, 25.6080642], [85.1100726, 25.608227], [85.1100736, 25.6082324], [85.1100775, 25.6082548], [85.1096956, 25.6083507], [85.1095111, 25.608397], [85.1092952, 25.6084512], [85.1090763, 25.6085062], [85.1088798, 25.6085555], [85.108812, 25.6085725], [85.1086733, 25.6086073], [85.1085928, 25.6086276], [85.1084604, 25.6086608], [85.1082892, 25.6087038], [85.108038, 25.6087757], [85.1079184, 25.6088099], [85.1078342, 25.6088306], [85.107791, 25.6088413], [85.1075992, 25.6088885], [85.1075915, 25.6088907], [85.1073565, 25.6089576], [85.1073158, 25.6089706], [85.1073116, 25.608972], [85.1071777, 25.609015], [85.106996, 25.609081], [85.1069206, 25.6091084], [85.1068468, 25.6091352], [85.1066961, 25.6091918], [85.106685, 25.609196], [85.1065979, 25.6092287], [85.1063935, 25.6093019], [85.106214, 25.609359], [85.1060158, 25.6094105], [85.1060137, 25.6094111], [85.1057588, 25.6094772], [85.1056843, 25.6094932], [85.1054457, 25.6095443], [85.1052623, 25.6095863], [85.1052054, 25.609597], [85.1049613, 25.6096429], [85.1045307, 25.6097245], [85.1044605, 25.6097407], [85.1042864, 25.6097809], [85.1037502, 25.609896], [85.103756, 25.6099201], [85.1037661, 25.6099613], [85.1037744, 25.6099946], [85.1038254, 25.610198], [85.1038987, 25.6104685], [85.1039395, 25.6106226], [85.1039656, 25.6107211], [85.1040029, 25.6108553], [85.104003, 25.6108558], [85.1040282, 25.6109462], [85.104062, 25.6110628], [85.1040758, 25.6111103], [85.104081, 25.6111282], [85.1041468, 25.6113984], [85.1041592, 25.6114474], [85.1041959, 25.611592], [85.1042267, 25.6117131], [85.1042482, 25.6118011], [85.1042904, 25.6119744], [85.104322, 25.6121043], [85.104343, 25.6121835], [85.1043819, 25.61233], [85.1043878, 25.6123524], [85.1044341, 25.6125392], [85.1044828, 25.6127354], [85.1044849, 25.6127436], [85.104489, 25.6127428], [85.1044953, 25.6127415], [85.1044984, 25.6127409], [85.1045017, 25.612754], [85.1045119, 25.6127951], [85.1045948, 25.613129], [85.1046505, 25.6133428], [85.1046588, 25.6133747], [85.1046732, 25.6134325], [85.1047167, 25.6136066], [85.1047316, 25.6136619], [85.10499, 25.6136046], [85.1053971, 25.6135142], [85.1054137, 25.6135103], [85.1057344, 25.6134354], [85.105762, 25.6134303], [85.1059303, 25.6133993], [85.1059385, 25.6133976], [85.1059465, 25.6133953], [85.1059544, 25.6133925], [85.105962, 25.6133893], [85.1059694, 25.6133856], [85.1059765, 25.6133814], [85.1059832, 25.6133768], [85.1059896, 25.6133719], [85.1059927, 25.6133692], [85.1059956, 25.6133665], [85.1059969, 25.6133653], [85.1060012, 25.6133608], [85.1060039, 25.6133578], [85.1060088, 25.6133516], [85.1060132, 25.6133451], [85.1060153, 25.6133417], [85.106019, 25.6133349], [85.1060221, 25.6133278], [85.1060238, 25.6133198], [85.1060546, 25.6131743], [85.1060556, 25.6131704], [85.1060582, 25.6131626], [85.1060597, 25.6131587], [85.1060632, 25.6131512], [85.1060651, 25.6131475], [85.1060694, 25.6131404], [85.1060743, 25.6131335], [85.1060796, 25.6131269], [85.1060825, 25.6131238], [85.1060842, 25.613122], [85.1060855, 25.6131207], [85.1060918, 25.6131149], [85.1060985, 25.6131095], [85.106102, 25.6131069], [85.1061056, 25.6131045], [85.1061131, 25.6131], [85.1061169, 25.6130979], [85.1061249, 25.6130941], [85.1061289, 25.6130924], [85.106129, 25.6130923], [85.1061373, 25.6130893], [85.1061851, 25.612896], [85.1062665, 25.6125662], [85.1062686, 25.6125563], [85.1062724, 25.6125375], [85.1062836, 25.6124973], [85.106284, 25.6124964], [85.1062845, 25.6124937], [85.1062846, 25.6124932], [85.1062928, 25.6123499], [85.1062959, 25.6122968], [85.1063308, 25.6122962], [85.1065209, 25.6122955], [85.1066571, 25.6122951], [85.1066583, 25.6122951], [85.1067722, 25.6122838], [85.1068675, 25.6122707], [85.1071458, 25.6122323], [85.1072906, 25.6121986], [85.1073213, 25.6122082], [85.1076724, 25.6121277], [85.1077593, 25.6121077], [85.1078917, 25.6120774], [85.1079423, 25.6120658], [85.1079493, 25.6120628], [85.107987, 25.6120519], [85.1080892, 25.6120223], [85.1081863, 25.6119973], [85.1082989, 25.6119684], [85.1083414, 25.6119574], [85.1085706, 25.6119143], [85.1085725, 25.6119141], [85.1087527, 25.6118913], [85.1087821, 25.6118876], [85.1089148, 25.6118592], [85.1090427, 25.6118319], [85.1090623, 25.6118274], [85.1092729, 25.611779], [85.1095637, 25.6117107], [85.1096008, 25.6117024], [85.1097417, 25.6116708], [85.1097647, 25.6116656], [85.1099209, 25.6116371], [85.1100349, 25.6116162], [85.1101984, 25.6115837], [85.1103838, 25.6115468], [85.1103892, 25.6115457], [85.110468, 25.6115158], [85.1107297, 25.6114195], [85.1107128, 25.6113642], [85.1107056, 25.6113352], [85.110704, 25.6113287], [85.1107039, 25.6113283], [85.1107037, 25.6113278], [85.1107036, 25.6113274], [85.1106988, 25.6113114], [85.1108968, 25.6112625], [85.1109083, 25.6112596], [85.1109113, 25.6112597], [85.1109145, 25.6112599], [85.1109915, 25.6112428], [85.1110321, 25.6112308], [85.11109, 25.6112138], [85.1111044, 25.6112095], [85.1111189, 25.6112053], [85.1111847, 25.6111894], [85.1113164, 25.6111578], [85.1113752, 25.6111501], [85.1114561, 25.6111395], [85.1115231, 25.6111311], [85.1115345, 25.6111324], [85.1116341, 25.611143], [85.1116751, 25.6111524], [85.1117291, 25.6111649], [85.1117756, 25.6111757], [85.111811, 25.6111839], [85.1119247, 25.6112305], [85.1119828, 25.6112654], [85.1119976, 25.6112765], [85.1120004, 25.6112787], [85.1120242, 25.6112966], [85.1120376, 25.6113066], [85.1121165, 25.6113406], [85.112133, 25.6113447], [85.112195, 25.6113605], [85.112227, 25.6113687], [85.1122675, 25.6113791], [85.1122763, 25.6113826], [85.112286, 25.6113865], [85.1123488, 25.6114113], [85.1123732, 25.6114209], [85.1123783, 25.6114229], [85.1124947, 25.6114712], [85.1125047, 25.6114753], [85.1125879, 25.6115098], [85.1126234, 25.6115245], [85.1127202, 25.6115653], [85.1127383, 25.611573], [85.1127773, 25.6115842], [85.1128071, 25.6115914], [85.1128248, 25.6115909], [85.1128395, 25.6115892], [85.1128455, 25.6115857], [85.1128557, 25.6115796], [85.112946, 25.6115375], [85.1129636, 25.6115327], [85.1130214, 25.6115168], [85.113083, 25.6115153], [85.1131298, 25.6115205], [85.1131454, 25.6115241], [85.1131536, 25.611526], [85.1131879, 25.6115339], [85.1132184, 25.6115482], [85.1132361, 25.6115639], [85.1132425, 25.6115887], [85.1132425, 25.6115926], [85.1132426, 25.6116096], [85.113299, 25.6116219], [85.1133264, 25.6116231]]]}}, {"type": "Feature", "properties": {"ward": "21", "ward_title": "Ward 21", "area": "A. N. College / Boring Road", "short_area": "A. N. College", "ac_no": "181", "ac_name": "Digha", "ac_booths": 22, "ac_booth_range": "327-348", "ac_voters": 21150, "total_ward_booths": "37", "total_ward_voters": "17,278", "center_lat": 25.609969749999998, "center_lon": 85.12847364144363, "label_lat": 25.61016282230347, "label_lon": 85.12847364144363, "has_leader": false, "leader_line": null, "color": "#10b981", "color_dark": "#047857"}, "geometry": {"type": "Polygon", "coordinates": [[[85.1128025, 25.6172925], [85.112932, 25.6171936], [85.1133507, 25.6168735], [85.1135007, 25.6167571], [85.1135705, 25.616703], [85.1139666, 25.6163957], [85.1140531, 25.6163286], [85.1144018, 25.6160631], [85.1145931, 25.6159174], [85.1145946, 25.6159162], [85.1147004, 25.6158355], [85.1149012, 25.6156822], [85.1149556, 25.6156407], [85.1149719, 25.6156282], [85.1150562, 25.6155639], [85.1151711, 25.6154761], [85.1154569, 25.615254], [85.1157652, 25.6150143], [85.1159414, 25.6148816], [85.1162717, 25.6146328], [85.1163148, 25.6145994], [85.1166469, 25.6143427], [85.1167854, 25.6142357], [85.1169158, 25.6141354], [85.1171164, 25.6139812], [85.1171212, 25.6139774], [85.1173043, 25.6138367], [85.1173619, 25.6137924], [85.1175804, 25.6136329], [85.1177495, 25.6135095], [85.1181503, 25.6132027], [85.1183909, 25.6130186], [85.118391, 25.6130186], [85.1184937, 25.61294], [85.1187414, 25.6127482], [85.1187675, 25.612728], [85.1187753, 25.612722], [85.1187785, 25.6127195], [85.1188074, 25.6126971], [85.1189244, 25.6126066], [85.1189758, 25.6125667], [85.1190702, 25.6124937], [85.1194721, 25.6121796], [85.119667, 25.6120313], [85.1199577, 25.6118103], [85.1200846, 25.6117149], [85.1205061, 25.6113979], [85.1205087, 25.611396], [85.120711, 25.6112418], [85.1208441, 25.6111403], [85.121081, 25.6109687], [85.1213979, 25.6107391], [85.122103, 25.6101958], [85.1226481, 25.6097762], [85.1227056, 25.6097399], [85.1227666, 25.6097088], [85.1228307, 25.6096832], [85.1228973, 25.6096634], [85.1229466, 25.6096535], [85.1230122, 25.6096403], [85.1234205, 25.6098067], [85.1244566, 25.6102289], [85.1245536, 25.610273], [85.1246169, 25.6103017], [85.1247803, 25.6103684], [85.1249467, 25.6104289], [85.1251156, 25.6104832], [85.1252869, 25.6105311], [85.1254082, 25.6105602], [85.1254257, 25.6105643], [85.1254602, 25.6105726], [85.1254962, 25.6105798], [85.1256352, 25.6106076], [85.1258117, 25.610636], [85.1259893, 25.6106578], [85.1265814, 25.6107096], [85.126629, 25.6107138], [85.1268898, 25.6107371], [85.1272318, 25.6107676], [85.1272812, 25.610772], [85.1274546, 25.6107874], [85.1275561, 25.6107968], [85.127883, 25.6108268], [85.1288508, 25.6109226], [85.1290377, 25.6109411], [85.1297501, 25.6109886], [85.1297815, 25.610991], [85.1298128, 25.6109951], [85.1298437, 25.6110008], [85.1298743, 25.6110081], [85.1299043, 25.611017], [85.1299337, 25.6110274], [85.1299624, 25.6110393], [85.1299795, 25.6110475], [85.1299904, 25.6110527], [85.1300174, 25.6110676], [85.1300434, 25.6110838], [85.1300684, 25.6111013], [85.1300922, 25.6111201], [85.1301337, 25.611158], [85.1301617, 25.6111823], [85.1301931, 25.6112026], [85.1302214, 25.6112116], [85.1302236, 25.6112121], [85.1302472, 25.6112174], [85.1302888, 25.6112195], [85.1303267, 25.6112124], [85.1303805, 25.6111852], [85.1304569, 25.6111373], [85.130483, 25.6111188], [85.131193, 25.6110268], [85.1311945, 25.6110266], [85.1313526, 25.6110128], [85.1313661, 25.6110104], [85.1318023, 25.6109359], [85.1321608, 25.6108674], [85.1327144, 25.6107615], [85.1328804, 25.6107297], [85.1328806, 25.6107296], [85.1328809, 25.6107296], [85.1328812, 25.6107295], [85.1328815, 25.6107295], [85.1328818, 25.6107294], [85.132882, 25.6107294], [85.1328823, 25.6107293], [85.1328826, 25.6107292], [85.1328829, 25.6107292], [85.1328831, 25.6107291], [85.1328834, 25.610729], [85.1328837, 25.610729], [85.1331674, 25.6106604], [85.1332019, 25.610654], [85.1332701, 25.6106414], [85.1332546, 25.6105911], [85.1332431, 25.6105542], [85.1331849, 25.6104679], [85.1331692, 25.6104378], [85.1331682, 25.6104307], [85.1331629, 25.6103945], [85.1331604, 25.6103779], [85.133143, 25.6102458], [85.1331319, 25.6101239], [85.133125, 25.6100048], [85.1331283, 25.6099347], [85.1331379, 25.6098824], [85.1331623, 25.609797], [85.1332242, 25.6096734], [85.1333228, 25.6095472], [85.1335076, 25.6093653], [85.1335504, 25.6093064], [85.1335604, 25.6092926], [85.1336212, 25.6091986], [85.1336461, 25.6091407], [85.1336829, 25.6090552], [85.1337003, 25.6089946], [85.133714, 25.6089284], [85.1337176, 25.608911], [85.1337268, 25.6088663], [85.1337694, 25.6085239], [85.1338229, 25.6081803], [85.1338444, 25.6079438], [85.1338444, 25.6078586], [85.1338445, 25.6078024], [85.1338445, 25.6077642], [85.1338096, 25.607468], [85.1337306, 25.6068369], [85.133666, 25.6065354], [85.133653, 25.6064744], [85.1336021, 25.6062367], [85.1335738, 25.6061045], [85.1335453, 25.6059758], [85.1334774, 25.6058227], [85.133454, 25.6057675], [85.1333233, 25.6054584], [85.1332076, 25.6052084], [85.1330372, 25.6048402], [85.1329296, 25.6046104], [85.1328191, 25.6043449], [85.1328085, 25.6043181], [85.132799, 25.6042909], [85.1327904, 25.6042635], [85.132783, 25.6042359], [85.1327765, 25.604208], [85.1327712, 25.60418], [85.1327669, 25.6041518], [85.1327637, 25.6041234], [85.1327615, 25.604095], [85.1327604, 25.6040666], [85.1327604, 25.6040381], [85.1327615, 25.6040096], [85.1327637, 25.6039812], [85.1327669, 25.6039529], [85.1327712, 25.6039247], [85.1327766, 25.6038967], [85.132783, 25.6038688], [85.1327905, 25.6038412], [85.132799, 25.6038138], [85.1328086, 25.6037866], [85.1328192, 25.6037598], [85.1328308, 25.6037334], [85.1330221, 25.6033465], [85.1332341, 25.6029178], [85.1332614, 25.6027748], [85.1332928, 25.602611], [85.1334256, 25.6023156], [85.1334445, 25.6022737], [85.1335813, 25.6019695], [85.1335508, 25.601963], [85.1335056, 25.6019534], [85.1332624, 25.6018367], [85.1329213, 25.6016732], [85.132401, 25.6014237], [85.1318051, 25.6012115], [85.1310952, 25.6009555], [85.1302106, 25.6006365], [85.1298742, 25.6005153], [85.1277364, 25.5997454], [85.1270226, 25.5994883], [85.1260065, 25.5991254], [85.1260036, 25.5991244], [85.126002, 25.5991364], [85.1259413, 25.599521], [85.1256493, 25.5995715], [85.1255221, 25.5995899], [85.125522, 25.5995899], [85.1255205, 25.599594], [85.1255183, 25.599597], [85.1255132, 25.599604], [85.1255124, 25.5996051], [85.1255014, 25.599614], [85.1254883, 25.5996201], [85.1254739, 25.5996229], [85.1254737, 25.5996229], [85.1254592, 25.5996224], [85.1254471, 25.599619], [85.125447, 25.599619], [85.1250584, 25.5996804], [85.124639, 25.5997528], [85.1244182, 25.599797], [85.1244107, 25.5997985], [85.1241663, 25.5998475], [85.1238505, 25.5999314], [85.1235391, 25.6000316], [85.12279, 25.6003172], [85.1226843, 25.6003649], [85.1225795, 25.6004141], [85.1224756, 25.6004648], [85.1223726, 25.6005171], [85.1222705, 25.6005709], [85.1221695, 25.6006262], [85.1220694, 25.600683], [85.1219704, 25.6007413], [85.1218545, 25.6008028], [85.1217406, 25.6008673], [85.1216289, 25.6009348], [85.1215194, 25.6010053], [85.1214122, 25.6010786], [85.1213075, 25.6011547], [85.1212052, 25.6012336], [85.1211055, 25.6013151], [85.1210084, 25.6013993], [85.1209142, 25.6014859], [85.1208227, 25.6015751], [85.1207342, 25.6016666], [85.1207234, 25.6016761], [85.1206714, 25.6017197], [85.1206203, 25.6017643], [85.1205777, 25.6018029], [85.1205703, 25.6018097], [85.1205212, 25.6018561], [85.1204731, 25.6019033], [85.1204261, 25.6019513], [85.1203802, 25.6020002], [85.1203483, 25.6020355], [85.1203353, 25.6020499], [85.1202915, 25.6021004], [85.1202488, 25.6021517], [85.1199232, 25.6025772], [85.1197447, 25.6028104], [85.1194967, 25.6031825], [85.1193808, 25.6033564], [85.1189292, 25.6039886], [85.1185258, 25.6045685], [85.1183735, 25.6047842], [85.1183659, 25.6047949], [85.1181583, 25.6050891], [85.118152, 25.605098], [85.1180133, 25.6052875], [85.1176599, 25.6057704], [85.1168989, 25.6068941], [85.1167759, 25.6069437], [85.116775, 25.606945], [85.1166622, 25.6071095], [85.1163815, 25.6075193], [85.1162406, 25.6077286], [85.1162166, 25.6077641], [85.1161523, 25.6078596], [85.11605, 25.6080115], [85.1160404, 25.6080258], [85.1159212, 25.6081879], [85.1157367, 25.6084387], [85.115654, 25.6085512], [85.1155177, 25.6087365], [85.1154587, 25.6088144], [85.1153644, 25.608939], [85.1152153, 25.6091359], [85.1151406, 25.6092373], [85.1150252, 25.6093938], [85.114914, 25.6095449], [85.114842, 25.6096426], [85.1146683, 25.6098766], [85.1144672, 25.6101477], [85.1143637, 25.6102846], [85.114295, 25.6103756], [85.1140716, 25.6106669], [85.1140333, 25.6107169], [85.1139024, 25.610894], [85.1136377, 25.6112521], [85.1135725, 25.6113481], [85.1135336, 25.6114054], [85.1134153, 25.6115794], [85.113387, 25.6116169], [85.1133538, 25.6116242], [85.1133264, 25.6116231], [85.113299, 25.6116219], [85.1132426, 25.6116096], [85.1132338, 25.6117044], [85.1132216, 25.6117865], [85.1132178, 25.6118442], [85.1132011, 25.611874], [85.1131692, 25.6119311], [85.1130383, 25.612165], [85.1128483, 25.6125042], [85.1128323, 25.6125338], [85.1128232, 25.6125392], [85.1128137, 25.6125411], [85.1127755, 25.61254], [85.1127393, 25.6125391], [85.1125915, 25.6127222], [85.1124528, 25.61287], [85.1124516, 25.6128717], [85.1123577, 25.6130038], [85.1122423, 25.6131726], [85.1120937, 25.6134005], [85.1120908, 25.6134045], [85.1120473, 25.6134661], [85.1119264, 25.613637], [85.1118019, 25.6138235], [85.111706, 25.6139672], [85.111587, 25.6141313], [85.111548, 25.6141852], [85.1114385, 25.61436], [85.1112761, 25.614592], [85.1110309, 25.6149724], [85.1109096, 25.6151408], [85.110871, 25.6151942], [85.1107839, 25.615314], [85.1107604, 25.6153493], [85.1105952, 25.6155976], [85.1105278, 25.6156787], [85.1104451, 25.6157781], [85.1104142, 25.6158231], [85.1103863, 25.6158638], [85.1103175, 25.6159853], [85.1100798, 25.6163369], [85.1099493, 25.6165296], [85.1099101, 25.6165821], [85.1098577, 25.6166522], [85.1098542, 25.6166569], [85.1097798, 25.6167565], [85.1096814, 25.6169056], [85.1096117, 25.6170174], [85.1096055, 25.6170268], [85.1095927, 25.6170465], [85.1095378, 25.6171304], [85.1093655, 25.6173785], [85.1093023, 25.6174696], [85.1092684, 25.6175218], [85.1091281, 25.6177379], [85.1090458, 25.6178547], [85.1090293, 25.6178781], [85.1089434, 25.618], [85.108887, 25.6180801], [85.1086787, 25.6183616], [85.1085527, 25.618533], [85.1085493, 25.6185376], [85.1084026, 25.6187373], [85.1083934, 25.6187504], [85.1083436, 25.6188211], [85.1081815, 25.6190513], [85.1081643, 25.6190753], [85.1080686, 25.6192089], [85.1080643, 25.6192149], [85.1080622, 25.6192179], [85.1080287, 25.6192647], [85.10796, 25.6193679], [85.1078458, 25.6195396], [85.1077997, 25.6195919], [85.1077468, 25.6196521], [85.1077385, 25.6196615], [85.1076123, 25.6197451], [85.107651, 25.6198179], [85.1076761, 25.6198651], [85.1076862, 25.6198841], [85.1076934, 25.6198977], [85.1076937, 25.6198981], [85.1076939, 25.6198985], [85.107694, 25.619899], [85.1076942, 25.6198994], [85.1076944, 25.6198999], [85.1076945, 25.6199003], [85.1076946, 25.6199008], [85.1076947, 25.6199013], [85.1076948, 25.6199017], [85.1076948, 25.6199022], [85.1076949, 25.6199027], [85.1076949, 25.6199032], [85.1076949, 25.6199036], [85.1076949, 25.6199041], [85.1076949, 25.6199046], [85.1076948, 25.619905], [85.1076948, 25.6199055], [85.1076947, 25.619906], [85.1076946, 25.6199064], [85.1076945, 25.6199069], [85.1076943, 25.6199074], [85.1076942, 25.6199078], [85.107694, 25.6199083], [85.1076938, 25.6199087], [85.1076936, 25.6199091], [85.1076934, 25.6199096], [85.1076931, 25.61991], [85.1076929, 25.6199104], [85.1076926, 25.6199108], [85.1076923, 25.6199112], [85.1074822, 25.6201906], [85.1074737, 25.6202018], [85.1074723, 25.6202038], [85.1074594, 25.6202209], [85.1074831, 25.6202369], [85.1075134, 25.6202574], [85.1075302, 25.6202688], [85.1075385, 25.6202744], [85.1075588, 25.6202532], [85.1076066, 25.6202864], [85.1077606, 25.6203936], [85.1078741, 25.6205705], [85.1079385, 25.6206915], [85.1079923, 25.6207773], [85.1080526, 25.6208081], [85.1080968, 25.6208087], [85.1080971, 25.6208086], [85.1081993, 25.620783], [85.1082159, 25.6207699], [85.108309, 25.6206971], [85.1084097, 25.6206183], [85.1084137, 25.6206181], [85.1084178, 25.6206179], [85.1084218, 25.6206175], [85.1084258, 25.620617], [85.1084298, 25.6206164], [85.1084337, 25.6206157], [85.1084377, 25.6206148], [85.1084416, 25.6206138], [85.1084454, 25.6206127], [85.1084492, 25.6206115], [85.108453, 25.6206102], [85.1084567, 25.6206087], [85.1084604, 25.6206072], [85.108464, 25.6206055], [85.1084675, 25.6206037], [85.1084709, 25.6206018], [85.1084743, 25.6205998], [85.1084776, 25.6205977], [85.1084809, 25.6205955], [85.108484, 25.6205932], [85.108487, 25.6205908], [85.10849, 25.6205883], [85.1084929, 25.6205857], [85.1084956, 25.620583], [85.1084983, 25.6205802], [85.1085009, 25.6205774], [85.1086994, 25.6204247], [85.1088465, 25.6203116], [85.108958, 25.6202265], [85.1092138, 25.6200312], [85.1092512, 25.6200024], [85.1095902, 25.6197411], [85.1097354, 25.6196292], [85.109773, 25.6196002], [85.1099, 25.6195028], [85.1099073, 25.6194971], [85.1101193, 25.6193346], [85.1102062, 25.6192678], [85.1106779, 25.6189109], [85.1109491, 25.6187097], [85.1111351, 25.6185717], [85.1113189, 25.6184354], [85.1115197, 25.6182864], [85.1115646, 25.6182512], [85.1116353, 25.6181957], [85.1120929, 25.6178369], [85.112144, 25.6177976], [85.1124328, 25.6175759], [85.1124431, 25.6175679], [85.1125512, 25.6174849], [85.1126107, 25.6174392], [85.1126379, 25.6174183], [85.1128025, 25.6172925]]]}}, {"type": "Feature", "properties": {"ward": "22", "ward_title": "Ward 22", "area": "Rajapur / Boring Road / North S.K Puri", "short_area": "Rajapur / Boring Road", "ac_no": "181", "ac_name": "Digha", "ac_booths": 22, "ac_booth_range": "229-277", "ac_voters": 21543, "total_ward_booths": "41", "total_ward_voters": "23,497", "center_lat": 25.6231832, "center_lon": 85.11645963552562, "label_lat": 25.6231832, "label_lon": 85.11645963552562, "has_leader": false, "leader_line": null, "color": "#10b981", "color_dark": "#047857"}, "geometry": {"type": "Polygon", "coordinates": [[[85.1260309, 25.6260788], [85.1260146, 25.626048], [85.1260026, 25.6260216], [85.1260025, 25.625992], [85.1260004, 25.6259643], [85.1259872, 25.6259349], [85.1259518, 25.6258762], [85.1259078, 25.6258007], [85.1258948, 25.6257873], [85.125874, 25.6257722], [85.1258552, 25.6257488], [85.1258387, 25.6257205], [85.1257972, 25.62565], [85.1257729, 25.6256184], [85.1257526, 25.6255901], [85.1256956, 25.6254674], [85.1256507, 25.6253548], [85.1256366, 25.6253167], [85.1256258, 25.6252341], [85.1256265, 25.6251893], [85.125617, 25.6251363], [85.1256129, 25.6250546], [85.1256129, 25.6250173], [85.1256066, 25.6249921], [85.1255966, 25.624975], [85.1255716, 25.6249376], [85.1255518, 25.6249099], [85.1255221, 25.6249009], [85.1254952, 25.6248875], [85.1254784, 25.6248734], [85.1254222, 25.6247987], [85.125395, 25.6247755], [85.1253672, 25.6247574], [85.1253541, 25.6247482], [85.1253114, 25.6247421], [85.1252777, 25.6247361], [85.1251469, 25.6247366], [85.1250801, 25.6247425], [85.1250267, 25.6247478], [85.1249941, 25.6247474], [85.1249077, 25.624745], [85.1248402, 25.624733], [85.1247324, 25.6247003], [85.1246855, 25.6246787], [85.1246337, 25.6246472], [85.1245847, 25.62459], [85.1245598, 25.6245458], [85.1245466, 25.6244803], [85.1245408, 25.6244431], [85.1245291, 25.6243681], [85.1245299, 25.6242664], [85.1245305, 25.6242266], [85.1245315, 25.6242052], [85.124533, 25.6241474], [85.1245288, 25.6241356], [85.124492, 25.6240824], [85.1244679, 25.6240342], [85.1244535, 25.6240051], [85.1244287, 25.6239706], [85.124314, 25.6239709], [85.1243136, 25.6239663], [85.1243033, 25.6238222], [85.1242651, 25.6237386], [85.1242643, 25.6236863], [85.1242658, 25.6235864], [85.1242248, 25.6233467], [85.1241678, 25.6231699], [85.1241235, 25.6230888], [85.124071, 25.6229926], [85.1239905, 25.6228024], [85.1239833, 25.6227854], [85.1239269, 25.6226523], [85.1237922, 25.6223526], [85.1236931, 25.6221879], [85.1236903, 25.6221832], [85.1236854, 25.6221752], [85.1235862, 25.6219951], [85.1235436, 25.6219177], [85.1234676, 25.6217797], [85.1234325, 25.6217125], [85.1234035, 25.621657], [85.1233981, 25.6216467], [85.1233563, 25.6215666], [85.1233371, 25.6215298], [85.1231951, 25.621263], [85.1231422, 25.6211635], [85.1231401, 25.6211596], [85.1231379, 25.6211554], [85.1231339, 25.6211481], [85.1229894, 25.6208393], [85.1229732, 25.6208094], [85.1228636, 25.6206075], [85.1227762, 25.6204365], [85.1227428, 25.6203712], [85.1226708, 25.6202358], [85.1225542, 25.6200167], [85.122464, 25.6198472], [85.1224575, 25.6198349], [85.122377, 25.6196813], [85.1223747, 25.6196768], [85.1223401, 25.6196107], [85.1223138, 25.6195587], [85.1223134, 25.6195579], [85.1223101, 25.6195514], [85.1222751, 25.619482], [85.1222119, 25.6193568], [85.1221951, 25.6193286], [85.1221268, 25.6192136], [85.1220636, 25.6191071], [85.1220607, 25.6191021], [85.1220549, 25.6190897], [85.1219566, 25.6188793], [85.1219423, 25.6188527], [85.1218839, 25.6187434], [85.1218355, 25.6186529], [85.1217826, 25.6185693], [85.1217453, 25.6185103], [85.1216801, 25.6183718], [85.1216581, 25.6183309], [85.1216499, 25.6183157], [85.1216161, 25.6182529], [85.1216146, 25.61825], [85.121587, 25.6181987], [85.1215822, 25.6181897], [85.1215749, 25.6181744], [85.1215596, 25.618142], [85.121527, 25.6181532], [85.1214965, 25.6181637], [85.1214964, 25.6181637], [85.1214554, 25.6181778], [85.1213343, 25.6182196], [85.121255, 25.6182469], [85.1212217, 25.6182576], [85.121213, 25.6182604], [85.1210777, 25.618304], [85.1210352, 25.6183176], [85.1208485, 25.6184012], [85.1207888, 25.618428], [85.1207499, 25.6184441], [85.120585, 25.6185128], [85.1205826, 25.6185138], [85.1205804, 25.6185147], [85.1205402, 25.6185314], [85.1205399, 25.6185315], [85.1203734, 25.6186008], [85.1202009, 25.6186925], [85.1201381, 25.6187258], [85.120114, 25.6187386], [85.1201606, 25.6187679], [85.1202779, 25.6188315], [85.1202507, 25.6188462], [85.1202473, 25.618848], [85.1201951, 25.6188762], [85.1201318, 25.6189104], [85.1200985, 25.6189247], [85.1200985, 25.6189248], [85.1200096, 25.618963], [85.1198564, 25.6190291], [85.119696, 25.6190993], [85.1196225, 25.6191367], [85.1195743, 25.6191613], [85.1194737, 25.6192194], [85.1194469, 25.6192372], [85.1194345, 25.6192619], [85.1194315, 25.6192921], [85.1195243, 25.6194592], [85.1195348, 25.6194756], [85.1195146, 25.6194838], [85.1194233, 25.619521], [85.1193469, 25.619552], [85.1192751, 25.6195812], [85.1192633, 25.6195852], [85.1192632, 25.6195853], [85.1192046, 25.6196053], [85.1192021, 25.6196061], [85.1191851, 25.6196119], [85.1191622, 25.6196197], [85.1191102, 25.6196355], [85.118904, 25.6196982], [85.1188764, 25.6197064], [85.118824, 25.6197221], [85.1188229, 25.6197224], [85.1187501, 25.6197442], [85.1187011, 25.6197577], [85.118689, 25.619761], [85.1186359, 25.6197756], [85.1186306, 25.6197771], [85.118599, 25.6197857], [85.1184996, 25.6198282], [85.1184876, 25.619833], [85.1184657, 25.6198417], [85.1184641, 25.6198424], [85.118445, 25.61985], [85.1183995, 25.6198605], [85.1183987, 25.6198607], [85.1183977, 25.619861], [85.1183975, 25.619861], [85.1183844, 25.619864], [85.118349, 25.6198703], [85.1183488, 25.6198704], [85.1183482, 25.6198705], [85.1183059, 25.619878], [85.1182881, 25.6198812], [85.1182721, 25.619884], [85.1182425, 25.6198893], [85.1181116, 25.6199163], [85.1180303, 25.619933], [85.1178301, 25.6199839], [85.1176951, 25.6200207], [85.1176609, 25.6200295], [85.1176553, 25.6200072], [85.1176313, 25.6199123], [85.1175957, 25.6197728], [85.1175654, 25.6195942], [85.1175129, 25.6194154], [85.1174918, 25.6193032], [85.1174858, 25.6192886], [85.1178093, 25.6191599], [85.1178008, 25.6191484], [85.1177793, 25.6191338], [85.1177212, 25.6190943], [85.1175989, 25.619023], [85.1174493, 25.6189437], [85.1173351, 25.6189249], [85.117188, 25.6189185], [85.1169746, 25.6189263], [85.1169577, 25.6189269], [85.116776, 25.6189442], [85.1167339, 25.6189511], [85.1166117, 25.6189709], [85.1164389, 25.6190073], [85.1162138, 25.6190548], [85.1162046, 25.6190221], [85.116202, 25.6190168], [85.1161988, 25.6190118], [85.1161961, 25.6190083], [85.1161951, 25.6190071], [85.1161909, 25.6190026], [85.1161863, 25.6189986], [85.1161813, 25.618995], [85.116176, 25.6189918], [85.1161703, 25.618989], [85.1161644, 25.6189868], [85.1161583, 25.6189851], [85.116152, 25.6189839], [85.1161419, 25.6189891], [85.1161314, 25.6189937], [85.1161205, 25.6189977], [85.1161094, 25.619001], [85.1160769, 25.6190063], [85.1157725, 25.6190558], [85.1157651, 25.6190565], [85.1156662, 25.6190652], [85.1155791, 25.619073], [85.1155298, 25.6190773], [85.1154516, 25.6190843], [85.1153487, 25.619099], [85.115335, 25.619101], [85.1151947, 25.6191415], [85.1151675, 25.6191493], [85.1150587, 25.6191807], [85.1149405, 25.6192082], [85.1148284, 25.6192343], [85.1148049, 25.6192397], [85.1146797, 25.619253], [85.1146378, 25.6192574], [85.1146046, 25.6192542], [85.1144118, 25.6192352], [85.1143608, 25.6192302], [85.1141664, 25.6192086], [85.1140057, 25.6191908], [85.1137776, 25.6191655], [85.1135005, 25.6191295], [85.1134328, 25.6191205], [85.1132689, 25.6190987], [85.113262, 25.6190978], [85.1132401, 25.6190961], [85.1130419, 25.6190812], [85.1130158, 25.6190809], [85.1130095, 25.6190538], [85.1129601, 25.618842], [85.1129268, 25.6186883], [85.1128905, 25.6185207], [85.1128576, 25.6183896], [85.112831, 25.6182834], [85.1128193, 25.6182347], [85.1127658, 25.6180123], [85.1127324, 25.6178132], [85.112665, 25.6176061], [85.1126568, 25.6175809], [85.1126244, 25.6174813], [85.1126151, 25.6174528], [85.1126107, 25.6174392], [85.1125512, 25.6174849], [85.1124431, 25.6175679], [85.1124328, 25.6175759], [85.112144, 25.6177976], [85.1120929, 25.6178369], [85.1116353, 25.6181957], [85.1115646, 25.6182512], [85.1115197, 25.6182864], [85.1113189, 25.6184354], [85.1111351, 25.6185717], [85.1109491, 25.6187097], [85.1106779, 25.6189109], [85.1102062, 25.6192678], [85.1101193, 25.6193346], [85.1099073, 25.6194971], [85.1099, 25.6195028], [85.109773, 25.6196002], [85.1097354, 25.6196292], [85.1095902, 25.6197411], [85.1092512, 25.6200024], [85.1092138, 25.6200312], [85.108958, 25.6202265], [85.1088465, 25.6203116], [85.1086994, 25.6204247], [85.1085009, 25.6205774], [85.1084983, 25.6205802], [85.1084956, 25.620583], [85.1084929, 25.6205857], [85.10849, 25.6205883], [85.108487, 25.6205908], [85.108484, 25.6205932], [85.1084809, 25.6205955], [85.1084776, 25.6205977], [85.1084743, 25.6205998], [85.1084709, 25.6206018], [85.1084675, 25.6206037], [85.108464, 25.6206055], [85.1084604, 25.6206072], [85.1084567, 25.6206087], [85.108453, 25.6206102], [85.1084492, 25.6206115], [85.1084454, 25.6206127], [85.1084416, 25.6206138], [85.1084377, 25.6206148], [85.1084337, 25.6206157], [85.1084298, 25.6206164], [85.1084258, 25.620617], [85.1084218, 25.6206175], [85.1084178, 25.6206179], [85.1084137, 25.6206181], [85.1084097, 25.6206183], [85.108309, 25.6206971], [85.1082159, 25.6207699], [85.1081993, 25.620783], [85.1081258, 25.6208408], [85.1081196, 25.6208457], [85.108052, 25.620899], [85.1079822, 25.6209434], [85.1079821, 25.6209434], [85.1079299, 25.6209766], [85.1079104, 25.6209891], [85.107824, 25.621063], [85.1077998, 25.6210931], [85.1077213, 25.6211909], [85.107675, 25.6212674], [85.1076251, 25.6213705], [85.1075367, 25.6215065], [85.1073945, 25.6216598], [85.1072874, 25.6217709], [85.1072463, 25.62183], [85.1072443, 25.621833], [85.1072424, 25.6218361], [85.1072406, 25.6218392], [85.1072389, 25.6218424], [85.1072374, 25.6218456], [85.1072359, 25.6218489], [85.1072346, 25.6218522], [85.1072334, 25.6218556], [85.1072324, 25.621859], [85.1072314, 25.6218624], [85.1072306, 25.6218659], [85.10723, 25.6218694], [85.1072294, 25.6218729], [85.107229, 25.6218764], [85.1072287, 25.6218799], [85.1072286, 25.6218834], [85.1072328, 25.6220178], [85.1072545, 25.6221681], [85.1072849, 25.6223104], [85.1073018, 25.6223894], [85.1073161, 25.6224568], [85.1073949, 25.6227655], [85.1074539, 25.6229968], [85.1075319, 25.6233025], [85.107532, 25.623303], [85.1075322, 25.6233034], [85.1075323, 25.6233039], [85.1075325, 25.6233043], [85.1075327, 25.6233048], [85.1075329, 25.6233052], [85.1075331, 25.6233056], [85.1075334, 25.623306], [85.1075336, 25.6233065], [85.1075339, 25.6233069], [85.1075342, 25.6233073], [85.1075345, 25.6233076], [85.1075348, 25.623308], [85.1075352, 25.6233084], [85.1075355, 25.6233087], [85.1075359, 25.6233091], [85.1075363, 25.6233094], [85.1075367, 25.6233097], [85.1075371, 25.62331], [85.1075375, 25.6233103], [85.1075379, 25.6233106], [85.1075383, 25.6233108], [85.1075388, 25.6233111], [85.1075392, 25.6233113], [85.1075397, 25.6233116], [85.1075401, 25.6233118], [85.1075406, 25.6233119], [85.1075427, 25.6233127], [85.1075533, 25.6233168], [85.1075538, 25.623317], [85.1075542, 25.6233171], [85.1075547, 25.6233173], [85.1075557, 25.6233175], [85.1075562, 25.6233176], [85.1075567, 25.6233177], [85.1075572, 25.6233177], [85.1075577, 25.6233178], [85.1075582, 25.6233178], [85.1075587, 25.6233179], [85.1075592, 25.6233179], [85.1075597, 25.6233178], [85.1075602, 25.6233178], [85.1075607, 25.6233178], [85.1075612, 25.6233177], [85.1075617, 25.6233176], [85.1075622, 25.6233176], [85.1075627, 25.6233174], [85.1075832, 25.6233128], [85.1077877, 25.6232661], [85.1078219, 25.6232584], [85.1080398, 25.6232087], [85.1080933, 25.6231965], [85.108232, 25.6231648], [85.1085632, 25.6230893], [85.1085777, 25.623086], [85.1086713, 25.6230647], [85.1086966, 25.6230589], [85.1087018, 25.6230683], [85.108721, 25.6231079], [85.1087305, 25.6231338], [85.1088127, 25.6233772], [85.1088155, 25.6233809], [85.108956, 25.6235681], [85.1090333, 25.6236328], [85.1091546, 25.6236881], [85.1091714, 25.6236958], [85.1092877, 25.6237118], [85.1095323, 25.6236873], [85.1097014, 25.6236703], [85.1098357, 25.623672], [85.1099576, 25.6236865], [85.1099665, 25.6237384], [85.1099793, 25.623814], [85.1099832, 25.6238226], [85.1099918, 25.6238644], [85.1100353, 25.6240751], [85.1100858, 25.624333], [85.1101234, 25.6245245], [85.1101559, 25.6246903], [85.1102067, 25.6249708], [85.1102378, 25.6251428], [85.1102472, 25.6251537], [85.1102518, 25.6251589], [85.1102694, 25.6251648], [85.1103049, 25.6251658], [85.1107187, 25.6250812], [85.1108872, 25.6250467], [85.1109121, 25.6250416], [85.11135, 25.6249521], [85.1119381, 25.6248319], [85.1120444, 25.624812], [85.1122214, 25.6247788], [85.1124971, 25.6247272], [85.1126713, 25.6246946], [85.1127945, 25.6246715], [85.112799, 25.6246718], [85.1127999, 25.6246735], [85.1128059, 25.6246843], [85.1129541, 25.6251933], [85.1130294, 25.625452], [85.1131489, 25.6258627], [85.1131932, 25.6260149], [85.113217, 25.6260964], [85.113245, 25.6261872], [85.113326, 25.626449], [85.1134396, 25.6268166], [85.1135524, 25.6271812], [85.1136255, 25.6274179], [85.1136353, 25.6274292], [85.1136432, 25.6274332], [85.1136487, 25.6274359], [85.1136722, 25.6274347], [85.1136987, 25.6274229], [85.1140312, 25.6272922], [85.1144679, 25.6271206], [85.1145154, 25.6271019], [85.1148647, 25.6269646], [85.1150446, 25.6268939], [85.1152154, 25.6268268], [85.1152182, 25.6268259], [85.1154503, 25.6267541], [85.1156739, 25.6266849], [85.1157261, 25.6266687], [85.1159348, 25.6266041], [85.1161288, 25.626544], [85.1163401, 25.6264787], [85.1164709, 25.6264382], [85.1165616, 25.6264101], [85.116793, 25.6263385], [85.1168045, 25.6263349], [85.1169417, 25.6262836], [85.1173017, 25.6261491], [85.1173321, 25.6261377], [85.1174821, 25.6260817], [85.1176457, 25.6260289], [85.1177562, 25.6259989], [85.1179157, 25.6259556], [85.1180426, 25.6259161], [85.1181296, 25.6258891], [85.1182359, 25.625856], [85.118352, 25.6258235], [85.1184059, 25.6258085], [85.118539, 25.6257676], [85.1185486, 25.6257935], [85.1185977, 25.6259258], [85.1186509, 25.6260867], [85.118654, 25.6261337], [85.1186433, 25.6262045], [85.1186409, 25.6262175], [85.118637, 25.6262393], [85.1186367, 25.6262402], [85.1186319, 25.6262575], [85.1186335, 25.6262775], [85.1186424, 25.6263212], [85.1186484, 25.6263351], [85.118686, 25.6264227], [85.1187225, 25.6265481], [85.1187653, 25.6266401], [85.1187737, 25.6266514], [85.1188095, 25.6266998], [85.118841, 25.6267329], [85.1188769, 25.6267674], [85.1188887, 25.6267737], [85.1189103, 25.6267852], [85.1189436, 25.626803], [85.118975, 25.6268174], [85.1189828, 25.6268209], [85.1190419, 25.626847], [85.1190647, 25.6268566], [85.1190796, 25.6268693], [85.119095, 25.6268871], [85.1191106, 25.6269151], [85.1191529, 25.6269909], [85.1192, 25.6270773], [85.1192165, 25.6271074], [85.1192797, 25.6272227], [85.1193165, 25.6272926], [85.1193369, 25.6273515], [85.1193423, 25.6273667], [85.1193439, 25.6273712], [85.1193677, 25.6274385], [85.1193874, 25.6274855], [85.1194065, 25.6275313], [85.119446, 25.6276258], [85.11945, 25.6276354], [85.119501, 25.6277574], [85.1195028, 25.6277616], [85.1195119, 25.6277833], [85.1195461, 25.6278684], [85.1195898, 25.6279773], [85.1196635, 25.6281151], [85.1196767, 25.6281087], [85.1197713, 25.6280625], [85.1198225, 25.6280375], [85.1198674, 25.6280233], [85.1198823, 25.6280166], [85.1198982, 25.6280094], [85.1199413, 25.6279901], [85.1199822, 25.6279662], [85.1200071, 25.6279553], [85.120045, 25.6279391], [85.1200836, 25.6279247], [85.1200847, 25.6279244], [85.1201025, 25.6279185], [85.1202286, 25.6278748], [85.1203152, 25.6278437], [85.1203453, 25.6278329], [85.1204049, 25.6278115], [85.1204875, 25.6277716], [85.1205171, 25.6277535], [85.1205194, 25.6277521], [85.1205829, 25.6277134], [85.1206743, 25.6276521], [85.1207112, 25.6276293], [85.1207247, 25.6276222], [85.1207471, 25.6276106], [85.1207885, 25.6275934], [85.1207963, 25.6275917], [85.1208178, 25.6275872], [85.1208686, 25.6275738], [85.1209198, 25.6275604], [85.1209998, 25.6275331], [85.1210048, 25.6275309], [85.1211238, 25.6274775], [85.1211908, 25.6274539], [85.12126, 25.6274295], [85.1213074, 25.6274189], [85.121315, 25.6274171], [85.1213428, 25.6274175], [85.121364, 25.6274178], [85.1213824, 25.627427], [85.121404, 25.6274447], [85.1214379, 25.6274769], [85.1214911, 25.6275478], [85.1215628, 25.6276433], [85.1215871, 25.6276899], [85.1216172, 25.6277476], [85.1216198, 25.6277525], [85.1216739, 25.6278564], [85.1217099, 25.6279255], [85.1217539, 25.6280099], [85.1217721, 25.6280448], [85.1217815, 25.6280365], [85.121805, 25.6280087], [85.1218832, 25.6281438], [85.1218834, 25.6281442], [85.1218836, 25.6281446], [85.1218839, 25.628145], [85.1218842, 25.6281453], [85.1218844, 25.6281457], [85.1218847, 25.628146], [85.121885, 25.6281464], [85.1218854, 25.6281467], [85.1218857, 25.628147], [85.1219536, 25.6282103], [85.1219759, 25.6282439], [85.1219774, 25.6282462], [85.1219777, 25.6282466], [85.1219779, 25.628247], [85.1219781, 25.6282474], [85.1219784, 25.6282478], [85.1219785, 25.6282483], [85.1219787, 25.6282487], [85.1219789, 25.6282492], [85.121979, 25.6282496], [85.1219792, 25.6282501], [85.1219793, 25.6282505], [85.1219794, 25.628251], [85.1219794, 25.6282515], [85.1219795, 25.6282519], [85.1219795, 25.6282524], [85.1219795, 25.6282529], [85.1219795, 25.6282533], [85.1219795, 25.6282538], [85.1219795, 25.6282543], [85.1219794, 25.6282548], [85.1219794, 25.6282552], [85.1219793, 25.6282557], [85.1219792, 25.6282561], [85.121979, 25.6282566], [85.1219789, 25.6282571], [85.1219788, 25.6282575], [85.1219786, 25.6282579], [85.1219784, 25.6282584], [85.1219782, 25.6282588], [85.1219779, 25.6282592], [85.1219777, 25.6282597], [85.1219774, 25.6282601], [85.1219772, 25.6282605], [85.1219769, 25.6282609], [85.1219658, 25.6282754], [85.1219655, 25.6282758], [85.1219652, 25.6282762], [85.121965, 25.6282766], [85.1219647, 25.628277], [85.1219645, 25.6282774], [85.1219643, 25.6282778], [85.1219641, 25.6282783], [85.1219639, 25.6282787], [85.1219638, 25.6282791], [85.1219636, 25.6282796], [85.1219635, 25.62828], [85.1219634, 25.6282805], [85.1219633, 25.628281], [85.1219632, 25.6282814], [85.1219632, 25.6282819], [85.1219632, 25.6282824], [85.1219631, 25.6282828], [85.1219631, 25.6282833], [85.1219631, 25.6282838], [85.1219632, 25.6282842], [85.1219632, 25.6282847], [85.1219633, 25.6282851], [85.1219634, 25.6282856], [85.1219635, 25.6282861], [85.1219636, 25.6282865], [85.1219637, 25.628287], [85.1219639, 25.6282874], [85.1219641, 25.6282879], [85.1219643, 25.6282883], [85.1219645, 25.6282887], [85.1219647, 25.6282891], [85.1219649, 25.6282895], [85.1219652, 25.62829], [85.1219655, 25.6282904], [85.1220224, 25.6283715], [85.1220227, 25.6283719], [85.1220229, 25.6283723], [85.1220231, 25.6283727], [85.1220234, 25.6283732], [85.1220236, 25.6283736], [85.1220238, 25.628374], [85.1220239, 25.6283744], [85.1220241, 25.6283749], [85.1220242, 25.6283753], [85.1220243, 25.6283758], [85.1220244, 25.6283762], [85.1220245, 25.6283767], [85.1220246, 25.6283771], [85.1220247, 25.6283776], [85.1220247, 25.6283781], [85.1220247, 25.6283785], [85.1220247, 25.628379], [85.1220247, 25.6283795], [85.1220247, 25.6283799], [85.1220246, 25.6283804], [85.1220245, 25.6283808], [85.1220245, 25.6283813], [85.1220244, 25.6283817], [85.1220242, 25.6283822], [85.1220241, 25.6283826], [85.1220239, 25.6283831], [85.1220238, 25.6283835], [85.1220236, 25.6283839], [85.1220234, 25.6283844], [85.1220232, 25.6283848], [85.1220229, 25.6283852], [85.1220186, 25.6283926], [85.1220184, 25.628393], [85.1220181, 25.6283934], [85.1220179, 25.6283938], [85.1220178, 25.6283942], [85.1220176, 25.6283947], [85.1220174, 25.6283951], [85.1220173, 25.6283955], [85.1220172, 25.628396], [85.1220171, 25.6283964], [85.122017, 25.6283969], [85.1220169, 25.6283973], [85.1220169, 25.6283978], [85.1220168, 25.6283983], [85.1220168, 25.6283987], [85.1220168, 25.6283992], [85.1220168, 25.6283996], [85.1220169, 25.6284001], [85.1220169, 25.6284005], [85.122017, 25.628401], [85.1220171, 25.6284014], [85.1220172, 25.6284019], [85.1220173, 25.6284023], [85.1220174, 25.6284028], [85.1220176, 25.6284032], [85.1220177, 25.6284037], [85.1220179, 25.6284041], [85.1220181, 25.6284045], [85.1221091, 25.6285885], [85.1221416, 25.6286313], [85.1221428, 25.6286472], [85.1223161, 25.628948], [85.1227637, 25.6286583], [85.1231621, 25.6284532], [85.1232207, 25.6284259], [85.1232821, 25.6284044], [85.1233458, 25.628389], [85.1234109, 25.62838], [85.1234569, 25.6283941], [85.1235012, 25.6284122], [85.1235434, 25.6284339], [85.1235831, 25.6284592], [85.12362, 25.6284877], [85.1236419, 25.6285095], [85.1236663, 25.628529], [85.1236929, 25.628546], [85.1237162, 25.6285452], [85.1237391, 25.6285409], [85.1237608, 25.6285333], [85.1237809, 25.6285226], [85.1237988, 25.6285092], [85.1238252, 25.628454], [85.1238455, 25.6283967], [85.1238595, 25.628338], [85.1238514, 25.6283234], [85.1238407, 25.6283102], [85.1238277, 25.6282989], [85.1238128, 25.6282896], [85.1237521, 25.6282412], [85.1236948, 25.6281895], [85.1236414, 25.6281345], [85.1236469, 25.6281134], [85.1236561, 25.6280934], [85.1236688, 25.628075], [85.1236847, 25.6280587], [85.1237467, 25.6280243], [85.1238114, 25.6279945], [85.1238786, 25.6279694], [85.1239478, 25.6279492], [85.1240186, 25.627934], [85.124031, 25.6279359], [85.1240435, 25.627936], [85.1240559, 25.6279344], [85.1240679, 25.6279309], [85.124079, 25.6279258], [85.1240892, 25.6279191], [85.124098, 25.6279111], [85.1241751, 25.627867], [85.1242548, 25.6278268], [85.1243368, 25.6277905], [85.1244208, 25.6277582], [85.1245066, 25.62773], [85.1245651, 25.6277322], [85.1246231, 25.6277393], [85.1246801, 25.6277514], [85.1246971, 25.6277415], [85.1247123, 25.6277295], [85.1247253, 25.6277155], [85.1247358, 25.6276999], [85.1247435, 25.627683], [85.1247484, 25.6276653], [85.1247502, 25.6276472], [85.1247724, 25.6276031], [85.1248007, 25.627562], [85.1248347, 25.6275245], [85.1248737, 25.6274913], [85.1249171, 25.6274629], [85.1249643, 25.6274398], [85.1250201, 25.6274165], [85.1250777, 25.6273972], [85.1251369, 25.627382], [85.1251972, 25.6273711], [85.1252333, 25.6273487], [85.1252672, 25.6273236], [85.1252985, 25.627296], [85.1253562, 25.6272645], [85.1254163, 25.6272369], [85.1254785, 25.6272133], [85.1255424, 25.627194], [85.125601, 25.6271318], [85.1256551, 25.6270665], [85.1257145, 25.6270482], [85.1257717, 25.627025], [85.1257885, 25.6270105], [85.1258075, 25.6269985], [85.1258284, 25.6269893], [85.1258507, 25.6269831], [85.1258737, 25.6269801], [85.1258969, 25.6269804], [85.1259198, 25.6269839], [85.1259449, 25.6269916], [85.1259709, 25.6269958], [85.1259973, 25.6269963], [85.1260235, 25.6269932], [85.1260489, 25.6269864], [85.1260728, 25.6269763], [85.1261146, 25.6269494], [85.12616, 25.6269279], [85.1262082, 25.6269121], [85.1262584, 25.6269022], [85.1262999, 25.6268972], [85.1263406, 25.6268881], [85.12638, 25.6268751], [85.1263844, 25.6268615], [85.1263912, 25.6268488], [85.1264004, 25.6268373], [85.1264115, 25.6268273], [85.1264114, 25.6268272], [85.1263485, 25.6268129], [85.1263267, 25.6268114], [85.1263148, 25.6268101], [85.126299, 25.6267938], [85.1262854, 25.6267835], [85.1262745, 25.6267709], [85.1262394, 25.6267588], [85.1262112, 25.6267473], [85.126199, 25.6267396], [85.1261863, 25.6267298], [85.1261766, 25.6267136], [85.1261375, 25.6266035], [85.1261304, 25.6265463], [85.126109, 25.6265146], [85.1260908, 25.6264932], [85.1260606, 25.6264294], [85.1260513, 25.6264018], [85.126045, 25.6263561], [85.1260408, 25.6263134], [85.1260417, 25.6262894], [85.1260499, 25.6262597], [85.1260604, 25.6262348], [85.1260629, 25.6262172], [85.1260621, 25.6261757], [85.1260462, 25.6261044], [85.1260309, 25.6260788]]]}}, {"type": "Feature", "properties": {"ward": "22A", "ward_title": "Ward 22A", "area": "Digha / Makhdumpur / Patliputra", "short_area": "Digha / Makhdumpur", "ac_no": "181", "ac_name": "Digha", "ac_booths": 20, "ac_booth_range": "191-220", "ac_voters": 17278, "total_ward_booths": "20", "total_ward_voters": "16,107", "center_lat": 25.642750550000002, "center_lon": 85.09757286582382, "label_lat": 25.642750550000002, "label_lon": 85.09757286582382, "has_leader": false, "leader_line": null, "color": "#10b981", "color_dark": "#047857"}, "geometry": {"type": "Polygon", "coordinates": [[[85.1056826, 25.6419938], [85.1054789, 25.6418765], [85.1053057, 25.6418313], [85.1052157, 25.6415292], [85.1047738, 25.6417577], [85.104594, 25.6418507], [85.1033818, 25.6425229], [85.1026491, 25.6428716], [85.1019731, 25.6416304], [85.1016548, 25.6407664], [85.1010147, 25.6392534], [85.1006327, 25.6384172], [85.1003995, 25.6381706], [85.1002798, 25.6377391], [85.1000577, 25.6367904], [85.09995, 25.6366027], [85.0998101, 25.6364575], [85.0997015, 25.6363272], [85.0996125, 25.6359534], [85.0994911, 25.6358643], [85.0993937, 25.6357929], [85.0989839, 25.6357159], [85.0980855, 25.6355466], [85.0970142, 25.6353118], [85.0970084, 25.6353213], [85.0969888, 25.6353533], [85.0967642, 25.6357207], [85.0967323, 25.6357038], [85.0967321, 25.6357037], [85.0965284, 25.6359701], [85.0960719, 25.6366596], [85.0960106, 25.6367483], [85.0960134, 25.6367499], [85.0960015, 25.6367671], [85.0959896, 25.6367844], [85.0959868, 25.6367828], [85.095654, 25.6372645], [85.0956422, 25.6372817], [85.0956303, 25.6372989], [85.0952585, 25.6377831], [85.0952525, 25.6378076], [85.0952498, 25.6378184], [85.0950547, 25.638077], [85.0950458, 25.6380888], [85.0948938, 25.6382903], [85.0948689, 25.6383232], [85.0948413, 25.6383599], [85.0947095, 25.6385346], [85.09469, 25.6385612], [85.094679, 25.6385762], [85.0946763, 25.63858], [85.094668, 25.6385913], [85.0944037, 25.6389533], [85.0943273, 25.6390578], [85.0943023, 25.6390253], [85.0942744, 25.6389891], [85.0937049, 25.640016], [85.0935672, 25.6402645], [85.0934516, 25.6404729], [85.0934458, 25.6404834], [85.0934153, 25.6405384], [85.0932033, 25.6410514], [85.0931541, 25.6411792], [85.0930696, 25.6413987], [85.0930499, 25.6414498], [85.0930291, 25.6415039], [85.0930027, 25.6415723], [85.0929691, 25.6416595], [85.0928702, 25.6418345], [85.0927355, 25.6422004], [85.0926391, 25.6424621], [85.0924321, 25.6432422], [85.0923317, 25.6437292], [85.092321, 25.6438125], [85.0923138, 25.643868], [85.0922954, 25.6440109], [85.0922965, 25.6440139], [85.0923366, 25.644188], [85.0923395, 25.6442006], [85.0924094, 25.644587], [85.0924028, 25.6448823], [85.0923796, 25.6459228], [85.0923261, 25.6459937], [85.0922715, 25.6460661], [85.0922689, 25.6464643], [85.0922601, 25.6467404], [85.092238, 25.6467408], [85.0922293, 25.6468415], [85.0921796, 25.646843], [85.0921057, 25.6477705], [85.0921062, 25.6477726], [85.0920752, 25.6479169], [85.0920687, 25.6481899], [85.0918979, 25.6486554], [85.0917233, 25.6490301], [85.0913211, 25.6495214], [85.0912234, 25.6496407], [85.0912233, 25.6496409], [85.0909004, 25.6499724], [85.0908547, 25.6500193], [85.0908471, 25.6500271], [85.0907227, 25.6501143], [85.0907236, 25.6501139], [85.0914396, 25.6500767], [85.0923455, 25.6497804], [85.0926442, 25.6496374], [85.0930193, 25.6499146], [85.0935964, 25.649915], [85.0952819, 25.6495572], [85.0957106, 25.6491938], [85.0960195, 25.6491584], [85.0966439, 25.6491666], [85.0969572, 25.6488518], [85.0977939, 25.6484292], [85.0991705, 25.6478668], [85.1009201, 25.6469509], [85.1021995, 25.6462832], [85.1040394, 25.6449099], [85.1053512, 25.6439309], [85.1063992, 25.6430112], [85.1062494, 25.6428085], [85.1061564, 25.6426926], [85.1060741, 25.6425674], [85.1060084, 25.642385], [85.1058854, 25.6421684], [85.1056826, 25.6419938]]]}}, {"type": "Feature", "properties": {"ward": "22B", "ward_title": "Ward 22B", "area": "Kurji / Balupar / Bind Toli", "short_area": "Kurji / Balupar", "ac_no": "181", "ac_name": "Digha", "ac_booths": 26, "ac_booth_range": "221-262", "ac_voters": 23497, "total_ward_booths": "26", "total_ward_voters": "16,933", "center_lat": 25.63164295, "center_lon": 85.10777646259459, "label_lat": 25.63164295, "label_lon": 85.10777646259459, "has_leader": false, "leader_line": null, "color": "#10b981", "color_dark": "#047857"}, "geometry": {"type": "Polygon", "coordinates": [[[85.1165761, 25.632559], [85.116201, 25.632021], [85.1159903, 25.631601], [85.1156535, 25.6310635], [85.1150478, 25.6297344], [85.1148755, 25.6293122], [85.1144199, 25.6281963], [85.1140497, 25.627285], [85.1140312, 25.6272922], [85.1136987, 25.6274229], [85.1136722, 25.6274347], [85.1136487, 25.6274359], [85.1136432, 25.6274332], [85.1136353, 25.6274292], [85.1136255, 25.6274179], [85.1136223, 25.6274075], [85.1135524, 25.6271812], [85.1134396, 25.6268166], [85.113326, 25.626449], [85.113245, 25.6261872], [85.113217, 25.6260964], [85.1131932, 25.6260149], [85.1131489, 25.6258627], [85.1130294, 25.625452], [85.1129541, 25.6251933], [85.1128059, 25.6246843], [85.1127999, 25.6246735], [85.112799, 25.6246718], [85.1127945, 25.6246715], [85.1126713, 25.6246946], [85.1124971, 25.6247272], [85.1122214, 25.6247788], [85.1120444, 25.624812], [85.1119381, 25.6248319], [85.11135, 25.6249521], [85.1109121, 25.6250416], [85.1108872, 25.6250467], [85.1107187, 25.6250812], [85.1103049, 25.6251658], [85.1102694, 25.6251648], [85.1102518, 25.6251589], [85.1102472, 25.6251537], [85.1102378, 25.6251428], [85.1102067, 25.6249708], [85.1101559, 25.6246903], [85.1101234, 25.6245245], [85.1100858, 25.624333], [85.1100353, 25.6240751], [85.1099918, 25.6238644], [85.1099832, 25.6238226], [85.1099793, 25.623814], [85.1099665, 25.6237384], [85.1099576, 25.6236865], [85.1098357, 25.623672], [85.1097014, 25.6236703], [85.1095323, 25.6236873], [85.1092877, 25.6237118], [85.1091714, 25.6236958], [85.1091546, 25.6236881], [85.1090333, 25.6236328], [85.108956, 25.6235681], [85.1088155, 25.6233809], [85.1088127, 25.6233772], [85.1087305, 25.6231338], [85.108721, 25.6231079], [85.1087018, 25.6230683], [85.1086966, 25.6230589], [85.1086713, 25.6230647], [85.1085777, 25.623086], [85.1085632, 25.6230893], [85.108232, 25.6231648], [85.1080933, 25.6231965], [85.1080398, 25.6232087], [85.1078219, 25.6232584], [85.1077877, 25.6232661], [85.1075832, 25.6233128], [85.1075627, 25.6233174], [85.1075622, 25.6233176], [85.1075617, 25.6233176], [85.1075612, 25.6233177], [85.1075607, 25.6233178], [85.1075602, 25.6233178], [85.1075597, 25.6233178], [85.1075592, 25.6233179], [85.1075587, 25.6233179], [85.1075582, 25.6233178], [85.1075577, 25.6233178], [85.1075572, 25.6233177], [85.1075567, 25.6233177], [85.1075562, 25.6233176], [85.1075557, 25.6233175], [85.1075547, 25.6233173], [85.1075542, 25.6233171], [85.1075538, 25.623317], [85.1075533, 25.6233168], [85.1075427, 25.6233127], [85.1075406, 25.6233119], [85.1075401, 25.6233118], [85.1075397, 25.6233116], [85.1075392, 25.6233113], [85.1075388, 25.6233111], [85.1075383, 25.6233108], [85.1075379, 25.6233106], [85.1075375, 25.6233103], [85.1075371, 25.62331], [85.1075367, 25.6233097], [85.1075363, 25.6233094], [85.1075359, 25.6233091], [85.1075355, 25.6233087], [85.1075352, 25.6233084], [85.1075348, 25.623308], [85.1075345, 25.6233076], [85.1075342, 25.6233073], [85.1075339, 25.6233069], [85.1075336, 25.6233065], [85.1075334, 25.623306], [85.1075331, 25.6233056], [85.1075329, 25.6233052], [85.1075327, 25.6233048], [85.1075325, 25.6233043], [85.1075323, 25.6233039], [85.1075322, 25.6233034], [85.107532, 25.623303], [85.1075319, 25.6233025], [85.1074539, 25.6229968], [85.1073949, 25.6227655], [85.1073161, 25.6224568], [85.1073018, 25.6223894], [85.1072849, 25.6223104], [85.1072545, 25.6221681], [85.1072328, 25.6220178], [85.1072286, 25.6218834], [85.1072287, 25.6218799], [85.107229, 25.6218764], [85.1072294, 25.6218729], [85.10723, 25.6218694], [85.1072306, 25.6218659], [85.1072314, 25.6218624], [85.1072324, 25.621859], [85.1072334, 25.6218556], [85.1072346, 25.6218522], [85.1072359, 25.6218489], [85.1072374, 25.6218456], [85.1072389, 25.6218424], [85.1072406, 25.6218392], [85.1072424, 25.6218361], [85.1072443, 25.621833], [85.1072463, 25.62183], [85.1072874, 25.6217709], [85.1073945, 25.6216598], [85.1075367, 25.6215065], [85.1076251, 25.6213705], [85.107675, 25.6212674], [85.1077213, 25.6211909], [85.1077998, 25.6210931], [85.107824, 25.621063], [85.1079104, 25.6209891], [85.1079299, 25.6209766], [85.1079821, 25.6209434], [85.1079822, 25.6209434], [85.108052, 25.620899], [85.1081196, 25.6208457], [85.1081258, 25.6208408], [85.1081993, 25.620783], [85.1080971, 25.6208086], [85.1080968, 25.6208087], [85.1080526, 25.6208081], [85.1079923, 25.6207773], [85.1079385, 25.6206915], [85.1078741, 25.6205705], [85.1077606, 25.6203936], [85.1076066, 25.6202864], [85.1075588, 25.6202532], [85.1075385, 25.6202744], [85.1075062, 25.6203081], [85.1075054, 25.6203093], [85.107475, 25.6203539], [85.1074022, 25.6204607], [85.1071701, 25.6208014], [85.1070886, 25.6209211], [85.1070146, 25.6210314], [85.1068999, 25.6212111], [85.1067938, 25.6213774], [85.1066633, 25.6215818], [85.1066607, 25.6215859], [85.106655, 25.6215823], [85.106326, 25.6220428], [85.1062248, 25.6221843], [85.1062241, 25.6221854], [85.1062186, 25.622193], [85.1061563, 25.6222803], [85.1059115, 25.6226056], [85.1057246, 25.6228473], [85.1057056, 25.6228719], [85.1056392, 25.6229632], [85.1055536, 25.623081], [85.105442, 25.6232348], [85.1053399, 25.6233757], [85.1048978, 25.6240545], [85.104578, 25.624521], [85.1045173, 25.6246106], [85.1044677, 25.624684], [85.1044672, 25.6246847], [85.1044107, 25.6247683], [85.1043442, 25.6248558], [85.1043301, 25.6248745], [85.1042532, 25.6249757], [85.1040127, 25.6253382], [85.1039762, 25.6253906], [85.1039612, 25.6254121], [85.1039381, 25.6254453], [85.1038867, 25.6255191], [85.1035496, 25.6259816], [85.1029478, 25.6268465], [85.10259, 25.6273742], [85.1019892, 25.6281744], [85.1018316, 25.6283843], [85.1010732, 25.6293944], [85.1007331, 25.6299635], [85.1006219, 25.6301496], [85.1005599, 25.6302534], [85.1005565, 25.6302618], [85.1005355, 25.6303006], [85.1004767, 25.6304094], [85.1004574, 25.6304452], [85.1003469, 25.6305201], [85.1003319, 25.6305302], [85.100317, 25.6305404], [85.0997129, 25.6313906], [85.0996616, 25.6314662], [85.0995704, 25.6316005], [85.0995131, 25.6316849], [85.0994459, 25.6317756], [85.0992251, 25.6320742], [85.099233, 25.632084], [85.0992474, 25.6321019], [85.0992697, 25.6321297], [85.0991975, 25.6322349], [85.0989732, 25.6325616], [85.0989645, 25.6326013], [85.0988267, 25.6327966], [85.0977197, 25.6343245], [85.0970791, 25.6352088], [85.0970767, 25.6352095], [85.0970142, 25.6353118], [85.0980855, 25.6355466], [85.0989839, 25.6357159], [85.0993937, 25.6357929], [85.0994911, 25.6358643], [85.0996125, 25.6359534], [85.0997015, 25.6363272], [85.0998101, 25.6364575], [85.09995, 25.6366027], [85.1000577, 25.6367904], [85.1002798, 25.6377391], [85.1003995, 25.6381706], [85.1006327, 25.6384172], [85.1010147, 25.6392534], [85.1016548, 25.6407664], [85.1019731, 25.6416304], [85.1026491, 25.6428716], [85.1033818, 25.6425229], [85.104594, 25.6418507], [85.1047738, 25.6417577], [85.1052157, 25.6415292], [85.1053057, 25.6418313], [85.1054789, 25.6418765], [85.1056826, 25.6419938], [85.1058854, 25.6421684], [85.1059139, 25.6422186], [85.10591390451846, 25.64221859576178], [85.1060084, 25.642385], [85.1060741, 25.6425674], [85.1061564, 25.6426926], [85.1062494, 25.6428085], [85.1063992, 25.6430112], [85.1064454, 25.6429706], [85.1074113, 25.6421233], [85.10885, 25.6408701], [85.1100918, 25.6398185], [85.1115618, 25.63858], [85.1125904, 25.6375149], [85.114101, 25.6359509], [85.1154722, 25.6347075], [85.1171216, 25.6332036], [85.11665058310416, 25.63264701431519], [85.1166506, 25.632647], [85.1165761, 25.632559]]]}}, {"type": "Feature", "properties": {"ward": "22C", "ward_title": "Ward 22C", "area": "Mainpura / Digha Bridge Point", "short_area": "Mainpura", "ac_no": "181", "ac_name": "Digha", "ac_booths": 18, "ac_booth_range": "246-286", "ac_voters": 16892, "total_ward_booths": "18", "total_ward_voters": "15,357", "center_lat": 25.62958905, "center_lon": 85.1182964763044, "label_lat": 25.62958905, "label_lon": 85.1182964763044, "has_leader": false, "leader_line": null, "color": "#10b981", "color_dark": "#047857"}, "geometry": {"type": "Polygon", "coordinates": [[[85.1220179, 25.6284041], [85.1220177, 25.6284037], [85.1220176, 25.6284032], [85.1220174, 25.6284028], [85.1220173, 25.6284023], [85.1220172, 25.6284019], [85.1220171, 25.6284014], [85.122017, 25.628401], [85.1220169, 25.6284005], [85.1220169, 25.6284001], [85.1220168, 25.6283996], [85.1220168, 25.6283992], [85.1220168, 25.6283987], [85.1220168, 25.6283983], [85.1220169, 25.6283978], [85.1220169, 25.6283973], [85.122017, 25.6283969], [85.1220171, 25.6283964], [85.1220172, 25.628396], [85.1220173, 25.6283955], [85.1220174, 25.6283951], [85.1220176, 25.6283947], [85.1220178, 25.6283942], [85.1220179, 25.6283938], [85.1220181, 25.6283934], [85.1220184, 25.628393], [85.1220186, 25.6283926], [85.1220229, 25.6283852], [85.1220232, 25.6283848], [85.1220234, 25.6283844], [85.1220236, 25.6283839], [85.1220238, 25.6283835], [85.1220239, 25.6283831], [85.1220241, 25.6283826], [85.1220242, 25.6283822], [85.1220244, 25.6283817], [85.1220245, 25.6283813], [85.1220245, 25.6283808], [85.1220246, 25.6283804], [85.1220247, 25.6283799], [85.1220247, 25.6283795], [85.1220247, 25.628379], [85.1220247, 25.6283785], [85.1220247, 25.6283781], [85.1220247, 25.6283776], [85.1220246, 25.6283771], [85.1220245, 25.6283767], [85.1220244, 25.6283762], [85.1220243, 25.6283758], [85.1220242, 25.6283753], [85.1220241, 25.6283749], [85.1220239, 25.6283744], [85.1220238, 25.628374], [85.1220236, 25.6283736], [85.1220234, 25.6283732], [85.1220231, 25.6283727], [85.1220229, 25.6283723], [85.1220227, 25.6283719], [85.1220224, 25.6283715], [85.1219655, 25.6282904], [85.1219652, 25.62829], [85.1219649, 25.6282895], [85.1219647, 25.6282891], [85.1219645, 25.6282887], [85.1219643, 25.6282883], [85.1219641, 25.6282879], [85.1219639, 25.6282874], [85.1219637, 25.628287], [85.1219636, 25.6282865], [85.1219635, 25.6282861], [85.1219634, 25.6282856], [85.1219633, 25.6282851], [85.1219632, 25.6282847], [85.1219632, 25.6282842], [85.1219631, 25.6282838], [85.1219631, 25.6282833], [85.1219631, 25.6282828], [85.1219632, 25.6282824], [85.1219632, 25.6282819], [85.1219632, 25.6282814], [85.1219633, 25.628281], [85.1219634, 25.6282805], [85.1219635, 25.62828], [85.1219636, 25.6282796], [85.1219638, 25.6282791], [85.1219639, 25.6282787], [85.1219641, 25.6282783], [85.1219643, 25.6282778], [85.1219645, 25.6282774], [85.1219647, 25.628277], [85.121965, 25.6282766], [85.1219652, 25.6282762], [85.1219655, 25.6282758], [85.1219658, 25.6282754], [85.1219769, 25.6282609], [85.1219772, 25.6282605], [85.1219774, 25.6282601], [85.1219777, 25.6282597], [85.1219779, 25.6282592], [85.1219782, 25.6282588], [85.1219784, 25.6282584], [85.1219786, 25.6282579], [85.1219788, 25.6282575], [85.1219789, 25.6282571], [85.121979, 25.6282566], [85.1219792, 25.6282561], [85.1219793, 25.6282557], [85.1219794, 25.6282552], [85.1219794, 25.6282548], [85.1219795, 25.6282543], [85.1219795, 25.6282538], [85.1219795, 25.6282533], [85.1219795, 25.6282529], [85.1219795, 25.6282524], [85.1219795, 25.6282519], [85.1219794, 25.6282515], [85.1219794, 25.628251], [85.1219793, 25.6282505], [85.1219792, 25.6282501], [85.121979, 25.6282496], [85.1219789, 25.6282492], [85.1219787, 25.6282487], [85.1219785, 25.6282483], [85.1219784, 25.6282478], [85.1219781, 25.6282474], [85.1219779, 25.628247], [85.1219777, 25.6282466], [85.1219774, 25.6282462], [85.1219759, 25.6282439], [85.1219536, 25.6282103], [85.1218857, 25.628147], [85.1218854, 25.6281467], [85.121885, 25.6281464], [85.1218847, 25.628146], [85.1218844, 25.6281457], [85.1218842, 25.6281453], [85.1218839, 25.628145], [85.1218836, 25.6281446], [85.1218834, 25.6281442], [85.1218832, 25.6281438], [85.121805, 25.6280087], [85.1217815, 25.6280365], [85.1217721, 25.6280448], [85.1217539, 25.6280099], [85.1217099, 25.6279255], [85.1216739, 25.6278564], [85.1216198, 25.6277525], [85.1216172, 25.6277476], [85.1215871, 25.6276899], [85.1215628, 25.6276433], [85.1214911, 25.6275478], [85.1214379, 25.6274769], [85.121404, 25.6274447], [85.1213824, 25.627427], [85.121364, 25.6274178], [85.1213428, 25.6274175], [85.121315, 25.6274171], [85.1213074, 25.6274189], [85.12126, 25.6274295], [85.1211908, 25.6274539], [85.1211238, 25.6274775], [85.1210048, 25.6275309], [85.1209998, 25.6275331], [85.1209198, 25.6275604], [85.1208686, 25.6275738], [85.1208178, 25.6275872], [85.1207963, 25.6275917], [85.1207885, 25.6275934], [85.1207471, 25.6276106], [85.1207247, 25.6276222], [85.1207112, 25.6276293], [85.1206743, 25.6276521], [85.1205829, 25.6277134], [85.1205194, 25.6277521], [85.1205171, 25.6277535], [85.1204875, 25.6277716], [85.1204049, 25.6278115], [85.1203453, 25.6278329], [85.1203152, 25.6278437], [85.1202286, 25.6278748], [85.1201025, 25.6279185], [85.1200847, 25.6279244], [85.1200836, 25.6279247], [85.120045, 25.6279391], [85.1200071, 25.6279553], [85.1199822, 25.6279662], [85.1199413, 25.6279901], [85.1198982, 25.6280094], [85.1198823, 25.6280166], [85.1198674, 25.6280233], [85.1198225, 25.6280375], [85.1197713, 25.6280625], [85.1196767, 25.6281087], [85.1196635, 25.6281151], [85.1195898, 25.6279773], [85.1195461, 25.6278684], [85.1195307, 25.6278303], [85.1195119, 25.6277833], [85.1195028, 25.6277616], [85.119501, 25.6277574], [85.11945, 25.6276354], [85.119446, 25.6276258], [85.1194065, 25.6275313], [85.1193874, 25.6274855], [85.1193677, 25.6274385], [85.1193439, 25.6273712], [85.1193423, 25.6273667], [85.1193369, 25.6273515], [85.1193165, 25.6272926], [85.1192797, 25.6272227], [85.1192165, 25.6271074], [85.1192, 25.6270773], [85.1191529, 25.6269909], [85.1191106, 25.6269151], [85.119095, 25.6268871], [85.1190796, 25.6268693], [85.1190647, 25.6268566], [85.1190419, 25.626847], [85.1189828, 25.6268209], [85.118975, 25.6268174], [85.1189436, 25.626803], [85.1189103, 25.6267852], [85.1188887, 25.6267737], [85.1188769, 25.6267674], [85.118841, 25.6267329], [85.1188095, 25.6266998], [85.1187737, 25.6266514], [85.1187653, 25.6266401], [85.1187225, 25.6265481], [85.118686, 25.6264227], [85.1186484, 25.6263351], [85.1186424, 25.6263212], [85.1186335, 25.6262775], [85.1186319, 25.6262575], [85.1186367, 25.6262402], [85.118637, 25.6262393], [85.1186409, 25.6262175], [85.1186433, 25.6262045], [85.118654, 25.6261337], [85.1186509, 25.6260867], [85.1185977, 25.6259258], [85.1185486, 25.6257935], [85.118539, 25.6257676], [85.1184059, 25.6258085], [85.118352, 25.6258235], [85.1182359, 25.625856], [85.1181296, 25.6258891], [85.1180426, 25.6259161], [85.1179157, 25.6259556], [85.1177562, 25.6259989], [85.1176457, 25.6260289], [85.1174821, 25.6260817], [85.1173321, 25.6261377], [85.1173017, 25.6261491], [85.1169417, 25.6262836], [85.1168045, 25.6263349], [85.116793, 25.6263385], [85.1165616, 25.6264101], [85.1165189, 25.6264233], [85.1164709, 25.6264382], [85.1163401, 25.6264787], [85.1161288, 25.626544], [85.1159348, 25.6266041], [85.1157261, 25.6266687], [85.1156739, 25.6266849], [85.1154503, 25.6267541], [85.1152182, 25.6268259], [85.1152154, 25.6268268], [85.1150524, 25.6268908], [85.1150446, 25.6268939], [85.1148647, 25.6269646], [85.1145154, 25.6271019], [85.1144679, 25.6271206], [85.1140497, 25.627285], [85.1144199, 25.6281963], [85.1148755, 25.6293122], [85.1150478, 25.6297344], [85.1156535, 25.6310635], [85.1159903, 25.631601], [85.116201, 25.632021], [85.1165761, 25.632559], [85.1171216, 25.6332036], [85.1171963, 25.6331354], [85.1187033, 25.631797], [85.1194528, 25.6311283], [85.1203481, 25.6304854], [85.1218082, 25.6294437], [85.1224244, 25.6291316], [85.1223006, 25.628958], [85.1223161, 25.628948], [85.1221428, 25.6286472], [85.1221416, 25.6286313], [85.1221091, 25.6285885], [85.12205519428016, 25.628479503819214], [85.1220552, 25.6284795], [85.1220181, 25.6284045], [85.1220179, 25.6284041]]]}}, {"type": "Feature", "properties": {"ward": "Panchayat", "ward_title": "Ward Panchayat", "area": "Nakta Diyara (Rural / Diara)", "short_area": "Nakta Diyara", "ac_no": "181", "ac_name": "Digha", "ac_booths": 10, "ac_booth_range": "207-216", "ac_voters": 8317, "total_ward_booths": "10", "total_ward_voters": "12,886", "center_lat": 25.57271015, "center_lon": 85.0987715472144, "label_lat": 25.57271015, "label_lon": 85.0987715472144, "has_leader": false, "leader_line": null, "color": "#10b981", "color_dark": "#047857"}, "geometry": {"type": "Polygon", "coordinates": [[[85.1109584, 25.569936], [85.1109333, 25.569887], [85.1109325, 25.5698877], [85.1108979, 25.5698517], [85.1108937, 25.5698476], [85.1108446, 25.5698346], [85.1108003, 25.5698233], [85.1107958, 25.5698223], [85.1107906, 25.5698222], [85.110688, 25.5698297], [85.1105691, 25.569838], [85.1105568, 25.5698345], [85.1105078, 25.5698212], [85.1104383, 25.5698024], [85.1104304, 25.5698004], [85.1103742, 25.5697722], [85.1102909, 25.569731], [85.1102687, 25.5697195], [85.1102631, 25.569717], [85.1102258, 25.569707], [85.1101068, 25.569676], [85.1100877, 25.5696715], [85.1099514, 25.5696463], [85.1098136, 25.5696209], [85.1097138, 25.5696022], [85.1096629, 25.569591], [85.1095865, 25.5695738], [85.1094763, 25.5695489], [85.1093963, 25.5695307], [85.1093562, 25.5695216], [85.1092541, 25.5695117], [85.1091169, 25.5694996], [85.1090732, 25.5694955], [85.1090622, 25.5694946], [85.1090448, 25.5694946], [85.1088976, 25.5694951], [85.108748, 25.5694953], [85.1086758, 25.5694958], [85.1084878, 25.5694941], [85.1082849, 25.5694915], [85.1081122, 25.569491], [85.1080676, 25.5694908], [85.1080376, 25.569489], [85.1080159, 25.569488], [85.1079958, 25.5694863], [85.1079553, 25.5694772], [85.1078931, 25.5694624], [85.1078813, 25.5694583], [85.1078284, 25.5694279], [85.1078124, 25.5694187], [85.1077824, 25.5693943], [85.107736, 25.5693543], [85.1077258, 25.569346], [85.1077003, 25.5693127], [85.107672, 25.5692754], [85.107647, 25.5692332], [85.1076347, 25.569214], [85.1076061, 25.5691746], [85.1075976, 25.5691637], [85.1075882, 25.5691568], [85.1075342, 25.5691246], [85.1075166, 25.569114], [85.1074863, 25.5691057], [85.1074623, 25.5690989], [85.1074501, 25.5690966], [85.1073376, 25.5690937], [85.1073179, 25.5690899], [85.10724, 25.5690713], [85.1071687, 25.569055], [85.1071376, 25.5690482], [85.1071203, 25.5690451], [85.1069554, 25.56903], [85.1069049, 25.5690251], [85.1068231, 25.5690065], [85.1067979, 25.5690015], [85.106779, 25.5689941], [85.106666, 25.5689478], [85.1066452, 25.5689393], [85.1065841, 25.5689056], [85.1064365, 25.5688241], [85.1064055, 25.5688069], [85.1063919, 25.568796], [85.1063724, 25.5687774], [85.1063647, 25.5687669], [85.1063547, 25.5687468], [85.1063468, 25.5687269], [85.1063381, 25.5687021], [85.1063348, 25.5686809], [85.1063305, 25.5686558], [85.1063278, 25.5686246], [85.1063208, 25.5685163], [85.1063119, 25.5683804], [85.1063012, 25.5682309], [85.1063009, 25.5681786], [85.1063037, 25.5681263], [85.1063051, 25.5680957], [85.1063071, 25.5680452], [85.1063089, 25.5680117], [85.106313, 25.5679784], [85.1063171, 25.5679495], [85.1063208, 25.5679211], [85.1063213, 25.5679042], [85.1063223, 25.567864], [85.1063235, 25.5678185], [85.1063246, 25.5677704], [85.1063256, 25.5677426], [85.1063236, 25.5676921], [85.1063219, 25.5676426], [85.1063208, 25.5676061], [85.1063208, 25.5675656], [85.1063206, 25.5675352], [85.1063212, 25.5674957], [85.1063222, 25.5674716], [85.1063241, 25.5674201], [85.1063254, 25.5673908], [85.1063273, 25.5673517], [85.1063287, 25.5673316], [85.1063303, 25.5673089], [85.1063316, 25.5672937], [85.1063323, 25.5672851], [85.1063351, 25.5672708], [85.1063428, 25.5672346], [85.106347, 25.5672104], [85.1063603, 25.5671661], [85.1063662, 25.567144], [85.1063674, 25.5671146], [85.1063708, 25.5670495], [85.1063717, 25.5669406], [85.1063753, 25.5668152], [85.1063767, 25.5667787], [85.1063815, 25.5667207], [85.1063871, 25.5666656], [85.1063846, 25.5666255], [85.1063812, 25.5665903], [85.1063775, 25.5665738], [85.1063506, 25.5665276], [85.1063122, 25.5664583], [85.106247, 25.566332], [85.1062162, 25.5662822], [85.1061697, 25.5662228], [85.1060991, 25.5661453], [85.1060555, 25.5661031], [85.1060055, 25.5660659], [85.1059266, 25.5660105], [85.1058595, 25.5659602], [85.1057664, 25.5658981], [85.1056453, 25.5658148], [85.1055742, 25.5657628], [85.1054971, 25.5657102], [85.1054596, 25.5656868], [85.105426, 25.5656749], [85.1053159, 25.5656438], [85.1048733, 25.5655263], [85.1047788, 25.565506], [85.1047285, 25.56549], [85.1046521, 25.5654604], [85.1045766, 25.5654346], [85.1045358, 25.5654216], [85.1044929, 25.565402], [85.1044261, 25.5653638], [85.1043562, 25.5653228], [85.1042946, 25.5652866], [85.1042726, 25.5652787], [85.1040944, 25.5652248], [85.1039517, 25.5651905], [85.1038435, 25.5651719], [85.1037195, 25.5651502], [85.1036869, 25.565146], [85.1036396, 25.5651435], [85.1036248, 25.5651423], [85.1036208, 25.5651317], [85.103615, 25.5650982], [85.1036239, 25.5650678], [85.1036534, 25.5650032], [85.1036578, 25.564986], [85.1036467, 25.5649592], [85.1036211, 25.5649273], [85.1035046, 25.5648004], [85.1034711, 25.5647713], [85.1032577, 25.5646259], [85.10321, 25.5645981], [85.103047, 25.5645143], [85.1028872, 25.5644298], [85.1027634, 25.5643609], [85.1026318, 25.5642904], [85.1025488, 25.5642463], [85.1024885, 25.5642111], [85.10239, 25.5641468], [85.1023446, 25.5641197], [85.1023148, 25.5641064], [85.1021618, 25.5640385], [85.1021093, 25.5640156], [85.1020576, 25.5639856], [85.1020106, 25.5639577], [85.1019676, 25.5639342], [85.1019095, 25.5639113], [85.1017775, 25.5638608], [85.1017627, 25.5638535], [85.1017502, 25.5638404], [85.1017164, 25.5637834], [85.1016505, 25.5636507], [85.1016328, 25.5636232], [85.1015252, 25.5634957], [85.101488, 25.5634522], [85.1014092, 25.5633719], [85.1013179, 25.5632847], [85.1012541, 25.5632543], [85.1011768, 25.5632189], [85.1011097, 25.5631951], [85.101073, 25.5631851], [85.1010215, 25.5631806], [85.1009498, 25.5631815], [85.1008802, 25.5631873], [85.1007884, 25.5631995], [85.1007345, 25.5632112], [85.1006849, 25.5632182], [85.1005848, 25.5632227], [85.1004889, 25.5632224], [85.1003763, 25.5632152], [85.1001661, 25.5631876], [85.0999768, 25.563167], [85.0999054, 25.5631546], [85.0998059, 25.5631228], [85.0997231, 25.5630968], [85.0996832, 25.5630887], [85.0996274, 25.5630822], [85.0995663, 25.5630833], [85.0994462, 25.5630856], [85.0993967, 25.563085], [85.099361, 25.5630807], [85.0993011, 25.5630713], [85.0992404, 25.5630648], [85.0991657, 25.5630557], [85.0990941, 25.5630548], [85.099014, 25.5630575], [85.0989443, 25.56307], [85.0988754, 25.5630959], [85.0987777, 25.56315], [85.0987608, 25.5631546], [85.0987407, 25.56316], [85.098691, 25.563168], [85.0985527, 25.563191], [85.0985093, 25.5632038], [85.0984615, 25.56323], [85.0984327, 25.5632554], [85.0983983, 25.5632941], [85.0983843, 25.5633149], [85.0983723, 25.5633425], [85.0983552, 25.5634225], [85.0983146, 25.563593], [85.0983081, 25.5636025], [85.098289, 25.5636156], [85.0982137, 25.5636443], [85.0980826, 25.5636808], [85.0979081, 25.5637205], [85.0977433, 25.5637556], [85.0977199, 25.5637668], [85.0976815, 25.5638007], [85.0976428, 25.5638499], [85.0976169, 25.5638906], [85.0976123, 25.5639135], [85.0976126, 25.5639584], [85.097614, 25.5640071], [85.0976215, 25.5640627], [85.0976252, 25.5640971], [85.0976204, 25.5641352], [85.0976152, 25.5641982], [85.0976103, 25.5642383], [85.0976015, 25.5642649], [85.0975892, 25.5642864], [85.0975837, 25.564303], [85.0975783, 25.564313], [85.0975682, 25.5643195], [85.0975543, 25.5643275], [85.097538, 25.5643306], [85.0975195, 25.5643337], [85.0975079, 25.5643336], [85.0974763, 25.5643322], [85.0974242, 25.564331], [85.0974031, 25.5643327], [85.0973857, 25.5643348], [85.097371, 25.5643419], [85.0973224, 25.5643667], [85.0973037, 25.5643747], [85.0972743, 25.5643847], [85.0972676, 25.5643861], [85.0971403, 25.5643934], [85.0970079, 25.5643999], [85.0969656, 25.5644019], [85.0969505, 25.5644027], [85.0968872, 25.564413], [85.0968448, 25.56442], [85.096762, 25.5644386], [85.0966367, 25.5644675], [85.0965518, 25.5644878], [85.0964032, 25.5645221], [85.0962589, 25.5645525], [85.0961265, 25.5645808], [85.0961111, 25.5645835], [85.0959826, 25.5645933], [85.0959557, 25.5645951], [85.0959446, 25.5645964], [85.0958455, 25.5646195], [85.095832, 25.5646221], [85.0957019, 25.5646351], [85.0956577, 25.5646313], [85.0955527, 25.5646253], [85.0954007, 25.5646215], [85.0952179, 25.5646202], [85.0951634, 25.5646199], [85.09514, 25.5646199], [85.0950997, 25.5646262], [85.0950727, 25.5646309], [85.09506, 25.5646347], [85.0950449, 25.5646395], [85.0950393, 25.5646437], [85.095033, 25.5646469], [85.0949711, 25.5646631], [85.0948869, 25.5645733], [85.0948514, 25.5645344], [85.0948298, 25.5645008], [85.0948125, 25.564472], [85.0947965, 25.5644381], [85.0947873, 25.5644172], [85.0947755, 25.5643887], [85.0947688, 25.5643668], [85.0947588, 25.5643244], [85.0947424, 25.5642618], [85.0947287, 25.5642157], [85.0947045, 25.5641537], [85.0946802, 25.5640918], [85.094665, 25.5640534], [85.0946444, 25.563991], [85.0946072, 25.563874], [85.0945842, 25.5637996], [85.0945726, 25.5637651], [85.0945647, 25.5637315], [85.0945481, 25.5636482], [85.0945182, 25.5635078], [85.0944986, 25.5634154], [85.0944683, 25.5632742], [85.0944358, 25.5631245], [85.0944007, 25.5629748], [85.0943871, 25.5629173], [85.094383, 25.5628868], [85.0943761, 25.5628234], [85.0943626, 25.5627157], [85.0943428, 25.5625554], [85.0943214, 25.5623712], [85.0943156, 25.5623204], [85.0943108, 25.5622887], [85.0942842, 25.5621409], [85.094274, 25.5620804], [85.0942684, 25.5620589], [85.0942388, 25.5619701], [85.0942338, 25.5619581], [85.0942124, 25.5619381], [85.0941337, 25.5618726], [85.0941227, 25.5618629], [85.0940708, 25.5618592], [85.0939826, 25.5618533], [85.0939701, 25.5618543], [85.0937685, 25.5619096], [85.0933557, 25.5620338], [85.0930436, 25.5621209], [85.0927799, 25.5622099], [85.0925597, 25.5623002], [85.0924293, 25.5623529], [85.0922394, 25.5624228], [85.0920432, 25.5624912], [85.0919677, 25.5625203], [85.0919439, 25.5625279], [85.0917058, 25.562595], [85.0915678, 25.562634], [85.0914724, 25.5626672], [85.0914296, 25.562681], [85.0913994, 25.5626877], [85.0913693, 25.5626923], [85.0912451, 25.5627036], [85.091159, 25.5627089], [85.091136, 25.5627115], [85.0909172, 25.5627581], [85.0908285, 25.5627734], [85.0907541, 25.5627861], [85.0907049, 25.5627947], [85.0906653, 25.5628035], [85.0906019, 25.5628185], [85.0904415, 25.5628701], [85.0903016, 25.5629213], [85.0902683, 25.5629295], [85.0901582, 25.562951], [85.0900837, 25.5629665], [85.0900392, 25.562981], [85.090017, 25.5629893], [85.089954, 25.5630235], [85.0899015, 25.5630444], [85.0898133, 25.5630769], [85.0897435, 25.5630982], [85.0897101, 25.5631092], [85.0896163, 25.5631481], [85.0895575, 25.5631717], [85.0894908, 25.5631895], [85.0894433, 25.563201], [85.0893428, 25.5632284], [85.0892714, 25.563249], [85.0891605, 25.5632691], [85.0889836, 25.5632954], [85.0887036, 25.5633539], [85.0883811, 25.5634308], [85.0882594, 25.5634675], [85.088156, 25.5635115], [85.0881267, 25.5635326], [85.0881234, 25.5635732], [85.0881506, 25.5636834], [85.0882739, 25.5640433], [85.0883005, 25.5641965], [85.0883299, 25.5643306], [85.0884223, 25.5646495], [85.0885247, 25.5649996], [85.0885343, 25.5650594], [85.0885509, 25.5651743], [85.0885659, 25.565227], [85.0885911, 25.5652942], [85.0886651, 25.5654456], [85.0886825, 25.5655127], [85.0887051, 25.5655775], [85.0887429, 25.5656855], [85.0887497, 25.5657549], [85.088746, 25.5658217], [85.0887845, 25.5658867], [85.0888282, 25.5659541], [85.0889124, 25.56612], [85.0890654, 25.5664349], [85.0890936, 25.5664854], [85.089111, 25.5665502], [85.0891335, 25.5666269], [85.0891868, 25.5667518], [85.0892379, 25.5668528], [85.0892994, 25.5669563], [85.0893336, 25.5670265], [85.0894029, 25.5671726], [85.0894619, 25.5673052], [85.0895137, 25.5673928], [85.0895336, 25.5674303], [85.0895504, 25.5674707], [85.0895623, 25.5675167], [85.0895754, 25.5675871], [85.0895995, 25.5676605], [85.08966, 25.5678289], [85.0896963, 25.567934], [85.0897326, 25.5680334], [85.0897843, 25.568163], [85.0898023, 25.5682206], [85.0898368, 25.5683386], [85.089844, 25.5683802], [85.0898435, 25.5684146], [85.089832, 25.5684431], [85.0898095, 25.5684672], [85.089704, 25.5685764], [85.0896876, 25.568612], [85.0896946, 25.5686694], [85.0897166, 25.5687772], [85.0896999, 25.5688343], [85.0896604, 25.5688338], [85.0896209, 25.5688333], [85.0890583, 25.5689406], [85.0887489, 25.5690225], [85.0886948, 25.568943], [85.0884892, 25.5684602], [85.0883358, 25.5681716], [85.0882519, 25.5679842], [85.0882132, 25.5679335], [85.0880862, 25.5679677], [85.0879915, 25.5679665], [85.0874831, 25.5681389], [85.0871887, 25.5682712], [85.087021, 25.5683837], [85.0868496, 25.5682381], [85.0866935, 25.5681143], [85.0864194, 25.5679674], [85.0862629, 25.5678722], [85.0861221, 25.5677844], [85.085461, 25.5671308], [85.0851258, 25.566847], [85.084314, 25.5662345], [85.0835798, 25.565709], [85.0831505, 25.5653809], [85.0829245, 25.5651845], [85.0828926, 25.5652056], [85.0832107, 25.5660624], [85.0832864, 25.5662712], [85.0836094, 25.5673216], [85.0839731, 25.5682937], [85.0837113, 25.5683619], [85.0836992, 25.5686268], [85.0839277, 25.5691601], [85.0836493, 25.5692782], [85.0836261, 25.5692493], [85.0833565, 25.5693102], [85.0834686, 25.569713], [85.0833181, 25.5697396], [85.0832462, 25.5697889], [85.0833433, 25.5701412], [85.0832164, 25.5701754], [85.0832153, 25.5702399], [85.0830409, 25.5702806], [85.0830077, 25.5703805], [85.0831515, 25.5707764], [85.0828971, 25.5708734], [85.0830873, 25.5713345], [85.0831997, 25.5717157], [85.0834966, 25.5724218], [85.0837243, 25.5730052], [85.0842406, 25.5728328], [85.0842721, 25.5728332], [85.0849783, 25.5726419], [85.0853201, 25.5725102], [85.0858794, 25.5741011], [85.0859176, 25.5741875], [85.0861392, 25.5746562], [85.0863131, 25.5751457], [85.0864923, 25.5758001], [85.0870001, 25.5756634], [85.0881277, 25.5753056], [85.0882284, 25.5754287], [85.0887916, 25.5752856], [85.0891022, 25.576128], [85.0891138, 25.576143], [85.089282, 25.5761447], [85.0893525, 25.5761454], [85.0895664, 25.5761879], [85.0896555, 25.5761856], [85.089778, 25.5761754], [85.089943, 25.5761618], [85.09002198597224, 25.57616588434552], [85.090022, 25.5761659], [85.0900629, 25.576168], [85.090189, 25.5761745], [85.0901898, 25.5761746], [85.0902078, 25.576174], [85.0902083, 25.576174], [85.0902088, 25.5761739], [85.0902094, 25.5761739], [85.0902099, 25.5761738], [85.0902104, 25.5761737], [85.0902109, 25.5761736], [85.0902114, 25.5761735], [85.0902118, 25.5761734], [85.0902123, 25.5761732], [85.0902128, 25.5761731], [85.0902133, 25.5761729], [85.0902138, 25.5761727], [85.0902142, 25.5761725], [85.0902147, 25.5761722], [85.0902298, 25.5761726], [85.0903374, 25.5761691], [85.0904038, 25.57619], [85.0904418, 25.5762019], [85.0905336, 25.576235], [85.0905739, 25.5762449], [85.0905928, 25.5762451], [85.0906613, 25.5762431], [85.0908364, 25.5762354], [85.0908366, 25.5762355], [85.0908539, 25.5762484], [85.0908913, 25.57626], [85.0909434, 25.5762749], [85.0910191, 25.5762949], [85.0910443, 25.5763087], [85.091071, 25.5763312], [85.0910859, 25.5763523], [85.0911255, 25.5765021], [85.0911535, 25.5765016], [85.0913207, 25.5764654], [85.0914862, 25.5764295], [85.0915129, 25.5764339], [85.0915396, 25.5764384], [85.0915762, 25.5764319], [85.091668, 25.5764155], [85.0916974, 25.5764102], [85.0917026, 25.5764093], [85.0917163, 25.5764069], [85.0918732, 25.5763788], [85.0918777, 25.5763778], [85.0918805, 25.5763771], [85.0918829, 25.5763765], [85.0918813, 25.5763693], [85.0919227, 25.576362], [85.0920786, 25.5763348], [85.092088, 25.5763332], [85.0922722, 25.576301], [85.0923328, 25.5762904], [85.0925088, 25.5762596], [85.0925931, 25.5762449], [85.0926313, 25.5762531], [85.0926635, 25.576367], [85.0926853, 25.5764445], [85.0926942, 25.5764718], [85.0927962, 25.5767776], [85.0928226, 25.5768569], [85.0929339, 25.5772667], [85.0929388, 25.5772943], [85.0929539, 25.5773905], [85.0929671, 25.5774836], [85.0929695, 25.5775423], [85.0929691, 25.5775593], [85.0929672, 25.5776587], [85.0929661, 25.577715], [85.0929729, 25.5778432], [85.092984, 25.5780545], [85.0929841, 25.5781227], [85.0929842, 25.5782745], [85.0929842, 25.5783349], [85.0929824, 25.5783574], [85.0929721, 25.5784899], [85.0929719, 25.5784937], [85.092947, 25.5786768], [85.0929465, 25.5786794], [85.0929267, 25.5787829], [85.0929193, 25.5788217], [85.0928881, 25.5789841], [85.0928834, 25.579009], [85.0928754, 25.5790505], [85.092841, 25.5792642], [85.0928259, 25.579313], [85.0927935, 25.579417], [85.092734, 25.57962], [85.0927208, 25.5796827], [85.0927157, 25.5797195], [85.0927119, 25.5797472], [85.0926923, 25.5798881], [85.0926848, 25.5800284], [85.0926908, 25.5800967], [85.0927076, 25.580286], [85.092715, 25.5803701], [85.0927246, 25.5805203], [85.0927261, 25.5805444], [85.0927465, 25.5806117], [85.0927945, 25.5807062], [85.0928124, 25.5807316], [85.0928345, 25.5807629], [85.0930564, 25.5810033], [85.0931424, 25.5810966], [85.0931652, 25.5810631], [85.0931911, 25.5809819], [85.09321, 25.5809228], [85.0932171, 25.5809093], [85.0932443, 25.5808999], [85.0934214, 25.580873], [85.0935232, 25.5808575], [85.0937908, 25.5808232], [85.0938856, 25.5807918], [85.0939427, 25.5807596], [85.0939656, 25.5807467], [85.0940099, 25.5807238], [85.094053, 25.5807119], [85.0941208, 25.5806977], [85.0941838, 25.5806929], [85.0942733, 25.580686], [85.0943944, 25.5806884], [85.0945193, 25.5806909], [85.0945219, 25.5806909], [85.0945859, 25.5806922], [85.0946364, 25.5806932], [85.0948195, 25.5806866], [85.0950283, 25.5806672], [85.0950944, 25.5806658], [85.0951257, 25.5806652], [85.0952186, 25.5806633], [85.0954913, 25.5806689], [85.0955309, 25.580671], [85.0956212, 25.5806757], [85.0957225, 25.5806815], [85.0958694, 25.5806783], [85.096068, 25.5806803], [85.0960765, 25.5806795], [85.096255, 25.5806636], [85.0964476, 25.5806284], [85.0965194, 25.5806156], [85.0965438, 25.5806148], [85.0966256, 25.5806189], [85.0966784, 25.5806187], [85.0966872, 25.5806187], [85.0967523, 25.5806128], [85.0967532, 25.5806127], [85.0969304, 25.5805548], [85.0972321, 25.5804522], [85.0972709, 25.5807072], [85.0972718, 25.5807157], [85.097283, 25.5808283], [85.0973141, 25.5811412], [85.0973219, 25.5812195], [85.0973358, 25.5813414], [85.0973664, 25.5816111], [85.0973876, 25.5817974], [85.097401, 25.5819156], [85.097413, 25.5818869], [85.0975328, 25.5815961], [85.0976239, 25.5813752], [85.0976886, 25.5812182], [85.0978351, 25.580863], [85.0980804, 25.5802656], [85.098109, 25.580196], [85.0981534, 25.5800838], [85.0981961, 25.5799762], [85.0982081, 25.5799458], [85.0982579, 25.5798203], [85.0982759, 25.5797749], [85.0982959, 25.5797242], [85.0983377, 25.5796188], [85.0983614, 25.5795589], [85.0983951, 25.579474], [85.0984403, 25.57936], [85.0984837, 25.5792504], [85.0984977, 25.5792151], [85.0985234, 25.5791503], [85.0986395, 25.5788654], [85.0986859, 25.5787513], [85.0986994, 25.5787184], [85.0987413, 25.5786381], [85.0987649, 25.5785928], [85.0987849, 25.5785646], [85.0988086, 25.578539], [85.0988358, 25.5785163], [85.098866, 25.578497], [85.0988986, 25.5784813], [85.0989332, 25.5784696], [85.0989692, 25.5784619], [85.0990059, 25.5784585], [85.0990429, 25.5784594], [85.0990794, 25.5784646], [85.0991148, 25.578474], [85.0991329, 25.5784791], [85.099271, 25.5785193], [85.0993068, 25.5785326], [85.0993285, 25.5785406], [85.0994371, 25.578581], [85.0994968, 25.5786032], [85.102536, 25.5795545], [85.1025367, 25.5795547], [85.1025369, 25.5795548], [85.1026314, 25.5795845], [85.1031436, 25.5797454], [85.1035014, 25.5798575], [85.1036614, 25.5799168], [85.1053901, 25.5804657], [85.1053906, 25.5804658], [85.1063478, 25.580775], [85.1065135, 25.5808285], [85.107269, 25.5810725], [85.1079713, 25.5812993], [85.1083456, 25.5814202], [85.1084354, 25.5814483], [85.1085196, 25.5814754], [85.108622, 25.581513], [85.1086744, 25.58153], [85.1086746, 25.58153], [85.1087271, 25.581547], [85.1088547, 25.5815846], [85.1089189, 25.5816044], [85.1089412, 25.5816113], [85.1090674, 25.5816501], [85.10927, 25.5817053], [85.1094449, 25.5817456], [85.1094615, 25.5817491], [85.1095717, 25.5817722], [85.1096782, 25.5817957], [85.1097753, 25.5818183], [85.109808, 25.5818259], [85.109855, 25.5818356], [85.1099038, 25.5818457], [85.1099418, 25.5818535], [85.1101586, 25.5818934], [85.1101962, 25.5819007], [85.110327, 25.581926], [85.1104701, 25.5819528], [85.1106305, 25.5819779], [85.1107722, 25.5820048], [85.1109501, 25.5820344], [85.1111417, 25.5820658], [85.1112868, 25.5820944], [85.1115492, 25.5821376], [85.1116831, 25.5821633], [85.1117836, 25.582184], [85.1118389, 25.5821942], [85.1118391, 25.5821943], [85.1120369, 25.582231], [85.1121902, 25.5822523], [85.1123192, 25.5822687], [85.1124664, 25.5822937], [85.1125759, 25.5823163], [85.1127358, 25.5823507], [85.1129211, 25.5823843], [85.1129387, 25.5823875], [85.1131456, 25.5824316], [85.1133048, 25.5824696], [85.1135055, 25.5825056], [85.1136982, 25.582545], [85.1138838, 25.5825861], [85.1139985, 25.5826079], [85.1142354, 25.5826535], [85.1143987, 25.5826842], [85.1145448, 25.5827128], [85.1146696, 25.5827412], [85.1147773, 25.5827662], [85.1148691, 25.5827874], [85.1150811, 25.5828298], [85.1151074, 25.5828356], [85.115218, 25.5828602], [85.1153347, 25.5828847], [85.1154874, 25.5829155], [85.1157989, 25.5829721], [85.1159399, 25.5830015], [85.1160433, 25.5830278], [85.1163401, 25.5830909], [85.1164307, 25.5831086], [85.1164821, 25.5831186], [85.1165956, 25.5831486], [85.1167687, 25.5831878], [85.1169361, 25.5832222], [85.1171177, 25.5832578], [85.1172719, 25.5832883], [85.1173733, 25.5833099], [85.1174987, 25.5833369], [85.1175224, 25.5833411], [85.1180891, 25.5834506], [85.1182094, 25.5834738], [85.1188515, 25.5835979], [85.1188858, 25.5836045], [85.1189755, 25.583619], [85.1189759, 25.5836191], [85.1189789, 25.5836196], [85.1189333, 25.5835597], [85.1188187, 25.5834091], [85.1187818, 25.5833607], [85.1187504, 25.5833195], [85.1187356, 25.5833], [85.1187099, 25.5832663], [85.118525, 25.5830437], [85.1184851, 25.5829957], [85.1184443, 25.5829491], [85.1183326, 25.5828214], [85.1182495, 25.5827265], [85.1181754, 25.5826327], [85.1181753, 25.5826327], [85.1181329, 25.5825791], [85.1179681, 25.5823151], [85.1179321, 25.5822549], [85.1178366, 25.5820955], [85.1178212, 25.5820698], [85.117787, 25.5820091], [85.1176836, 25.5818253], [85.117579, 25.5816322], [85.1175123, 25.581509], [85.1173951, 25.5813046], [85.1173495, 25.5812193], [85.1173357, 25.5811936], [85.1173357, 25.5811935], [85.1172733, 25.5810766], [85.1171362, 25.5808386], [85.1171255, 25.5808201], [85.1171056, 25.5807855], [85.1170412, 25.5806591], [85.1170342, 25.5806455], [85.1169999, 25.5805782], [85.1168263, 25.5802733], [85.1166888, 25.5800238], [85.1166803, 25.5800042], [85.1166767, 25.5799877], [85.1166723, 25.5799556], [85.1166727, 25.5798616], [85.116687, 25.5797674], [85.1166884, 25.5797578], [85.1167028, 25.5796631], [85.1167423, 25.5794091], [85.116766, 25.5792742], [85.1167464, 25.579273], [85.1166894, 25.5792695], [85.1166773, 25.5792688], [85.1166625, 25.5792668], [85.1166555, 25.5792658], [85.1166402, 25.5792637], [85.1166087, 25.5792599], [85.1166017, 25.5792584], [85.116595, 25.5792571], [85.1165863, 25.5792552], [85.1165819, 25.5792529], [85.1165677, 25.5792453], [85.116555, 25.579234], [85.1165374, 25.5792098], [85.1165321, 25.5792026], [85.1163955, 25.5790333], [85.1162155, 25.5788264], [85.1159835, 25.5785611], [85.1157443, 25.5782697], [85.1156567, 25.5781601], [85.1156228, 25.5781116], [85.1155919, 25.5780674], [85.1155589, 25.5780202], [85.1154977, 25.5779196], [85.1153641, 25.5777004], [85.1153083, 25.577614], [85.1152961, 25.5775952], [85.1151221, 25.5772977], [85.1150389, 25.5771494], [85.1150336, 25.5771267], [85.1150219, 25.577074], [85.1150132, 25.576975], [85.1150111, 25.5768936], [85.1150047, 25.5768647], [85.1150005, 25.5768451], [85.11499, 25.5768153], [85.1149341, 25.5766818], [85.1148757, 25.5765513], [85.1148397, 25.5764882], [85.1147339, 25.5763008], [85.1147246, 25.5762843], [85.1146895, 25.5762102], [85.1145549, 25.5759254], [85.1145449, 25.5759031], [85.1145091, 25.5758234], [85.1144593, 25.575717], [85.1144345, 25.5757298], [85.1144069, 25.5757395], [85.1143693, 25.5757522], [85.1142719, 25.5757901], [85.1141861, 25.5758249], [85.1141635, 25.5758369], [85.1140948, 25.5758755], [85.1140759, 25.5758862], [85.1140133, 25.5759218], [85.1140076, 25.575925], [85.1139919, 25.5759323], [85.1139875, 25.5759344], [85.113973, 25.575941], [85.1139626, 25.5759446], [85.1139453, 25.5759506], [85.1139418, 25.5759509], [85.1139151, 25.5759535], [85.1138959, 25.5759522], [85.113895, 25.5759521], [85.1138818, 25.5759448], [85.1138617, 25.5759151], [85.1138549, 25.5759015], [85.1137958, 25.5757851], [85.1136764, 25.5756006], [85.1136734, 25.5755959], [85.1136722, 25.5755941], [85.113561, 25.5754224], [85.1135397, 25.5753855], [85.1134732, 25.5752701], [85.1134729, 25.5752697], [85.113453, 25.5752423], [85.1134276, 25.5752186], [85.1133931, 25.5751865], [85.1133682, 25.5751633], [85.1132269, 25.5750516], [85.1131938, 25.5750118], [85.1131759, 25.5749876], [85.1131759, 25.5749875], [85.1131632, 25.5749571], [85.1131564, 25.5749409], [85.1130847, 25.5747421], [85.1130416, 25.5746597], [85.1130086, 25.5746067], [85.1129383, 25.5745295], [85.1128894, 25.5744758], [85.1126906, 25.5742707], [85.112612, 25.5741888], [85.1125626, 25.5741372], [85.1124966, 25.5740576], [85.1124501, 25.5739905], [85.1124039, 25.57391], [85.112388, 25.5738351], [85.1123751, 25.5737663], [85.1123762, 25.5736326], [85.1123714, 25.5735603], [85.1123596, 25.5735087], [85.1123482, 25.5734589], [85.1123326, 25.5733836], [85.1122676, 25.5730698], [85.1122422, 25.57299], [85.1121748, 25.5727784], [85.1121215, 25.5726138], [85.1120966, 25.5725367], [85.1120943, 25.5725297], [85.1120925, 25.5725227], [85.1120761, 25.5724582], [85.112048, 25.5723475], [85.1119577, 25.5721402], [85.1119391, 25.572083], [85.1119145, 25.5720076], [85.1119112, 25.5719976], [85.1119002, 25.5719637], [85.1118948, 25.5719407], [85.1118931, 25.5719339], [85.1118809, 25.5718826], [85.1118612, 25.5717994], [85.1118382, 25.5717213], [85.1118312, 25.571711], [85.1118276, 25.5717057], [85.1117441, 25.5715969], [85.1116626, 25.571489], [85.1116414, 25.5714603], [85.1116401, 25.5714584], [85.1116397, 25.5714579], [85.1116279, 25.5714427], [85.1116266, 25.5714395], [85.1116227, 25.5714298], [85.1116217, 25.5714172], [85.1116252, 25.5713749], [85.1116253, 25.5713394], [85.1116185, 25.5713071], [85.1116124, 25.5712958], [85.1115679, 25.5712137], [85.1115232, 25.5711322], [85.1114794, 25.5710501], [85.1114365, 25.5709715], [85.1113893, 25.5708846], [85.1113466, 25.5708045], [85.1112997, 25.5707136], [85.1112532, 25.5706242], [85.1112154, 25.5705514], [85.1111774, 25.5704777], [85.111142, 25.5704102], [85.1111307, 25.5703887], [85.111115, 25.5703572], [85.1111115, 25.5703415], [85.1111104, 25.5703365], [85.1111007, 25.570296], [85.1110959, 25.5702728], [85.1110951, 25.5702555], [85.1110949, 25.5702504], [85.1110959, 25.5702402], [85.11109583538462, 25.57024020430769], [85.1110959, 25.5702395], [85.1110771, 25.5702492], [85.1110762, 25.5702473], [85.1110739, 25.5702415], [85.11107383613928, 25.57024150449102], [85.111012, 25.5700899], [85.1109861, 25.5699899], [85.1109584, 25.569936]]]}}]}