{"type": "FeatureCollection", "metadata": {"ac_no": "183", "ac_name": "Kumhrar", "total_wards": 22}, "features": [{"type": "Feature", "properties": {"ward": "2", "ward_title": "Ward 2", "area": "Ashiyana Nagar / Khajapura / Kurji", "short_area": "Ashiyana / Khajapura", "ac_no": "183", "ac_name": "Kumhrar", "ac_booths": 1, "ac_booth_range": "392-392", "ac_voters": 948, "total_ward_booths": "26", "total_ward_voters": "23,438", "center_lat": 25.6140453, "center_lon": 85.07334547152543, "label_lat": 25.6140453, "label_lon": 85.07334547152543, "has_leader": false, "leader_line": null, "color": "#f59e0b", "color_dark": "#b45309"}, "geometry": {"type": "Polygon", "coordinates": [[[85.0631565, 25.6091302], [85.0629775, 25.6091994], [85.0629556, 25.6092077], [85.0626511, 25.6093243], [85.0626506, 25.6093231], [85.0626504, 25.6093228], [85.0626353, 25.6093283], [85.0626417, 25.6093418], [85.0624735, 25.6093981], [85.0625397, 25.6095411], [85.0627177, 25.6099327], [85.062873, 25.6102704], [85.0629938, 25.6105371], [85.0631695, 25.6109144], [85.0633743, 25.6113613], [85.0636047, 25.6118624], [85.0637663, 25.612212], [85.0639518, 25.6126179], [85.064134, 25.6130158], [85.0643356, 25.6134523], [85.0645149, 25.6138368], [85.0646481, 25.6141318], [85.0648783, 25.6146298], [85.0650472, 25.6149989], [85.0651806, 25.6152872], [85.0653475, 25.6156534], [85.0655074, 25.6160005], [85.0656641, 25.6163446], [85.0658219, 25.6166858], [85.0660216, 25.6171126], [85.0661498, 25.6173981], [85.0663613, 25.6178709], [85.0665792, 25.6183486], [85.0667584, 25.618736], [85.0668999, 25.6190407], [85.0670506, 25.6193714], [85.0672341, 25.6197698], [85.0674173, 25.620172], [85.0676372, 25.6206521], [85.067785, 25.6209937], [85.0678706, 25.6211783], [85.068103, 25.6216672], [85.0683661, 25.6222095], [85.0685116, 25.6225352], [85.0686901, 25.6224699], [85.0689841, 25.6224474], [85.0690042, 25.6224459], [85.06944638221172, 25.622412062592527], [85.0694464, 25.6224121], [85.0698131, 25.622384], [85.069815, 25.6223612], [85.0698204, 25.622288], [85.0698216, 25.6222719], [85.0698308, 25.6222863], [85.0698694, 25.62232], [85.0699477, 25.6223737], [85.0699889, 25.6224021], [85.0701947, 25.622501], [85.0703439, 25.6226086], [85.0703808, 25.622621], [85.0704013, 25.6226233], [85.0704377, 25.6226238], [85.0707246, 25.6226051], [85.0712273, 25.6225908], [85.0712294, 25.6225913], [85.0712366, 25.6225831], [85.0712913, 25.6225217], [85.071294, 25.6225184], [85.0713048, 25.6225113], [85.0713136, 25.6225095], [85.0713873, 25.6225038], [85.0713947, 25.6225039], [85.0714073, 25.6224917], [85.071412, 25.6224773], [85.0714118, 25.6224584], [85.0714117, 25.6224431], [85.071408, 25.62235], [85.0714058, 25.6222926], [85.0716781, 25.6222726], [85.0718977, 25.6222565], [85.0718972, 25.6223403], [85.0718971, 25.6223525], [85.0719215, 25.6223528], [85.0719275, 25.6223529], [85.0719275, 25.6223506], [85.07224, 25.6223405], [85.0722514, 25.6223397], [85.0728063, 25.6222987], [85.0729606, 25.6222869], [85.0729998, 25.622284], [85.0729939, 25.6218826], [85.073047, 25.6218838], [85.0731431, 25.6218861], [85.0731636, 25.6218923], [85.0732158, 25.6219122], [85.073234, 25.6219175], [85.0732522, 25.6219228], [85.0733329, 25.6219394], [85.0733353, 25.6218608], [85.0733375, 25.6218499], [85.0733377, 25.6218424], [85.0733393, 25.6218405], [85.0733565, 25.6218317], [85.0734909, 25.6218156], [85.0735161, 25.6218069], [85.0735368, 25.6217917], [85.0735447, 25.6217388], [85.0735739, 25.6212444], [85.073574, 25.621244], [85.073574, 25.6212435], [85.0735741, 25.621243], [85.0735742, 25.6212426], [85.0735743, 25.6212421], [85.0735744, 25.6212416], [85.0735746, 25.6212412], [85.0735747, 25.6212407], [85.0735749, 25.6212403], [85.0735751, 25.6212399], [85.0735753, 25.6212394], [85.0735756, 25.621239], [85.0735758, 25.6212386], [85.0735761, 25.6212382], [85.0735764, 25.6212378], [85.0735766, 25.6212374], [85.073577, 25.621237], [85.0735773, 25.6212366], [85.0735776, 25.6212363], [85.073578, 25.6212359], [85.0735783, 25.6212356], [85.0735787, 25.6212352], [85.0735791, 25.6212349], [85.0735795, 25.6212346], [85.0735799, 25.6212343], [85.0735803, 25.6212341], [85.0735808, 25.6212338], [85.0735812, 25.6212335], [85.0735817, 25.6212333], [85.0735821, 25.6212331], [85.0735826, 25.6212329], [85.0735831, 25.6212327], [85.0735836, 25.6212325], [85.073584, 25.6212323], [85.0735845, 25.6212322], [85.073585, 25.6212321], [85.0735855, 25.621232], [85.0735861, 25.6212319], [85.0735866, 25.6212318], [85.0735871, 25.6212317], [85.0735876, 25.6212317], [85.0735881, 25.6212316], [85.0735887, 25.6212316], [85.0735892, 25.6212316], [85.0735897, 25.6212316], [85.0735902, 25.6212317], [85.073761, 25.6212458], [85.0738435, 25.6212648], [85.0738492, 25.6212661], [85.0739281, 25.6212842], [85.0739398, 25.621285], [85.0741402, 25.6212979], [85.0742523, 25.6213136], [85.0743688, 25.6213469], [85.074392, 25.6213565], [85.0743927, 25.6213582], [85.0743954, 25.6213658], [85.0743952, 25.6213747], [85.0743929, 25.6213945], [85.0743894, 25.6216149], [85.0743885, 25.6216687], [85.0743997, 25.6216897], [85.0744196, 25.6217083], [85.0749484, 25.6217079], [85.0749589, 25.621708], [85.0749862, 25.6217101], [85.0749943, 25.6216741], [85.0749989, 25.6216425], [85.0750238, 25.6215214], [85.0750239, 25.621521], [85.075024, 25.6215205], [85.0750242, 25.6215201], [85.0750243, 25.6215197], [85.0750245, 25.6215192], [85.0750247, 25.6215188], [85.0750249, 25.6215184], [85.0750251, 25.6215179], [85.0750253, 25.6215175], [85.0750256, 25.6215171], [85.0750258, 25.6215167], [85.0750261, 25.6215163], [85.0750264, 25.621516], [85.0750267, 25.6215156], [85.075027, 25.6215152], [85.0750274, 25.6215149], [85.0750277, 25.6215145], [85.0750281, 25.6215142], [85.0750284, 25.6215139], [85.0750288, 25.6215136], [85.0750292, 25.6215133], [85.0750296, 25.621513], [85.07503, 25.6215127], [85.0750305, 25.6215125], [85.0750309, 25.6215123], [85.0750314, 25.621512], [85.0750318, 25.6215118], [85.0750323, 25.6215116], [85.0750327, 25.6215114], [85.0750332, 25.6215113], [85.0750337, 25.6215111], [85.0750342, 25.621511], [85.0750347, 25.6215108], [85.0750352, 25.6215107], [85.0750357, 25.6215106], [85.0750362, 25.6215105], [85.0750367, 25.6215105], [85.0750372, 25.6215104], [85.0750377, 25.6215104], [85.0750382, 25.6215104], [85.0750387, 25.6215104], [85.0750456, 25.6215105], [85.0751176, 25.6215194], [85.0751409, 25.6215223], [85.0751411, 25.6215223], [85.0752521, 25.6215659], [85.0753767, 25.6216174], [85.0754284, 25.6216408], [85.0754944, 25.6216956], [85.0756633, 25.6218232], [85.0758071, 25.6219128], [85.0758558, 25.6219432], [85.0761028, 25.6220676], [85.0761416, 25.6220795], [85.0761873, 25.6220935], [85.0762438, 25.6221043], [85.0763424, 25.6221162], [85.0763774, 25.6221204], [85.0764747, 25.6221267], [85.0765305, 25.6221348], [85.0765451, 25.6221369], [85.0765565, 25.6221393], [85.0765674, 25.6221431], [85.0765776, 25.6221484], [85.076578, 25.6221487], [85.0765868, 25.622155], [85.0765949, 25.6221628], [85.0766016, 25.6221715], [85.0766067, 25.6221811], [85.0766103, 25.6221912], [85.0768754, 25.6222148], [85.076923, 25.622219], [85.0769243, 25.6222192], [85.076994, 25.6222287], [85.0770072, 25.6222305], [85.0770409, 25.6222335], [85.0771171, 25.6222436], [85.0771239, 25.6222445], [85.0771336, 25.6222458], [85.0772425, 25.6222539], [85.0773591, 25.6222626], [85.0773859, 25.6222661], [85.0774048, 25.6222686], [85.0774756, 25.6222779], [85.0775518, 25.6222962], [85.0775868, 25.6223046], [85.0776337, 25.6223053], [85.077642, 25.6223054], [85.0776701, 25.6223068], [85.0777223, 25.6223093], [85.0778455, 25.6223154], [85.0778674, 25.6223165], [85.0779486, 25.6223167], [85.0780551, 25.6223169], [85.0780638, 25.622317], [85.0780874, 25.622317], [85.0782417, 25.6223174], [85.0782698, 25.6223165], [85.0782808, 25.6223162], [85.0783107, 25.6223154], [85.0783406, 25.6223145], [85.0784511, 25.6223113], [85.0785487, 25.6223085], [85.0786298, 25.6223061], [85.0786756, 25.6223087], [85.0787194, 25.6223112], [85.0787957, 25.6223156], [85.0789732, 25.6223257], [85.0790665, 25.6223311], [85.0790836, 25.6223321], [85.079094, 25.6223327], [85.0792871, 25.6223315], [85.0793507, 25.6223292], [85.0793892, 25.6223278], [85.0795181, 25.6223233], [85.0795754, 25.6223213], [85.0795981, 25.6223204], [85.0796196, 25.6223197], [85.0796208, 25.6223196], [85.0796558, 25.6223176], [85.0797761, 25.6223106], [85.0798032, 25.6223091], [85.0798652, 25.6223054], [85.0798738, 25.6223029], [85.0800208, 25.6222644], [85.0800506, 25.6222567], [85.0802506, 25.6222043], [85.0802517, 25.622204], [85.0802685, 25.6221996], [85.0802829, 25.6221958], [85.0802973, 25.622192], [85.0804544, 25.6221509], [85.0805019, 25.6221405], [85.080576, 25.6221242], [85.0806926, 25.622087], [85.0809195, 25.6220147], [85.0810235, 25.6220027], [85.0811464, 25.6219885], [85.0812682, 25.6219745], [85.0812775, 25.6219734], [85.0813803, 25.6219615], [85.0814001, 25.6219592], [85.0814198, 25.6219568], [85.0816089, 25.6219613], [85.0817272, 25.6219507], [85.0817402, 25.6219496], [85.081861, 25.6219493], [85.081876, 25.6219495], [85.081891, 25.6219502], [85.0819221, 25.6219522], [85.0820115, 25.6219581], [85.0820201, 25.6219587], [85.0820618, 25.6219594], [85.0820646, 25.6219798], [85.0820751, 25.6220578], [85.0820936, 25.6220561], [85.0821036, 25.6220993], [85.0822768, 25.6220694], [85.0823037, 25.6220648], [85.0823171, 25.6220624], [85.0823306, 25.6220601], [85.0823166, 25.6219857], [85.0823039, 25.6219177], [85.082482, 25.6219033], [85.0825023, 25.6219869], [85.08251, 25.6220183], [85.0825955, 25.6220106], [85.0827506, 25.6219965], [85.0828183, 25.6219891], [85.0828628, 25.6219843], [85.0828681, 25.6219837], [85.0828804, 25.6219824], [85.0828794, 25.6219782], [85.0828791, 25.6219768], [85.0828725, 25.6219538], [85.0828689, 25.6219409], [85.0828682, 25.6219387], [85.0828453, 25.6217301], [85.0828263, 25.6215364], [85.0827959, 25.6212318], [85.0827959, 25.6212311], [85.0827959, 25.6212308], [85.0827901, 25.6211012], [85.0827869, 25.6210294], [85.082746, 25.6204484], [85.0827445, 25.6204353], [85.0827218, 25.6202325], [85.0827207, 25.6202243], [85.0827205, 25.6202227], [85.0826866, 25.6199265], [85.0826862, 25.619924], [85.082644, 25.6196251], [85.0825929, 25.6192639], [85.0825899, 25.6192388], [85.0825793, 25.6191517], [85.0825641, 25.6189183], [85.0825562, 25.6187966], [85.0825375, 25.6185078], [85.0824964, 25.6181611], [85.0824921, 25.6181246], [85.0824874, 25.6180833], [85.0824613, 25.6178839], [85.0824583, 25.6178125], [85.0824572, 25.6177981], [85.0824301, 25.6173488], [85.0824233, 25.6172588], [85.082419, 25.6172032], [85.0824181, 25.6171941], [85.0824176, 25.6171898], [85.0824133, 25.6171284], [85.0823906, 25.6168289], [85.0823887, 25.6168032], [85.0823818, 25.6167262], [85.0823703, 25.6165969], [85.0823549, 25.6164585], [85.0823443, 25.6163639], [85.0823259, 25.6161845], [85.0823256, 25.6161816], [85.0823154, 25.6160758], [85.0822961, 25.6158736], [85.0822791, 25.6156875], [85.0822707, 25.6156121], [85.0822647, 25.6155659], [85.0822569, 25.6155051], [85.0822515, 25.6154622], [85.082222, 25.6152032], [85.0822166, 25.615167], [85.0821788, 25.6149103], [85.0821482, 25.6146494], [85.0821482, 25.6146493], [85.0821399, 25.6145646], [85.0821326, 25.6144889], [85.0820876, 25.6140868], [85.0820762, 25.6140038], [85.0820658, 25.6139274], [85.0820657, 25.6139274], [85.0820207, 25.6136216], [85.0820194, 25.6136135], [85.0820105, 25.6135373], [85.0819279, 25.6128323], [85.0818784, 25.6125143], [85.0818134, 25.6122025], [85.0818095, 25.6121822], [85.0817481, 25.6119084], [85.0817355, 25.6118573], [85.0816964, 25.6116985], [85.0816819, 25.611635], [85.0816808, 25.6116301], [85.0816777, 25.6116167], [85.0816774, 25.6116155], [85.0816762, 25.6116101], [85.0816347, 25.6114293], [85.0816196, 25.61137], [85.0815606, 25.6111379], [85.0815597, 25.6111343], [85.0815452, 25.6110569], [85.0815327, 25.6109904], [85.0815244, 25.6109462], [85.0815101, 25.6108703], [85.0815036, 25.6108356], [85.0814637, 25.6106185], [85.0814519, 25.6105544], [85.081441, 25.6104838], [85.0814251, 25.6103812], [85.0814251, 25.6103811], [85.0814231, 25.610368], [85.0813912, 25.6101047], [85.0813851, 25.6100555], [85.0813578, 25.6098345], [85.0813554, 25.609815], [85.0813403, 25.6096951], [85.0813225, 25.6095539], [85.0812894, 25.6093635], [85.0812863, 25.6093313], [85.0812815, 25.6092827], [85.0812796, 25.6092415], [85.0812731, 25.6090983], [85.081273, 25.6090962], [85.0812713, 25.6090581], [85.0812683, 25.609022], [85.0812588, 25.6089061], [85.0812563, 25.6088759], [85.0812454, 25.6087814], [85.0812315, 25.6086616], [85.0812219, 25.6086029], [85.0812219, 25.6086028], [85.081209, 25.6085236], [85.0811963, 25.608446], [85.0811923, 25.6084011], [85.081185, 25.60832], [85.0811829, 25.6083046], [85.0811733, 25.608234], [85.081159, 25.6081517], [85.081159, 25.6081515], [85.0811433, 25.6080612], [85.0811337, 25.6080207], [85.0810895, 25.6078323], [85.0810586, 25.6076856], [85.0810522, 25.6076554], [85.0810507, 25.607648], [85.0810447, 25.6076194], [85.0810289, 25.6075496], [85.0810244, 25.6075298], [85.0809956, 25.6074025], [85.0809798, 25.6073542], [85.0809505, 25.6072646], [85.0809485, 25.6072585], [85.0808785, 25.6070447], [85.0808734, 25.6070289], [85.080862, 25.6069943], [85.0808315, 25.6069009], [85.0808107, 25.6068269], [85.0807765, 25.6067048], [85.0807695, 25.6066793], [85.0807471, 25.6065977], [85.0807255, 25.6065187], [85.0807184, 25.6064931], [85.0807133, 25.6064744], [85.0807069, 25.606451], [85.0806929, 25.6064031], [85.0806395, 25.6062204], [85.0806318, 25.6061943], [85.0806271, 25.6061782], [85.0805771, 25.6059968], [85.0805766, 25.6059949], [85.0805232, 25.6057977], [85.0805147, 25.6057508], [85.0804986, 25.6056625], [85.0804876, 25.6056024], [85.0804708, 25.6054498], [85.0804458, 25.6054521], [85.0804187, 25.6054546], [85.0803944, 25.6054568], [85.080207, 25.6054788], [85.0799927, 25.605504], [85.0798168, 25.6055246], [85.0797647, 25.60555], [85.0794116, 25.6055941], [85.0791671, 25.6056218], [85.0787269, 25.6056718], [85.0785906, 25.6056859], [85.07844, 25.6057015], [85.0780399, 25.6057441], [85.0780398, 25.605744], [85.0776339, 25.6057872], [85.0775032, 25.6058004], [85.0768774, 25.6058638], [85.076578, 25.605894], [85.0760221, 25.6059555], [85.0759389, 25.6059647], [85.0758515, 25.6059744], [85.0758494, 25.6059746], [85.0758311, 25.6059766], [85.0755089, 25.606011], [85.0755008, 25.6060119], [85.0754113, 25.6060215], [85.0750881, 25.606056], [85.0745277, 25.6061138], [85.0745204, 25.6061145], [85.0745025, 25.6061164], [85.0744314, 25.6061237], [85.0741241, 25.6061504], [85.074087, 25.6061536], [85.0740861, 25.6061536], [85.0739702, 25.6061637], [85.0738414, 25.6061749], [85.0737508, 25.6061841], [85.0737406, 25.6061851], [85.0734943, 25.6062101], [85.0734942, 25.6062101], [85.0733632, 25.6062233], [85.0733259, 25.6062271], [85.073279, 25.6062319], [85.0729734, 25.606263], [85.0728125, 25.6062794], [85.072781, 25.6062828], [85.0726663, 25.6062951], [85.0724374, 25.6063198], [85.072222, 25.6063431], [85.0717245, 25.6063994], [85.0713702, 25.6064402], [85.0708534, 25.6065053], [85.0705179, 25.6065585], [85.0701457, 25.6066402], [85.0701339, 25.6066428], [85.0700861, 25.6066533], [85.070037, 25.6066641], [85.0699712, 25.6066785], [85.0697948, 25.6067173], [85.0694745, 25.6068046], [85.0694077, 25.6068228], [85.0693692, 25.6068358], [85.0691521, 25.6069088], [85.0689392, 25.6069852], [85.0689039, 25.6069979], [85.0683976, 25.6071887], [85.0682713, 25.6072387], [85.0681084, 25.6073031], [85.0680859, 25.6073111], [85.068005, 25.6073399], [85.0678416, 25.6073979], [85.0677891, 25.6074133], [85.0674944, 25.6074935], [85.0674422, 25.6075122], [85.0672667, 25.6075749], [85.0670801, 25.6076415], [85.0669851, 25.6076754], [85.0669438, 25.6076902], [85.0668895, 25.6077109], [85.0667146, 25.6077778], [85.0662661, 25.6079492], [85.0662208, 25.6079671], [85.0661445, 25.6079973], [85.0661029, 25.6080138], [85.0659691, 25.6080667], [85.065858, 25.6081106], [85.0658077, 25.6081305], [85.0656949, 25.6081755], [85.0654742, 25.6082635], [85.0653988, 25.6082935], [85.0652098, 25.6083688], [85.0646855, 25.6085665], [85.0646708, 25.608572], [85.0646562, 25.6085775], [85.0641848, 25.6087552], [85.0641237, 25.6087782], [85.0640151, 25.6088191], [85.063571, 25.6089791], [85.0632844, 25.6090835], [85.06328442849075, 25.60908356342564], [85.0631735, 25.609124], [85.0631569, 25.60913], [85.0631565, 25.6091302]]]}}, {"type": "Feature", "properties": {"ward": "30", "ward_title": "Ward 30", "area": "Sipara / Dashratha", "short_area": "Sipara / Dashratha", "ac_no": "183", "ac_name": "Kumhrar", "ac_booths": 4, "ac_booth_range": "225-229", "ac_voters": 4274, "total_ward_booths": "30", "total_ward_voters": "23,923", "center_lat": 25.5826059, "center_lon": 85.13014012107323, "label_lat": 25.582380648979292, "label_lon": 85.13014012107323, "has_leader": false, "leader_line": null, "color": "#f59e0b", "color_dark": "#b45309"}, "geometry": {"type": "Polygon", "coordinates": [[[85.142266, 25.5757224], [85.142266, 25.5757223], [85.1422704, 25.5756724], [85.1422777, 25.5755911], [85.1422763, 25.575527], [85.1422753, 25.5754756], [85.1422592, 25.5754771], [85.1421274, 25.5752724], [85.1418716, 25.5752125], [85.1415624, 25.5751936], [85.1413362, 25.575134], [85.1411096, 25.5750983], [85.1408368, 25.5750709], [85.1407151, 25.5750664], [85.1407125, 25.5750186], [85.140715, 25.5748574], [85.1407093, 25.5748036], [85.1406998, 25.5747736], [85.1406936, 25.5747497], [85.1406839, 25.5747376], [85.1406545, 25.5747223], [85.1405988, 25.5747067], [85.140533, 25.5747028], [85.1402404, 25.5746812], [85.1401943, 25.5746806], [85.1401321, 25.5746589], [85.1400666, 25.5746402], [85.1400142, 25.5746216], [85.1399847, 25.5746152], [85.1399452, 25.5746147], [85.1399155, 25.5746174], [85.1398724, 25.5746347], [85.1397892, 25.5746934], [85.1397462, 25.5747078], [85.1396735, 25.5747247], [85.1396307, 25.5747302], [85.1394989, 25.5747375], [85.1393836, 25.574739], [85.139159, 25.5747869], [85.1390233, 25.5748359], [85.1387854, 25.5748926], [85.1386502, 25.5749088], [85.1384919, 25.5749277], [85.1383339, 25.5749257], [85.138235, 25.5749334], [85.1380536, 25.5749609], [85.1380351, 25.57488], [85.1380198, 25.5748022], [85.1379915, 25.5747183], [85.1379726, 25.5746643], [85.1379675, 25.5745687], [85.1379555, 25.5744879], [85.1379429, 25.5744519], [85.1379169, 25.5744307], [85.1378842, 25.5744213], [85.1378481, 25.5744119], [85.1376173, 25.5744358], [85.1373696, 25.5744894], [85.1370188, 25.5746103], [85.1369891, 25.5746159], [85.1369592, 25.5746275], [85.136662, 25.5746924], [85.1365664, 25.5747001], [85.1362798, 25.5747144], [85.1359893, 25.5747644], [85.1356664, 25.5747872], [85.1353927, 25.5748165], [85.1352636, 25.5748597], [85.1350856, 25.5748753], [85.1349238, 25.5749061], [85.1346262, 25.5749949], [85.1343375, 25.5750585], [85.1342743, 25.5750576], [85.1341793, 25.5750708], [85.1340761, 25.5751053], [85.1339087, 25.5751963], [85.1338058, 25.5752093], [85.133687, 25.5752293], [85.133386, 25.5752828], [85.133322, 25.5753321], [85.1331609, 25.5755307], [85.1329765, 25.5757075], [85.1327895, 25.5755331], [85.1327043, 25.5754246], [85.1326652, 25.5754026], [85.1325862, 25.5754015], [85.132341, 25.5754199], [85.1318654, 25.5755213], [85.1317863, 25.5755275], [85.1317073, 25.5755265], [85.1316596, 25.5755474], [85.1316197, 25.5755683], [85.1315807, 25.5755392], [85.1315253, 25.5755456], [85.1314616, 25.5755735], [85.1313984, 25.5755727], [85.1313431, 25.575572], [85.1313038, 25.5755643], [85.1312273, 25.5753985], [85.131144, 25.5751682], [85.1309947, 25.5746074], [85.1308362, 25.5746412], [85.1308285, 25.5746267], [85.1305992, 25.5746381], [85.1305251, 25.5743219], [85.1302468, 25.5744402], [85.1301776, 25.5743175], [85.1300027, 25.5743869], [85.129965, 25.5742717], [85.1297951, 25.5740188], [85.1298035, 25.5739831], [85.12982, 25.5739403], [85.1298295, 25.5738401], [85.1298309, 25.573747], [85.1297736, 25.5733664], [85.1297351, 25.5733015], [85.1292651, 25.5735534], [85.1289627, 25.5736929], [85.1288837, 25.5736918], [85.1286689, 25.5737894], [85.1284374, 25.5739441], [85.1282467, 25.5740133], [85.1280962, 25.57404], [85.1279697, 25.5740456], [85.1278749, 25.5740444], [85.1277837, 25.5740661], [85.1277831, 25.5740685], [85.127782, 25.5740789], [85.1277806, 25.5740968], [85.1277828, 25.5741185], [85.1277842, 25.57413], [85.1277895, 25.5741768], [85.1277925, 25.5742045], [85.1277978, 25.5742389], [85.1278007, 25.5742574], [85.1278089, 25.574312], [85.1278193, 25.5743808], [85.1278298, 25.5744509], [85.1278311, 25.574459], [85.127837, 25.5744855], [85.1278444, 25.5745181], [85.1278596, 25.5745852], [85.1278619, 25.5745955], [85.1278651, 25.5746098], [85.1278666, 25.5746182], [85.1278679, 25.5746233], [85.1278721, 25.574639], [85.1278881, 25.5746942], [85.1278937, 25.5747137], [85.1278955, 25.5747187], [85.1279072, 25.5747444], [85.1279123, 25.5747549], [85.1279214, 25.574781], [85.127929, 25.5748049], [85.1279294, 25.5748103], [85.1279303, 25.5748204], [85.1279324, 25.5748338], [85.1279436, 25.5749085], [85.1279441, 25.5749206], [85.1279442, 25.5749292], [85.1279433, 25.5749335], [85.1279417, 25.5749415], [85.1279378, 25.5749472], [85.1279341, 25.5749508], [85.1278995, 25.5749706], [85.1278381, 25.5750059], [85.1277526, 25.5750557], [85.1277486, 25.5750575], [85.1276982, 25.5750726], [85.1276664, 25.5750819], [85.1275416, 25.5751185], [85.1275115, 25.5751273], [85.1274777, 25.5751315], [85.1273889, 25.575142], [85.1273323, 25.5751487], [85.1272487, 25.5751585], [85.1272179, 25.5751621], [85.1272128, 25.5751628], [85.1271709, 25.5751625], [85.127115, 25.5751627], [85.12702, 25.5751623], [85.1269889, 25.5751624], [85.1268875, 25.575162], [85.1268027, 25.5751619], [85.1267624, 25.5751618], [85.1266929, 25.5751617], [85.1266434, 25.5751632], [85.1265983, 25.5751645], [85.1265617, 25.5751657], [85.126474, 25.5751682], [85.1263854, 25.5751711], [85.1263623, 25.5751715], [85.1263573, 25.5751538], [85.1263373, 25.5750845], [85.1263104, 25.5749947], [85.1262961, 25.5749486], [85.1262837, 25.5749081], [85.1262765, 25.5748854], [85.1262645, 25.5748429], [85.1262493, 25.5747884], [85.1262367, 25.5747443], [85.1262116, 25.5746614], [85.1261913, 25.5745947], [85.1261791, 25.5745542], [85.126163, 25.5745019], [85.1261473, 25.5744494], [85.1261285, 25.5743852], [85.126113, 25.5743305], [85.1260948, 25.5742675], [85.1260698, 25.5741813], [85.1260401, 25.5740785], [85.1260336, 25.5740564], [85.1260189, 25.5740054], [85.1260051, 25.5739611], [85.1259725, 25.5738544], [85.1259305, 25.5737171], [85.1258911, 25.5735852], [85.1258579, 25.573474], [85.1258448, 25.5734303], [85.1258163, 25.5733356], [85.1257822, 25.5732232], [85.1257493, 25.5731138], [85.125714, 25.5729942], [85.1256758, 25.5728669], [85.1256518, 25.5727838], [85.1255066, 25.5728068], [85.1253112, 25.5728383], [85.1250687, 25.572877], [85.1248812, 25.5729068], [85.1247086, 25.5729375], [85.1245264, 25.5729707], [85.1245194, 25.5729512], [85.1244964, 25.5728788], [85.1244828, 25.5728368], [85.1244416, 25.5728478], [85.124413, 25.5728554], [85.1243946, 25.5728601], [85.1243806, 25.5728633], [85.1243836, 25.5728727], [85.1243862, 25.5728805], [85.1243916, 25.5728977], [85.1243995, 25.5729227], [85.1244062, 25.5729439], [85.1244151, 25.5729726], [85.1244157, 25.5729744], [85.1244205, 25.5729827], [85.1244199, 25.5729829], [85.1244044, 25.5729801], [85.1243917, 25.5729795], [85.1243887, 25.5729794], [85.1243662, 25.5729828], [85.1243244, 25.5729891], [85.1243079, 25.5729916], [85.1242954, 25.5729935], [85.1242841, 25.5729948], [85.1242601, 25.5729976], [85.12423, 25.5730012], [85.1242091, 25.5730036], [85.124193, 25.5730056], [85.1241514, 25.5730112], [85.1241211, 25.5730152], [85.1240974, 25.5730184], [85.1240584, 25.5730237], [85.1240348, 25.573027], [85.1240085, 25.5730306], [85.1239783, 25.5730347], [85.1239483, 25.5730381], [85.1239116, 25.5730423], [85.1238946, 25.5730442], [85.1238431, 25.57305], [85.1238052, 25.5730543], [85.1237507, 25.5730605], [85.1237283, 25.573063], [85.1236782, 25.5730687], [85.1236179, 25.5730757], [85.1235982, 25.5730779], [85.1235544, 25.5730828], [85.1235233, 25.5730864], [85.1234624, 25.5730933], [85.1233848, 25.573102], [85.1233246, 25.5731088], [85.1232443, 25.5731179], [85.1232435, 25.573099], [85.1232423, 25.5730646], [85.1232407, 25.5730188], [85.1232395, 25.5729871], [85.1232382, 25.5729493], [85.1232363, 25.5729006], [85.1232345, 25.5728538], [85.1232327, 25.5728078], [85.1232321, 25.5727892], [85.123229, 25.5727607], [85.1232241, 25.5727166], [85.1232195, 25.572676], [85.1232146, 25.5726337], [85.123208, 25.5725762], [85.1232055, 25.5725529], [85.1232014, 25.5725168], [85.1231966, 25.5724738], [85.12319, 25.5724158], [85.123186, 25.5723805], [85.1231841, 25.572367], [85.1231771, 25.5723212], [85.1231719, 25.5722901], [85.1231629, 25.5722329], [85.1231575, 25.5721984], [85.1231489, 25.5721675], [85.1231336, 25.5721121], [85.123127, 25.5720881], [85.1231254, 25.5720799], [85.1231199, 25.5720478], [85.1231121, 25.5720028], [85.1231053, 25.5719628], [85.123101, 25.5719391], [85.1230994, 25.5719331], [85.123095, 25.5719224], [85.1230816, 25.5718892], [85.1230773, 25.5718796], [85.1230576, 25.5718581], [85.1230166, 25.571813], [85.123009, 25.5718047], [85.1230056, 25.5718018], [85.1229709, 25.5717859], [85.122914, 25.5717601], [85.1228768, 25.5717438], [85.1228709, 25.5717422], [85.1227871, 25.5717237], [85.122759, 25.5717176], [85.1227531, 25.5717174], [85.1226897, 25.5717158], [85.1225939, 25.5717132], [85.1225303, 25.5717116], [85.122521, 25.5717115], [85.1224963, 25.5717129], [85.1224436, 25.5717165], [85.1223814, 25.5717206], [85.1223399, 25.5717235], [85.1222673, 25.5717283], [85.1222264, 25.5717312], [85.1222169, 25.5717319], [85.1222011, 25.5717342], [85.1221367, 25.5717442], [85.1220887, 25.5717522], [85.1219717, 25.5717708], [85.1218972, 25.5717826], [85.1218914, 25.5717833], [85.1218186, 25.5717865], [85.1217774, 25.5717883], [85.1216816, 25.5717924], [85.1216515, 25.5717939], [85.121622, 25.5717937], [85.1215175, 25.5717928], [85.1213914, 25.5717911], [85.1212865, 25.57179], [85.1211698, 25.5717883], [85.1211055, 25.5717875], [85.1210937, 25.5717873], [85.1210362, 25.5717894], [85.120974, 25.5717919], [85.1209308, 25.5717936], [85.120883, 25.5717954], [85.1208408, 25.5717969], [85.1207321, 25.5718007], [85.1206404, 25.5718041], [85.120617, 25.5718054], [85.1205642, 25.5718093], [85.1204797, 25.5718158], [85.1204126, 25.5718208], [85.1203476, 25.5718258], [85.1203152, 25.5718299], [85.1202439, 25.5718396], [85.1201524, 25.5718519], [85.1201451, 25.5718532], [85.1201381, 25.5718551], [85.1200488, 25.571884], [85.1199736, 25.5719085], [85.1198788, 25.571909], [85.1198143, 25.5719091], [85.1198099, 25.5719089], [85.1197886, 25.5719049], [85.119712, 25.5718907], [85.119649, 25.5718789], [85.1196449, 25.5718781], [85.1196408, 25.5718783], [85.1196222, 25.5718805], [85.1195367, 25.5718904], [85.1194582, 25.5718993], [85.1193572, 25.5719107], [85.1192856, 25.5719193], [85.1191732, 25.5719329], [85.1191385, 25.5719369], [85.1191337, 25.5719377], [85.1190801, 25.5719571], [85.1189946, 25.5719876], [85.1189025, 25.57202], [85.1188404, 25.5720419], [85.1188269, 25.5720462], [85.1187505, 25.5720686], [85.1186891, 25.5720866], [85.1186204, 25.5721069], [85.1186155, 25.5721083], [85.1185989, 25.5721096], [85.1185777, 25.5721112], [85.1184917, 25.5721182], [85.1184888, 25.5721182], [85.1184633, 25.5721143], [85.1183812, 25.5721014], [85.1183701, 25.5720995], [85.1183201, 25.5720825], [85.118291, 25.5720725], [85.1182788, 25.5720683], [85.118274, 25.5720678], [85.1182691, 25.5720678], [85.1182643, 25.5720683], [85.1182118, 25.5720721], [85.1181928, 25.5720761], [85.1180281, 25.5720991], [85.1179439, 25.5721252], [85.1178035, 25.5721657], [85.11776, 25.5721666], [85.117745, 25.5721628], [85.1176732, 25.5721096], [85.1176483, 25.572087], [85.1174375, 25.571873], [85.1172366, 25.5716848], [85.1172033, 25.5716435], [85.1170849, 25.5714865], [85.1169439, 25.5713098], [85.1169028, 25.5712606], [85.1168745, 25.5711979], [85.1168433, 25.5711244], [85.1168111, 25.5710122], [85.1167512, 25.5708001], [85.1167115, 25.570662], [85.1166928, 25.5705937], [85.1166573, 25.5704399], [85.1166418, 25.5703687], [85.1166207, 25.5703068], [85.1166083, 25.5702859], [85.1165743, 25.5702417], [85.1165633, 25.5702337], [85.1164893, 25.5702191], [85.1164523, 25.5702122], [85.1162326, 25.5702173], [85.115853, 25.5702425], [85.1154753, 25.5702484], [85.1153153, 25.5702241], [85.1150691, 25.5701543], [85.1148695, 25.5700879], [85.1146973, 25.5700305], [85.1146761, 25.5700238], [85.114655, 25.5700085], [85.1146222, 25.5699859], [85.1145995, 25.5699748], [85.1141595, 25.5698208], [85.114099, 25.5698007], [85.1140816, 25.5697969], [85.1138947, 25.5697802], [85.1138483, 25.5697674], [85.1138231, 25.5697586], [85.1137807, 25.5697347], [85.1137409, 25.5697109], [85.1137259, 25.5697018], [85.1136813, 25.5696923], [85.1135362, 25.5696653], [85.1132982, 25.5696491], [85.1129738, 25.5696348], [85.112935, 25.5696325], [85.1128882, 25.5696343], [85.1126385, 25.5696513], [85.11245, 25.5696626], [85.112427, 25.5696635], [85.1122045, 25.5696571], [85.1120571, 25.569654], [85.1117937, 25.5696578], [85.1117582, 25.5696585], [85.111675, 25.5696729], [85.1115231, 25.5697008], [85.1113883, 25.5697349], [85.1112548, 25.5697702], [85.1111544, 25.5697862], [85.1109934, 25.5698122], [85.1109393, 25.5698205], [85.1109365, 25.5698206], [85.1109344, 25.569886], [85.1109333, 25.569887], [85.1109584, 25.569936], [85.1109861, 25.5699899], [85.111012, 25.5700899], [85.1110762, 25.5702473], [85.1110771, 25.5702492], [85.1110959, 25.5702395], [85.1110949, 25.5702504], [85.1110951, 25.5702555], [85.1110959, 25.5702728], [85.1111007, 25.570296], [85.1111104, 25.5703365], [85.1111115, 25.5703415], [85.111115, 25.5703572], [85.1111307, 25.5703887], [85.111142, 25.5704102], [85.1111774, 25.5704777], [85.1112154, 25.5705514], [85.1112532, 25.5706242], [85.1112997, 25.5707136], [85.1113466, 25.5708045], [85.1113893, 25.5708846], [85.1114365, 25.5709715], [85.1114794, 25.5710501], [85.1115232, 25.5711322], [85.1115679, 25.5712137], [85.1116124, 25.5712958], [85.1116185, 25.5713071], [85.1116253, 25.5713394], [85.1116252, 25.5713749], [85.1116217, 25.5714172], [85.1116227, 25.5714298], [85.1116266, 25.5714395], [85.1116279, 25.5714427], [85.1116397, 25.5714579], [85.1116401, 25.5714584], [85.1116414, 25.5714603], [85.1116626, 25.571489], [85.1117441, 25.5715969], [85.1118276, 25.5717057], [85.1118312, 25.571711], [85.1118382, 25.5717213], [85.1118612, 25.5717994], [85.1118809, 25.5718826], [85.1118931, 25.5719339], [85.1118948, 25.5719407], [85.1119002, 25.5719637], [85.1119112, 25.5719976], [85.1119145, 25.5720076], [85.1119391, 25.572083], [85.1119577, 25.5721402], [85.112048, 25.5723475], [85.1120761, 25.5724582], [85.1120925, 25.5725227], [85.1120943, 25.5725297], [85.1120966, 25.5725367], [85.1121215, 25.5726138], [85.1121748, 25.5727784], [85.1122422, 25.57299], [85.1122676, 25.5730698], [85.1123326, 25.5733836], [85.1123482, 25.5734589], [85.1123596, 25.5735087], [85.1123714, 25.5735603], [85.1123762, 25.5736326], [85.1123751, 25.5737663], [85.112388, 25.5738351], [85.1124039, 25.57391], [85.1124501, 25.5739905], [85.1124966, 25.5740576], [85.1125626, 25.5741372], [85.112612, 25.5741888], [85.1126906, 25.5742707], [85.1128894, 25.5744758], [85.1129383, 25.5745295], [85.1130086, 25.5746067], [85.1130416, 25.5746597], [85.1130847, 25.5747421], [85.1131564, 25.5749409], [85.1131632, 25.5749571], [85.1131759, 25.5749875], [85.1131759, 25.5749876], [85.1131938, 25.5750118], [85.1132269, 25.5750516], [85.1133682, 25.5751633], [85.1133931, 25.5751865], [85.1134276, 25.5752186], [85.113453, 25.5752423], [85.1134729, 25.5752697], [85.1134732, 25.5752701], [85.1135397, 25.5753855], [85.113561, 25.5754224], [85.1136722, 25.5755941], [85.1136734, 25.5755959], [85.1136764, 25.5756006], [85.1137958, 25.5757851], [85.1138549, 25.5759015], [85.1138617, 25.5759151], [85.1138818, 25.5759448], [85.113895, 25.5759521], [85.1138959, 25.5759522], [85.1139151, 25.5759535], [85.1139418, 25.5759509], [85.1139453, 25.5759506], [85.1139626, 25.5759446], [85.113973, 25.575941], [85.1139875, 25.5759344], [85.1139919, 25.5759323], [85.1140076, 25.575925], [85.1140133, 25.5759218], [85.1140759, 25.5758862], [85.1140948, 25.5758755], [85.1141635, 25.5758369], [85.1141861, 25.5758249], [85.1142719, 25.5757901], [85.1143693, 25.5757522], [85.1144069, 25.5757395], [85.1144345, 25.5757298], [85.1144593, 25.575717], [85.1145091, 25.5758234], [85.1145449, 25.5759031], [85.1145549, 25.5759254], [85.1146895, 25.5762102], [85.1147246, 25.5762843], [85.1147339, 25.5763008], [85.1148397, 25.5764882], [85.1148757, 25.5765513], [85.1149341, 25.5766818], [85.11499, 25.5768153], [85.1150005, 25.5768451], [85.1150047, 25.5768647], [85.1150111, 25.5768936], [85.1150132, 25.576975], [85.1150219, 25.577074], [85.1150336, 25.5771267], [85.1150389, 25.5771494], [85.1151221, 25.5772977], [85.1152961, 25.5775952], [85.1153083, 25.577614], [85.1153641, 25.5777004], [85.1154977, 25.5779196], [85.1155589, 25.5780202], [85.1155919, 25.5780674], [85.1156228, 25.5781116], [85.1156567, 25.5781601], [85.1157443, 25.5782697], [85.1159835, 25.5785611], [85.1162155, 25.5788264], [85.1163955, 25.5790333], [85.1165321, 25.5792026], [85.1165374, 25.5792098], [85.116555, 25.579234], [85.1165677, 25.5792453], [85.1165819, 25.5792529], [85.1165863, 25.5792552], [85.116595, 25.5792571], [85.1166017, 25.5792584], [85.1166087, 25.5792599], [85.1166402, 25.5792637], [85.1166555, 25.5792658], [85.1166625, 25.5792668], [85.1166773, 25.5792688], [85.1166894, 25.5792695], [85.1167464, 25.579273], [85.116766, 25.5792742], [85.1167423, 25.5794091], [85.1167028, 25.5796631], [85.1166884, 25.5797578], [85.116687, 25.5797674], [85.1166727, 25.5798616], [85.1166723, 25.5799556], [85.1166767, 25.5799877], [85.1166803, 25.5800042], [85.1166888, 25.5800238], [85.1168263, 25.5802733], [85.1169999, 25.5805782], [85.1170342, 25.5806455], [85.1170412, 25.5806591], [85.1171056, 25.5807855], [85.1171255, 25.5808201], [85.1171362, 25.5808386], [85.1172733, 25.5810766], [85.1173357, 25.5811935], [85.1173357, 25.5811936], [85.1173495, 25.5812193], [85.1173951, 25.5813046], [85.1175123, 25.581509], [85.117579, 25.5816322], [85.1176836, 25.5818253], [85.117787, 25.5820091], [85.1178212, 25.5820698], [85.1178366, 25.5820955], [85.1179321, 25.5822549], [85.1179681, 25.5823151], [85.1181329, 25.5825791], [85.1181753, 25.5826327], [85.1181754, 25.5826327], [85.1182495, 25.5827265], [85.1183326, 25.5828214], [85.1184443, 25.5829491], [85.1184851, 25.5829957], [85.118525, 25.5830437], [85.1187099, 25.5832663], [85.1187356, 25.5833], [85.1187504, 25.5833195], [85.1187818, 25.5833607], [85.1188187, 25.5834091], [85.1189333, 25.5835597], [85.1189789, 25.5836196], [85.119004, 25.5836236], [85.1192116, 25.5836702], [85.1192827, 25.5836862], [85.1194275, 25.5837173], [85.1194816, 25.5837288], [85.1196099, 25.5837564], [85.1196162, 25.5837577], [85.1199963, 25.5838384], [85.1199964, 25.5838384], [85.1199968, 25.5838385], [85.1201851, 25.5838784], [85.1204381, 25.5839345], [85.1206025, 25.5839709], [85.1206026, 25.5839709], [85.1207698, 25.5840079], [85.120855, 25.5840234], [85.1209831, 25.5840467], [85.1209982, 25.5840498], [85.1210144, 25.5840532], [85.1210419, 25.5840588], [85.1210755, 25.5840657], [85.1213712, 25.5841267], [85.1215395, 25.5841613], [85.1217366, 25.584202], [85.1219029, 25.5842362], [85.1219536, 25.5842469], [85.1219602, 25.5842483], [85.1223178, 25.5843238], [85.122437, 25.5843419], [85.1230794, 25.5844391], [85.1230989, 25.584442], [85.1232161, 25.5844562], [85.1232273, 25.5844575], [85.1232883, 25.5844649], [85.1234157, 25.5844709], [85.1234736, 25.5844737], [85.1234858, 25.5844743], [85.1234889, 25.5844744], [85.1235934, 25.5844779], [85.1236946, 25.5844813], [85.1238566, 25.5844868], [85.123857, 25.5844868], [85.1238587, 25.5844869], [85.1239748, 25.5844908], [85.1239762, 25.5844908], [85.1239765, 25.5844909], [85.1239789, 25.5844909], [85.1239793, 25.584491], [85.1239815, 25.584491], [85.1239819, 25.584491], [85.124058, 25.5844936], [85.1240583, 25.5844936], [85.124409, 25.5844998], [85.1247691, 25.5845124], [85.1250125, 25.5845209], [85.1250282, 25.5845214], [85.1250439, 25.584522], [85.1250968, 25.5845238], [85.1250971, 25.5845238], [85.1251003, 25.5845239], [85.1251163, 25.5845245], [85.1251902, 25.584527], [85.1254545, 25.584531], [85.1256796, 25.5845344], [85.1257152, 25.5845349], [85.1257153, 25.5845349], [85.1257172, 25.584535], [85.1257175, 25.584535], [85.1257176, 25.584535], [85.1257178, 25.584535], [85.1257203, 25.584535], [85.1257205, 25.584535], [85.1257706, 25.5845358], [85.1259816, 25.5845389], [85.1264993, 25.5845524], [85.1272867, 25.5845798], [85.1281135, 25.584599], [85.1283763, 25.584607], [85.1283767, 25.584607], [85.1288969, 25.5846228], [85.1292023, 25.5846296], [85.1292023, 25.5846295], [85.1292024, 25.5846295], [85.1292163, 25.5846299], [85.1293013, 25.5846318], [85.1293028, 25.5846319], [85.129338, 25.5846327], [85.1293644, 25.5846333], [85.1296138, 25.5846388], [85.1296142, 25.5846389], [85.1299098, 25.5846508], [85.1303745, 25.5846696], [85.1319417, 25.5847329], [85.1332836, 25.5847953], [85.1332837, 25.5847953], [85.1332839, 25.5847953], [85.1332841, 25.5847953], [85.1333109, 25.5847956], [85.1333113, 25.5847956], [85.133314, 25.5847956], [85.1333261, 25.5847967], [85.1333381, 25.5847987], [85.1333498, 25.5848013], [85.13335, 25.5848013], [85.1337198, 25.5848006], [85.1337202, 25.5848006], [85.1337228, 25.5848006], [85.1337299, 25.5848296], [85.1337303, 25.584831], [85.1337304, 25.5848316], [85.1337388, 25.5848297], [85.1337541, 25.5848298], [85.1337545, 25.5848298], [85.1337571, 25.5848299], [85.1337582, 25.5848301], [85.1337583, 25.5848301], [85.1337601, 25.5848306], [85.1337748, 25.5848341], [85.1337907, 25.5848423], [85.1338038, 25.5848538], [85.1338075, 25.5848593], [85.1338133, 25.584868], [85.1338186, 25.5848838], [85.1338503, 25.584991], [85.1339058, 25.5851783], [85.133949, 25.5853238], [85.1339497, 25.5853265], [85.1341113, 25.585869], [85.1343084, 25.5865081], [85.1343804, 25.5867416], [85.1345305, 25.5872293], [85.1345354, 25.5872451], [85.1346033, 25.5874659], [85.1347019, 25.5877578], [85.1347083, 25.5877767], [85.1347083, 25.5877768], [85.1347487, 25.5878962], [85.1348289, 25.5881567], [85.1348575, 25.5882495], [85.1349259, 25.5884714], [85.1350153, 25.5887441], [85.1350559, 25.5888681], [85.1350811, 25.5889546], [85.1351461, 25.5891778], [85.1351597, 25.5892247], [85.1352657, 25.589591], [85.1352795, 25.5896385], [85.1353212, 25.5897824], [85.1353563, 25.5899055], [85.1353653, 25.5899369], [85.1355315, 25.5905251], [85.1356315, 25.5908891], [85.1356738, 25.5910432], [85.1357415, 25.591293], [85.1357773, 25.591425], [85.135779, 25.591431], [85.1359233, 25.5919548], [85.1359719, 25.5921283], [85.1360636, 25.5924553], [85.1360918, 25.5925636], [85.1361089, 25.5926293], [85.1361283, 25.592704], [85.1361283, 25.5927041], [85.1361888, 25.5929362], [85.1361961, 25.592966], [85.1362475, 25.5931613], [85.1362934, 25.5933359], [85.1363699, 25.5936267], [85.1364094, 25.593777], [85.1365948, 25.5944988], [85.1366261, 25.5946209], [85.1367039, 25.5949048], [85.1367865, 25.5952064], [85.1368033, 25.5952675], [85.1368206, 25.5953464], [85.1368198, 25.5953984], [85.136805, 25.5954402], [85.1368119, 25.5954726], [85.136858, 25.5956026], [85.1368581, 25.5956026], [85.1369216, 25.5956025], [85.1369818, 25.5956004], [85.1372126, 25.595592], [85.1372885, 25.5955893], [85.1373797, 25.595586], [85.1375118, 25.5955812], [85.137536, 25.5955804], [85.1376795, 25.5955752], [85.1377338, 25.5955732], [85.1379273, 25.5955662], [85.1379503, 25.5955654], [85.1379504, 25.5955654], [85.1380877, 25.5955604], [85.1381103, 25.5955596], [85.1381148, 25.5955595], [85.1382613, 25.5955542], [85.138354, 25.5955508], [85.1383541, 25.5955508], [85.1384697, 25.5955461], [85.1384748, 25.5955458], [85.1385651, 25.5955399], [85.1386513, 25.5955343], [85.1386482, 25.5954221], [85.1386451, 25.5953117], [85.1386426, 25.5952208], [85.138642, 25.5951977], [85.1386403, 25.5951316], [85.1386375, 25.5950206], [85.1386346, 25.5949759], [85.1386346, 25.5949758], [85.1386344, 25.5949723], [85.1386344, 25.5949722], [85.1386227, 25.5947928], [85.1386113, 25.5946468], [85.1386099, 25.5946281], [85.1386062, 25.5945489], [85.1386031, 25.5944846], [85.1386007, 25.5944314], [85.1385917, 25.5943283], [85.1385917, 25.5943282], [85.1385823, 25.5942198], [85.1385828, 25.5942142], [85.1385849, 25.5941931], [85.1385871, 25.5941702], [85.1385886, 25.5941558], [85.1385919, 25.594114], [85.1385973, 25.5940472], [85.1385977, 25.5940424], [85.1386075, 25.593921], [85.1386089, 25.5939037], [85.1386148, 25.5938776], [85.1386406, 25.5937633], [85.1387051, 25.5936247], [85.1387216, 25.5935873], [85.1387317, 25.5935643], [85.1387366, 25.593553], [85.1387673, 25.5934832], [85.1387693, 25.5934692], [85.1387707, 25.593459], [85.1387784, 25.5934046], [85.1387862, 25.5933501], [85.1387891, 25.5933187], [85.138795, 25.5932539], [85.1387961, 25.5932426], [85.138797, 25.593232], [85.138795, 25.5931991], [85.1387916, 25.5931429], [85.1387679, 25.5930594], [85.1387617, 25.5930378], [85.1387614, 25.5930367], [85.1387596, 25.5930304], [85.1387491, 25.5929934], [85.1387419, 25.592968], [85.1387241, 25.5928728], [85.1387161, 25.5928301], [85.1387161, 25.59283], [85.1386992, 25.5927394], [85.1386869, 25.5926735], [85.1386823, 25.5926491], [85.1386645, 25.5925535], [85.138664, 25.5925508], [85.13862, 25.5922774], [85.1385935, 25.5921129], [85.1385824, 25.5920443], [85.1385732, 25.591992], [85.1385601, 25.5919173], [85.1385433, 25.5918215], [85.138519, 25.5917647], [85.1384971, 25.5917133], [85.1384573, 25.5916503], [85.1384356, 25.5916278], [85.1383846, 25.5915931], [85.1380781, 25.5914786], [85.1380546, 25.5913945], [85.1380266, 25.5912946], [85.1379146, 25.5908952], [85.1379064, 25.5908657], [85.1379021, 25.5908506], [85.1378944, 25.5908161], [85.1378742, 25.5907265], [85.1378306, 25.5905324], [85.1377906, 25.5903543], [85.13779, 25.5903519], [85.1377887, 25.5903465], [85.1377887, 25.5903464], [85.1377457, 25.5901705], [85.1377377, 25.5901381], [85.1377235, 25.5900801], [85.1376935, 25.5899574], [85.1376848, 25.5899217], [85.1376742, 25.5898642], [85.1376468, 25.589716], [85.1376455, 25.5897088], [85.1376275, 25.5896112], [85.1376234, 25.589589], [85.1376222, 25.5895827], [85.137612, 25.5895277], [85.137593, 25.5894244], [85.1375924, 25.5894213], [85.1375916, 25.5894169], [85.1375548, 25.5892379], [85.1375824, 25.5892339], [85.137857, 25.5891941], [85.1379973, 25.5891737], [85.1380902, 25.5891602], [85.138479, 25.5890382], [85.1385171, 25.5890287], [85.1385471, 25.5890212], [85.1386957, 25.5889839], [85.138994, 25.5889092], [85.1390593, 25.5888948], [85.1390812, 25.5888901], [85.1390812, 25.58889], [85.1391021, 25.5888855], [85.1391514, 25.5888746], [85.139256, 25.5888517], [85.1392945, 25.5888399], [85.1393536, 25.5888219], [85.1393838, 25.5888127], [85.1394113, 25.5887993], [85.1394232, 25.5887934], [85.139472, 25.5887696], [85.1394721, 25.5887696], [85.1396319, 25.5886917], [85.1397855, 25.5886382], [85.1399439, 25.5885831], [85.1399444, 25.5885829], [85.1399469, 25.5885821], [85.1399685, 25.5885746], [85.1399799, 25.5885706], [85.1401976, 25.5884764], [85.1402613, 25.5884488], [85.1402781, 25.5884415], [85.1403306, 25.5884124], [85.1403565, 25.5883979], [85.140425, 25.58831], [85.1405145, 25.588195], [85.1405617, 25.5881342], [85.1406253, 25.588025], [85.1406283, 25.5880198], [85.140642, 25.5879964], [85.1406695, 25.5878983], [85.1406753, 25.5878534], [85.1406814, 25.5878058], [85.1406877, 25.5877573], [85.1406927, 25.5877374], [85.1406983, 25.5877156], [85.1406992, 25.5877121], [85.1407228, 25.5876189], [85.1407444, 25.5875337], [85.1407634, 25.5874591], [85.1407819, 25.5873859], [85.1407892, 25.5873573], [85.140802, 25.5873069], [85.1408135, 25.5872673], [85.1408379, 25.5871839], [85.1408843, 25.5870251], [85.1409226, 25.5868937], [85.1409706, 25.5867294], [85.1409723, 25.5867235], [85.1409723, 25.5867234], [85.1409745, 25.5867163], [85.1409895, 25.5866678], [85.1410269, 25.5865472], [85.1410269, 25.5865471], [85.141027, 25.5865468], [85.141058, 25.5864338], [85.1410772, 25.5863638], [85.1410775, 25.5863622], [85.1411131, 25.5861748], [85.1411188, 25.586145], [85.1411192, 25.5861432], [85.1411214, 25.586132], [85.1411214, 25.5861319], [85.1411505, 25.5859866], [85.1411548, 25.5859552], [85.1411657, 25.5858744], [85.1411717, 25.5858306], [85.1411753, 25.5858037], [85.1411764, 25.5857983], [85.1411777, 25.585792], [85.1411814, 25.5857739], [85.1411833, 25.5857645], [85.141186, 25.58571], [85.141189, 25.5856472], [85.1411925, 25.5855735], [85.1411999, 25.5855123], [85.1412029, 25.5854874], [85.1412005, 25.5854685], [85.1411992, 25.5854587], [85.1411927, 25.5854509], [85.1411829, 25.5854393], [85.1411677, 25.5854247], [85.1411466, 25.5854169], [85.1411021, 25.5854078], [85.1410729, 25.5854019], [85.1410382, 25.5853963], [85.1410074, 25.5853851], [85.1410061, 25.5853839], [85.1410036, 25.5853816], [85.1410035, 25.5853816], [85.1409906, 25.5853699], [85.1409825, 25.5853487], [85.1409696, 25.5853015], [85.1409585, 25.5852608], [85.1409493, 25.585227], [85.1409431, 25.5851849], [85.1409377, 25.5851485], [85.140935, 25.5851079], [85.1409319, 25.5850618], [85.1409328, 25.5850426], [85.1409372, 25.5849484], [85.1409372, 25.5849473], [85.1409373, 25.5849273], [85.1409376, 25.5848749], [85.1409355, 25.5848679], [85.1409092, 25.5847803], [85.1408554, 25.5845586], [85.1408417, 25.5845022], [85.140834, 25.5844704], [85.1408173, 25.5844016], [85.1408119, 25.5843795], [85.1408151, 25.5843791], [85.1408583, 25.5843735], [85.1409039, 25.5843677], [85.1409424, 25.5843627], [85.1412281, 25.5843317], [85.1413958, 25.5843134], [85.1414337, 25.5843093], [85.1418578, 25.5842633], [85.1418587, 25.5842632], [85.1421375, 25.5842391], [85.1421376, 25.5842391], [85.1421369, 25.5842165], [85.1421335, 25.5840945], [85.1421312, 25.5840089], [85.1421289, 25.5839284], [85.1421203, 25.5836192], [85.1421192, 25.5835786], [85.142119, 25.5835701], [85.1421227, 25.5833274], [85.1421231, 25.5833034], [85.1421255, 25.5831448], [85.142125, 25.5831251], [85.1421237, 25.583082], [85.142116, 25.5828268], [85.1421198, 25.5827426], [85.1421281, 25.5825637], [85.1421306, 25.5823969], [85.1421257, 25.5823498], [85.1421234, 25.5823275], [85.1421075, 25.5822861], [85.1420708, 25.5822556], [85.1420494, 25.5822465], [85.1420482, 25.582246], [85.1420458, 25.5822461], [85.1420455, 25.5822461], [85.1420175, 25.5822477], [85.1419405, 25.5822521], [85.1418831, 25.5822609], [85.141883, 25.5822604], [85.1418791, 25.5822475], [85.141877, 25.5822405], [85.1418707, 25.5822193], [85.141863, 25.5820893], [85.1418635, 25.582078], [85.1418709, 25.5818987], [85.1418778, 25.5817644], [85.1418803, 25.5817163], [85.1418897, 25.5816405], [85.1418861, 25.5815555], [85.1418754, 25.5815048], [85.1418727, 25.5814929], [85.1418711, 25.5814856], [85.1418701, 25.5814814], [85.14187, 25.5814806], [85.1418673, 25.5814689], [85.1418659, 25.5814623], [85.1418647, 25.5814572], [85.14186, 25.581436], [85.141852, 25.5813144], [85.1418542, 25.5811685], [85.1418541, 25.5811672], [85.1418503, 25.5811152], [85.1418416, 25.5809976], [85.1418379, 25.5809478], [85.1418379, 25.580947], [85.1418378, 25.5809443], [85.1418331, 25.5808363], [85.1418319, 25.5808068], [85.1418162, 25.580723], [85.1418154, 25.5807186], [85.1418152, 25.5807172], [85.1417965, 25.5806214], [85.1417954, 25.5806157], [85.1417643, 25.5804976], [85.1417424, 25.5803759], [85.141734, 25.5803295], [85.1417218, 25.5801595], [85.1417244, 25.579996], [85.1417245, 25.5799682], [85.1417245, 25.5799681], [85.1417195, 25.5797774], [85.141716, 25.5795892], [85.1417141, 25.5794905], [85.1417236, 25.5792735], [85.1417243, 25.5792568], [85.1417232, 25.579122], [85.1417232, 25.5791219], [85.1417226, 25.5790489], [85.141716, 25.5789446], [85.1417186, 25.5788806], [85.1417101, 25.5787941], [85.1417033, 25.5787037], [85.1417171, 25.5786652], [85.141742, 25.5786476], [85.1417486, 25.5786429], [85.1417487, 25.5786429], [85.1417752, 25.5786242], [85.1418335, 25.5785773], [85.1418351, 25.5785756], [85.1418569, 25.5785538], [85.1418606, 25.5785225], [85.1418629, 25.5784838], [85.141853, 25.5783773], [85.1418502, 25.5782251], [85.1418494, 25.5781836], [85.1418534, 25.5780356], [85.1418648, 25.57788], [85.141873, 25.5777678], [85.141873, 25.5777677], [85.1418764, 25.5777208], [85.141887, 25.5775691], [85.1418959, 25.5775215], [85.1419177, 25.577495], [85.1419488, 25.5774637], [85.1419528, 25.5774597], [85.1419949, 25.577403], [85.1420008, 25.5773912], [85.1420135, 25.577366], [85.1420274, 25.5773185], [85.1420375, 25.5772622], [85.1420418, 25.5772383], [85.1420476, 25.577076], [85.1420501, 25.5769157], [85.1420519, 25.5769059], [85.1420662, 25.5768281], [85.1420784, 25.576785], [85.1421035, 25.576757], [85.1421399, 25.5767193], [85.1421503, 25.5767085], [85.1421907, 25.576645], [85.1422128, 25.576602], [85.142219, 25.5765157], [85.1422228, 25.576379], [85.1422266, 25.5762576], [85.1422266, 25.5762575], [85.1422292, 25.5761721], [85.142231, 25.576128], [85.1422372, 25.5759748], [85.1422583, 25.5757939], [85.1422638, 25.5757473], [85.142266, 25.5757224]]]}}, {"type": "Feature", "properties": {"ward": "31", "ward_title": "Ward 31", "area": "Chiraiya Tand / Postal Park", "short_area": "Chiraiya Tand / Postal Park", "ac_no": "183", "ac_name": "Kumhrar", "ac_booths": 25, "ac_booth_range": "143-238", "ac_voters": 26607, "total_ward_booths": "27", "total_ward_voters": "9,731", "center_lat": 25.58590405, "center_lon": 85.14222881530854, "label_lat": 25.58567879897929, "label_lon": 85.14222881530854, "has_leader": false, "leader_line": null, "color": "#f59e0b", "color_dark": "#b45309"}, "geometry": {"type": "Polygon", "coordinates": [[[85.1478352, 25.5760309], [85.147825, 25.5759516], [85.1478129, 25.5758598], [85.1478064, 25.5758109], [85.1478213, 25.5758093], [85.1478705, 25.5758007], [85.14787, 25.575792], [85.1478627, 25.5756453], [85.1478461, 25.5756525], [85.1478365, 25.5756404], [85.1476291, 25.5756408], [85.1474085, 25.575638], [85.1472929, 25.5756664], [85.1472899, 25.5756484], [85.1469997, 25.5756776], [85.1467554, 25.5757282], [85.1466701, 25.5757092], [85.1462368, 25.5756291], [85.1458591, 25.5755706], [85.1456748, 25.5755682], [85.1454246, 25.5755681], [85.1451453, 25.5755347], [85.1449913, 25.5754879], [85.144567, 25.5754676], [85.1440531, 25.575488], [85.1436487, 25.575459], [85.1432575, 25.5754211], [85.1432114, 25.5754235], [85.1430111, 25.5753911], [85.1429091, 25.5753839], [85.1428563, 25.5753922], [85.1427606, 25.5754089], [85.1426482, 25.5754403], [85.1422753, 25.5754756], [85.1422763, 25.575527], [85.1422777, 25.5755911], [85.1422704, 25.5756724], [85.142266, 25.5757223], [85.142266, 25.5757224], [85.1422638, 25.5757473], [85.1422583, 25.5757939], [85.14224440808442, 25.575913001778574], [85.1422444, 25.575913], [85.1422372, 25.5759748], [85.142231, 25.576128], [85.1422292, 25.5761721], [85.1422266, 25.5762575], [85.1422266, 25.5762576], [85.1422228, 25.576379], [85.142219, 25.5765157], [85.1422128, 25.576602], [85.1421907, 25.576645], [85.1421503, 25.5767085], [85.1421399, 25.5767193], [85.1421035, 25.576757], [85.1420784, 25.576785], [85.1420662, 25.5768281], [85.1420519, 25.5769059], [85.1420501, 25.5769157], [85.1420476, 25.577076], [85.1420418, 25.5772383], [85.1420375, 25.5772622], [85.1420274, 25.5773185], [85.1420135, 25.577366], [85.1420008, 25.5773912], [85.1419949, 25.577403], [85.1419528, 25.5774597], [85.1419488, 25.5774637], [85.1419177, 25.577495], [85.1418959, 25.5775215], [85.141887, 25.5775691], [85.1418764, 25.5777208], [85.141873, 25.5777677], [85.141873, 25.5777678], [85.1418648, 25.57788], [85.1418534, 25.5780356], [85.1418494, 25.5781836], [85.1418502, 25.5782251], [85.141853, 25.5783773], [85.1418629, 25.5784838], [85.1418606, 25.5785225], [85.1418569, 25.5785538], [85.1418351, 25.5785756], [85.1418335, 25.5785773], [85.1417752, 25.5786242], [85.1417487, 25.5786429], [85.1417486, 25.5786429], [85.141742, 25.5786476], [85.1417171, 25.5786652], [85.1417033, 25.5787037], [85.1417101, 25.5787941], [85.1417186, 25.5788806], [85.141716, 25.5789446], [85.1417226, 25.5790489], [85.1417232, 25.5791219], [85.1417232, 25.579122], [85.1417243, 25.5792568], [85.1417236, 25.5792735], [85.1417141, 25.5794905], [85.141716, 25.5795892], [85.1417195, 25.5797774], [85.1417245, 25.5799681], [85.1417245, 25.5799682], [85.1417244, 25.579996], [85.1417218, 25.5801595], [85.141734, 25.5803295], [85.1417424, 25.5803759], [85.1417643, 25.5804976], [85.1417954, 25.5806157], [85.1417965, 25.5806214], [85.1418152, 25.5807172], [85.1418154, 25.5807186], [85.1418162, 25.580723], [85.1418319, 25.5808068], [85.1418331, 25.5808363], [85.1418378, 25.5809443], [85.1418379, 25.580947], [85.1418379, 25.5809478], [85.1418416, 25.5809976], [85.1418503, 25.5811152], [85.1418541, 25.5811672], [85.1418542, 25.5811685], [85.141852, 25.5813144], [85.14186, 25.581436], [85.1418647, 25.5814572], [85.1418659, 25.5814623], [85.1418673, 25.5814689], [85.14187, 25.5814806], [85.1418701, 25.5814814], [85.1418711, 25.5814856], [85.1418727, 25.5814929], [85.1418754, 25.5815048], [85.1418861, 25.5815555], [85.1418897, 25.5816405], [85.1418803, 25.5817163], [85.1418778, 25.5817644], [85.1418709, 25.5818987], [85.1418635, 25.582078], [85.141863, 25.5820893], [85.1418707, 25.5822193], [85.141877, 25.5822405], [85.1418791, 25.5822475], [85.141883, 25.5822604], [85.1418831, 25.5822609], [85.1419405, 25.5822521], [85.1420175, 25.5822477], [85.1420455, 25.5822461], [85.1420458, 25.5822461], [85.1420482, 25.582246], [85.1420494, 25.5822465], [85.1420708, 25.5822556], [85.1421075, 25.5822861], [85.1421234, 25.5823275], [85.1421257, 25.5823498], [85.1421306, 25.5823969], [85.1421281, 25.5825637], [85.1421198, 25.5827426], [85.142116, 25.5828268], [85.1421237, 25.583082], [85.142125, 25.5831251], [85.1421255, 25.5831448], [85.1421231, 25.5833034], [85.1421227, 25.5833274], [85.142119, 25.5835701], [85.1421192, 25.5835786], [85.1421203, 25.5836192], [85.1421289, 25.5839284], [85.1421312, 25.5840089], [85.1421335, 25.5840945], [85.1421369, 25.5842165], [85.1421376, 25.5842391], [85.1421375, 25.5842391], [85.1418587, 25.5842632], [85.1418578, 25.5842633], [85.1414337, 25.5843093], [85.1413958, 25.5843134], [85.1412281, 25.5843317], [85.1409424, 25.5843627], [85.1409039, 25.5843677], [85.1408583, 25.5843735], [85.1408151, 25.5843791], [85.1408119, 25.5843795], [85.1408173, 25.5844016], [85.140834, 25.5844704], [85.1408417, 25.5845022], [85.1408554, 25.5845586], [85.1409092, 25.5847803], [85.1409355, 25.5848679], [85.1409376, 25.5848749], [85.1409373, 25.5849273], [85.1409372, 25.5849473], [85.1409372, 25.5849484], [85.1409328, 25.5850426], [85.1409319, 25.5850618], [85.140935, 25.5851079], [85.1409377, 25.5851485], [85.1409431, 25.5851849], [85.1409493, 25.585227], [85.1409585, 25.5852608], [85.1409696, 25.5853015], [85.1409825, 25.5853487], [85.1409906, 25.5853699], [85.1410035, 25.5853816], [85.1410036, 25.5853816], [85.1410061, 25.5853839], [85.1410074, 25.5853851], [85.1410382, 25.5853963], [85.1410729, 25.5854019], [85.1411021, 25.5854078], [85.1411466, 25.5854169], [85.1411677, 25.5854247], [85.1411829, 25.5854393], [85.1411927, 25.5854509], [85.1411992, 25.5854587], [85.1412005, 25.5854685], [85.1412029, 25.5854874], [85.1411999, 25.5855123], [85.1411925, 25.5855735], [85.141189, 25.5856472], [85.141186, 25.58571], [85.1411833, 25.5857645], [85.1411814, 25.5857739], [85.1411777, 25.585792], [85.1411764, 25.5857983], [85.1411753, 25.5858037], [85.1411717, 25.5858306], [85.1411657, 25.5858744], [85.1411548, 25.5859552], [85.1411505, 25.5859866], [85.1411214, 25.5861319], [85.1411214, 25.586132], [85.1411192, 25.5861432], [85.1411188, 25.586145], [85.1411131, 25.5861748], [85.1410775, 25.5863622], [85.1410772, 25.5863638], [85.141058, 25.5864338], [85.141027, 25.5865468], [85.1410269, 25.5865471], [85.1410269, 25.5865472], [85.1409895, 25.5866678], [85.1409745, 25.5867163], [85.1409723, 25.5867234], [85.1409723, 25.5867235], [85.1409706, 25.5867294], [85.1409226, 25.5868937], [85.1408843, 25.5870251], [85.1408379, 25.5871839], [85.1408135, 25.5872673], [85.140802, 25.5873069], [85.1407892, 25.5873573], [85.1407819, 25.5873859], [85.1407634, 25.5874591], [85.1407444, 25.5875337], [85.1407228, 25.5876189], [85.1406992, 25.5877121], [85.1406983, 25.5877156], [85.1406927, 25.5877374], [85.1406877, 25.5877573], [85.1406814, 25.5878058], [85.1406753, 25.5878534], [85.1406695, 25.5878983], [85.140642, 25.5879964], [85.1406283, 25.5880198], [85.1406253, 25.588025], [85.1405617, 25.5881342], [85.1405145, 25.588195], [85.140425, 25.58831], [85.1403565, 25.5883979], [85.1403306, 25.5884124], [85.1402781, 25.5884415], [85.1402613, 25.5884488], [85.1401976, 25.5884764], [85.1399799, 25.5885706], [85.1399685, 25.5885746], [85.1399469, 25.5885821], [85.1399444, 25.5885829], [85.1399439, 25.5885831], [85.1397855, 25.5886382], [85.1396319, 25.5886917], [85.1394721, 25.5887696], [85.139472, 25.5887696], [85.1394232, 25.5887934], [85.1394113, 25.5887993], [85.1393838, 25.5888127], [85.1393536, 25.5888219], [85.1392945, 25.5888399], [85.139256, 25.5888517], [85.1391514, 25.5888746], [85.1391021, 25.5888855], [85.1390812, 25.58889], [85.1390812, 25.5888901], [85.1390593, 25.5888948], [85.138994, 25.5889092], [85.1386957, 25.5889839], [85.1385471, 25.5890212], [85.1385171, 25.5890287], [85.138479, 25.5890382], [85.1380902, 25.5891602], [85.1379973, 25.5891737], [85.137857, 25.5891941], [85.1375824, 25.5892339], [85.1375548, 25.5892379], [85.1375916, 25.5894169], [85.1375924, 25.5894213], [85.137593, 25.5894244], [85.137612, 25.5895277], [85.1376222, 25.5895827], [85.1376234, 25.589589], [85.1376275, 25.5896112], [85.1376455, 25.5897088], [85.1376468, 25.589716], [85.1376742, 25.5898642], [85.1376848, 25.5899217], [85.1376935, 25.5899574], [85.1377235, 25.5900801], [85.1377377, 25.5901381], [85.1377457, 25.5901705], [85.1377887, 25.5903464], [85.1377887, 25.5903465], [85.13779, 25.5903519], [85.1377906, 25.5903543], [85.1378306, 25.5905324], [85.1378742, 25.5907265], [85.1378944, 25.5908161], [85.1379021, 25.5908506], [85.1379064, 25.5908657], [85.1379146, 25.5908952], [85.1380266, 25.5912946], [85.1380546, 25.5913945], [85.1380781, 25.5914786], [85.1383846, 25.5915931], [85.1384356, 25.5916278], [85.1384573, 25.5916503], [85.1384971, 25.5917133], [85.138519, 25.5917647], [85.1385433, 25.5918215], [85.1385601, 25.5919173], [85.1385732, 25.591992], [85.1385824, 25.5920443], [85.1385935, 25.5921129], [85.13862, 25.5922774], [85.138664, 25.5925508], [85.1386645, 25.5925535], [85.1386823, 25.5926491], [85.1386869, 25.5926735], [85.1386992, 25.5927394], [85.1387161, 25.59283], [85.1387161, 25.5928301], [85.1387241, 25.5928728], [85.1387419, 25.592968], [85.1387491, 25.5929934], [85.1387596, 25.5930304], [85.1387614, 25.5930367], [85.1387617, 25.5930378], [85.1387679, 25.5930594], [85.1387916, 25.5931429], [85.138795, 25.5931991], [85.138797, 25.593232], [85.1387961, 25.5932426], [85.138795, 25.5932539], [85.1387891, 25.5933187], [85.1387862, 25.5933501], [85.1387784, 25.5934046], [85.1387707, 25.593459], [85.1387693, 25.5934692], [85.1387673, 25.5934832], [85.1387366, 25.593553], [85.1387317, 25.5935643], [85.1387216, 25.5935873], [85.1387051, 25.5936247], [85.1386406, 25.5937633], [85.1386148, 25.5938776], [85.1386089, 25.5939037], [85.1386075, 25.593921], [85.1385977, 25.5940424], [85.1385973, 25.5940472], [85.1385919, 25.594114], [85.1385886, 25.5941558], [85.1385871, 25.5941702], [85.1385849, 25.5941931], [85.1385828, 25.5942142], [85.1385823, 25.5942198], [85.1385917, 25.5943282], [85.1385917, 25.5943283], [85.1386007, 25.5944314], [85.1386031, 25.5944846], [85.1386062, 25.5945489], [85.1386099, 25.5946281], [85.1386113, 25.5946468], [85.1386227, 25.5947928], [85.1386344, 25.5949722], [85.1386344, 25.5949723], [85.1386346, 25.5949758], [85.1386346, 25.5949759], [85.1386375, 25.5950206], [85.1386403, 25.5951316], [85.138642, 25.5951977], [85.1386426, 25.5952208], [85.1386451, 25.5953117], [85.1386482, 25.5954221], [85.1386513, 25.5955343], [85.138791, 25.5955252], [85.1388584, 25.5955209], [85.1389594, 25.5955085], [85.1391226, 25.5954887], [85.1392097, 25.5954811], [85.1392841, 25.5954747], [85.1392855, 25.5954746], [85.1392859, 25.5954745], [85.1393157, 25.5954745], [85.1395277, 25.5954743], [85.139542, 25.5954743], [85.1396422, 25.5954938], [85.1396718, 25.5954996], [85.1397135, 25.5955157], [85.139877, 25.5955787], [85.1399193, 25.595595], [85.140011, 25.5956303], [85.1400219, 25.5956345], [85.1400257, 25.5956352], [85.1401098, 25.5956505], [85.1401701, 25.5956616], [85.1401715, 25.5956618], [85.1401746, 25.5956624], [85.1403439, 25.5956933], [85.1403752, 25.595699], [85.1404259, 25.5957082], [85.1406273, 25.595755], [85.1407585, 25.5957854], [85.1407742, 25.595789], [85.1407806, 25.5957905], [85.1408054, 25.5957963], [85.1409215, 25.5958232], [85.1410673, 25.5958673], [85.141102, 25.5958777], [85.1411021, 25.5958778], [85.1413443, 25.595951], [85.1414047, 25.5959673], [85.1414048, 25.5959673], [85.1415554, 25.596008], [85.141562, 25.5960098], [85.1415641, 25.5960104], [85.1415659, 25.5960109], [85.1417938, 25.5960547], [85.1417965, 25.596055], [85.1418079, 25.5960563], [85.1419077, 25.5960678], [85.1420091, 25.5960794], [85.1420399, 25.5960829], [85.1421618, 25.596096], [85.1421619, 25.5960961], [85.1421796, 25.596098], [85.1421831, 25.5960983], [85.1423067, 25.5961117], [85.1424278, 25.5961248], [85.1424279, 25.5961248], [85.1425429, 25.5961372], [85.1426705, 25.5961594], [85.1427049, 25.5961653], [85.1427586, 25.5961747], [85.1428278, 25.5961867], [85.1428328, 25.5961866], [85.1428802, 25.5961856], [85.1428881, 25.5961854], [85.142922, 25.5961847], [85.1430223, 25.5961827], [85.143063, 25.5961818], [85.1430938, 25.5961812], [85.1432332, 25.5961732], [85.1432453, 25.5961725], [85.1433681, 25.5961654], [85.1434005, 25.5961636], [85.1436123, 25.5961514], [85.1437804, 25.5961417], [85.143828, 25.596139], [85.1439743, 25.5961305], [85.144075, 25.596138], [85.1441137, 25.596141], [85.1441403, 25.5961451], [85.1441455, 25.5961459], [85.144164, 25.5961488], [85.144296, 25.5961694], [85.1443172, 25.5961727], [85.1444376, 25.5961915], [85.1444974, 25.5962008], [85.1445277, 25.5962055], [85.1447073, 25.5962294], [85.144708, 25.5962295], [85.1447258, 25.5962319], [85.1447624, 25.5962398], [85.1449743, 25.5962973], [85.1449795, 25.5962994], [85.1449822, 25.5963005], [85.145026, 25.596318], [85.1450261, 25.596318], [85.1452065, 25.5963899], [85.1452178, 25.5963928], [85.1452588, 25.5964036], [85.1453331, 25.5964229], [85.1453954, 25.5964392], [85.1455067, 25.5964484], [85.145545, 25.5964516], [85.1455665, 25.5964534], [85.1455863, 25.5964531], [85.1455877, 25.5964531], [85.1456479, 25.5964523], [85.1456484, 25.5964522], [85.1456723, 25.5964496], [85.1457062, 25.5964381], [85.1457138, 25.5964356], [85.1457318, 25.5964253], [85.1457459, 25.5964163], [85.145759, 25.5964078], [85.1457649, 25.5964021], [85.1457674, 25.5963998], [85.1457757, 25.5963919], [85.145786, 25.596382], [85.1457861, 25.5963817], [85.1457972, 25.5963463], [85.1457975, 25.5963456], [85.1457978, 25.5963445], [85.1458004, 25.5963101], [85.145801, 25.5963019], [85.145801, 25.5963016], [85.1457946, 25.59627], [85.1457943, 25.5962689], [85.1457882, 25.5962617], [85.1457881, 25.5962616], [85.1457822, 25.5962541], [85.1457768, 25.5962463], [85.1457749, 25.5962433], [85.1457717, 25.5962383], [85.1457682, 25.596232], [85.1457672, 25.59623], [85.1457656, 25.5962269], [85.145763, 25.5962216], [85.1457594, 25.596213], [85.1457583, 25.59621], [85.1457571, 25.596207], [85.1457562, 25.5962043], [85.1457534, 25.5961954], [85.1457526, 25.5961922], [85.1457512, 25.5961864], [85.1457498, 25.5961791], [85.1457494, 25.5961773], [85.1457482, 25.5961681], [85.1457524, 25.5961146], [85.1457563, 25.5960658], [85.1457652, 25.5959546], [85.1457718, 25.5958493], [85.1457738, 25.5958173], [85.1457779, 25.5957527], [85.1457798, 25.595722], [85.1457816, 25.5956937], [85.1457817, 25.5956919], [85.1457838, 25.5956063], [85.1457846, 25.5955742], [85.1457851, 25.5955561], [85.1457909, 25.5953168], [85.1457905, 25.5953088], [85.1457902, 25.5953015], [85.1457902, 25.595301], [85.1457811, 25.5951087], [85.1457807, 25.595101], [85.1457519, 25.5948513], [85.1457484, 25.5948208], [85.1457359, 25.5946659], [85.1457305, 25.5945988], [85.1457241, 25.5945193], [85.1457227, 25.5945147], [85.1457174, 25.5945072], [85.1457105, 25.5944975], [85.145706, 25.5944911], [85.1457056, 25.5944904], [85.1457053, 25.5944898], [85.145705, 25.594489], [85.1457047, 25.5944884], [85.1457045, 25.5944874], [85.1457043, 25.594487], [85.1456632, 25.5942902], [85.1456595, 25.5942725], [85.1456591, 25.5942576], [85.1456552, 25.5941179], [85.1456685, 25.5939578], [85.1456904, 25.5937694], [85.1457081, 25.5934786], [85.1457081, 25.5934785], [85.1457095, 25.5934558], [85.1457088, 25.5932514], [85.1457088, 25.593243], [85.1457085, 25.5931635], [85.1457309, 25.593103], [85.1457677, 25.593048], [85.1458463, 25.5929833], [85.1458473, 25.5929825], [85.1458474, 25.5929824], [85.1458524, 25.5929784], [85.1458648, 25.5929683], [85.1458638, 25.5929656], [85.1458586, 25.5929519], [85.1458562, 25.5928797], [85.1458533, 25.5927944], [85.1458528, 25.5927785], [85.1458503, 25.592704], [85.1458483, 25.5926437], [85.1458421, 25.5924564], [85.1458415, 25.5924493], [85.1458326, 25.5923445], [85.1458251, 25.5922985], [85.1458157, 25.5922409], [85.145811, 25.592212], [85.1457766, 25.5920697], [85.1457726, 25.5920349], [85.1457482, 25.5918219], [85.1457443, 25.5917878], [85.1457358, 25.5917138], [85.1457169, 25.5915599], [85.1456881, 25.5913258], [85.145687, 25.5913166], [85.1456808, 25.591266], [85.1456664, 25.5911098], [85.1456432, 25.5908579], [85.145637, 25.5907822], [85.1456174, 25.5905398], [85.1456167, 25.5905313], [85.1455727, 25.5901283], [85.1455523, 25.5900593], [85.1455454, 25.5900359], [85.1455026, 25.5897534], [85.1455025, 25.5897526], [85.1454743, 25.5894847], [85.1454702, 25.589446], [85.1454633, 25.5893735], [85.1454633, 25.5893734], [85.1454613, 25.5893519], [85.1454409, 25.5891383], [85.145431, 25.5890525], [85.1454188, 25.588946], [85.1454149, 25.5889262], [85.1454075, 25.5888877], [85.145378, 25.5887359], [85.1453519, 25.5886339], [85.145284, 25.5883706], [85.1452794, 25.5883532], [85.1452411, 25.5883683], [85.145238, 25.5883691], [85.1452328, 25.5883704], [85.1452284, 25.5883715], [85.1451466, 25.5883923], [85.1450244, 25.5883907], [85.1448158, 25.5883697], [85.1447977, 25.5883679], [85.1447639, 25.5883645], [85.1447124, 25.5883593], [85.1444701, 25.5882979], [85.1444624, 25.5882951], [85.1442647, 25.588222], [85.1441494, 25.5881736], [85.1440715, 25.5881408], [85.1440197, 25.588119], [85.1439588, 25.5880934], [85.1438859, 25.5880611], [85.1438064, 25.588026], [85.1437593, 25.5879858], [85.1437511, 25.5879788], [85.1437031, 25.587938], [85.1437006, 25.5879358], [85.1436568, 25.58787], [85.1436302, 25.5877883], [85.1436098, 25.5877257], [85.1435948, 25.5876276], [85.1435948, 25.5876267], [85.1435949, 25.587626], [85.1435974, 25.5875483], [85.1435976, 25.5875425], [85.1435982, 25.5875045], [85.1435984, 25.5874914], [85.1435984, 25.5874902], [85.1435986, 25.5874751], [85.1435995, 25.5874185], [85.1435933, 25.5873812], [85.143584, 25.5873253], [85.143584, 25.5873252], [85.143581, 25.5873073], [85.1435779, 25.5872885], [85.1435276, 25.5869859], [85.1435255, 25.5869738], [85.1435164, 25.5869203], [85.1435137, 25.586904], [85.1434869, 25.5867463], [85.1434658, 25.5866971], [85.1434434, 25.5866613], [85.1434298, 25.5866395], [85.1434298, 25.5866394], [85.1433935, 25.5865808], [85.143386, 25.5865688], [85.1433524, 25.5864773], [85.1433457, 25.5864298], [85.1433429, 25.58641], [85.1433342, 25.5863008], [85.1433306, 25.586256], [85.1433297, 25.5862453], [85.1433226, 25.5861561], [85.1433225, 25.5861547], [85.1433179, 25.5861113], [85.1433162, 25.5860959], [85.1433121, 25.586057], [85.1433097, 25.586035], [85.1433084, 25.586023], [85.1432989, 25.5859337], [85.1432924, 25.5858688], [85.1432847, 25.585792], [85.1432788, 25.5857326], [85.143267, 25.585615], [85.1432657, 25.5856017], [85.1432653, 25.5855983], [85.1432644, 25.5855891], [85.143218, 25.5853718], [85.1431991, 25.585283], [85.1431836, 25.5852107], [85.1431799, 25.5851942], [85.1431782, 25.5851864], [85.1431676, 25.5851394], [85.1431642, 25.5851241], [85.1431302, 25.5849722], [85.1431055, 25.5848623], [85.1430902, 25.5847939], [85.1430304, 25.5844949], [85.1430132, 25.5844089], [85.142988, 25.5842309], [85.1429784, 25.5841627], [85.1429752, 25.5841403], [85.1431957, 25.5841128], [85.1435046, 25.5840858], [85.1435429, 25.5840825], [85.1435944, 25.5840769], [85.1435982, 25.5840765], [85.1439167, 25.584042], [85.1439249, 25.584041], [85.1439283, 25.5840406], [85.1440419, 25.5840268], [85.1443644, 25.58399], [85.1444919, 25.5839683], [85.1446789, 25.5839474], [85.1447137, 25.5839435], [85.1448969, 25.5839295], [85.1449034, 25.583929], [85.1449137, 25.5839282], [85.1450019, 25.5839186], [85.1451623, 25.5839012], [85.1453124, 25.583888], [85.1453991, 25.5838803], [85.1454579, 25.583875], [85.1455146, 25.58387], [85.1456742, 25.5838528], [85.1456859, 25.5838516], [85.145698, 25.5838496], [85.1458497, 25.5838249], [85.1459207, 25.5838133], [85.1459442, 25.5838095], [85.1459781, 25.5838056], [85.1460715, 25.5837947], [85.1462562, 25.5837718], [85.146333, 25.5837623], [85.1465089, 25.5837398], [85.1466345, 25.5837244], [85.1468231, 25.5837012], [85.1468449, 25.583699], [85.1468571, 25.5836977], [85.1469618, 25.5836867], [85.1469813, 25.5836847], [85.1469868, 25.5836841], [85.1471555, 25.5836684], [85.1473176, 25.5836567], [85.1474376, 25.5836486], [85.1475587, 25.5836446], [85.1476813, 25.5836462], [85.1478111, 25.5836511], [85.1478168, 25.5836513], [85.1478446, 25.5836524], [85.148008, 25.5836558], [85.1481204, 25.5836699], [85.1482514, 25.5836837], [85.1485643, 25.5837166], [85.1486182, 25.5837222], [85.1488143, 25.58374], [85.148927, 25.5837502], [85.1489481, 25.5837521], [85.1489609, 25.5837533], [85.1490237, 25.583759], [85.149194, 25.5837744], [85.1492165, 25.5837761], [85.1493048, 25.5837826], [85.1495508, 25.5838008], [85.1495815, 25.5838031], [85.1495881, 25.5838035], [85.1495923, 25.5838039], [85.1496014, 25.5838045], [85.1496872, 25.5838109], [85.1498349, 25.5838218], [85.1499671, 25.5838339], [85.1500007, 25.583837], [85.1502673, 25.5838614], [85.150314, 25.5838652], [85.1503376, 25.5838672], [85.1503477, 25.583868], [85.1503598, 25.583869], [85.1503717, 25.58387], [85.1503771, 25.5838705], [85.150707, 25.5838978], [85.1507139, 25.5838984], [85.151053, 25.5839299], [85.1513224, 25.583956], [85.1514807, 25.5839674], [85.1514922, 25.5839662], [85.1514909, 25.5839455], [85.151487, 25.5838818], [85.1514834, 25.5838246], [85.1514799, 25.5837692], [85.1514678, 25.5837232], [85.151465, 25.5837126], [85.1514524, 25.5836825], [85.151443, 25.5836601], [85.1513835, 25.583492], [85.1513545, 25.5834259], [85.1513279, 25.5833846], [85.1513183, 25.5833696], [85.1513103, 25.5833572], [85.1512944, 25.5833358], [85.1512927, 25.5833335], [85.1512848, 25.5833229], [85.1512778, 25.5833177], [85.1512462, 25.5832945], [85.1512016, 25.583279], [85.151187, 25.5832739], [85.1511777, 25.5832706], [85.1510872, 25.583248], [85.1510237, 25.5832278], [85.1510182, 25.5832247], [85.15097, 25.5831976], [85.1509489, 25.5831798], [85.1509204, 25.5831557], [85.1508905, 25.5831261], [85.150853, 25.583089], [85.1508267, 25.5830531], [85.1508158, 25.5830381], [85.1507558, 25.582956], [85.1507325, 25.5829318], [85.1506446, 25.5828407], [85.1506313, 25.5828269], [85.1506092, 25.5828038], [85.150585, 25.5827734], [85.1505763, 25.5827624], [85.1505474, 25.5827088], [85.1505459, 25.5827061], [85.1505395, 25.5826895], [85.1505181, 25.5826347], [85.1504831, 25.5825541], [85.1504454, 25.5824671], [85.1503847, 25.5823376], [85.1503794, 25.5823261], [85.1503791, 25.5823255], [85.1503702, 25.5823031], [85.1503619, 25.5822822], [85.15036, 25.5822776], [85.150336, 25.5821487], [85.1501132, 25.5821675], [85.1499844, 25.5821734], [85.1499843, 25.5821689], [85.1499825, 25.5821129], [85.1499817, 25.5820852], [85.1499805, 25.5820467], [85.1499786, 25.5819844], [85.1499239, 25.5819845], [85.1498224, 25.5819847], [85.149763, 25.5819849], [85.149748, 25.5819849], [85.1497476, 25.5819667], [85.1497475, 25.581965], [85.1497471, 25.5819633], [85.1497464, 25.5819617], [85.1497456, 25.5819601], [85.1497445, 25.5819587], [85.1497433, 25.5819574], [85.1497418, 25.5819563], [85.1497403, 25.5819553], [85.1497386, 25.5819545], [85.1497368, 25.581954], [85.1497349, 25.5819536], [85.149733, 25.5819535], [85.1494923, 25.5819493], [85.1494727, 25.5819417], [85.1494586, 25.5819271], [85.1494503, 25.5819108], [85.1494449, 25.5818675], [85.1494369, 25.5817964], [85.1494366, 25.5817947], [85.149436, 25.581793], [85.1494352, 25.5817914], [85.1494341, 25.5817898], [85.1494329, 25.5817885], [85.1494314, 25.5817873], [85.1494298, 25.5817862], [85.1494281, 25.5817854], [85.1494263, 25.5817848], [85.1494244, 25.5817844], [85.1494224, 25.5817843], [85.1494204, 25.5817843], [85.149284, 25.5817978], [85.1491108, 25.5818148], [85.1490586, 25.5818212], [85.1490307, 25.5815602], [85.149029, 25.5815444], [85.1490244, 25.5815014], [85.1489964, 25.5812706], [85.1488874, 25.5807432], [85.1489605, 25.5807178], [85.1490324, 25.5806789], [85.1490744, 25.5806333], [85.1491386, 25.5805704], [85.149174, 25.5805431], [85.1492253, 25.5805186], [85.1492849, 25.5805024], [85.1494085, 25.5804748], [85.1494025, 25.5804529], [85.1492916, 25.5803237], [85.1491474, 25.5800272], [85.1491114, 25.5799973], [85.1490761, 25.5799542], [85.1490393, 25.579833], [85.149016, 25.5796155], [85.1490157, 25.5796156], [85.1490008, 25.5796171], [85.1489211, 25.5796257], [85.1489044, 25.5796301], [85.1488557, 25.5796429], [85.1488024, 25.5796519], [85.1487615, 25.579654], [85.1487464, 25.5796551], [85.1487377, 25.5796557], [85.1487368, 25.5796553], [85.1487231, 25.5796489], [85.1487114, 25.5796398], [85.1487063, 25.5796358], [85.1487029, 25.5796318], [85.1486919, 25.5796187], [85.1486868, 25.579606], [85.1486826, 25.5795955], [85.1486669, 25.5795424], [85.1486544, 25.5795002], [85.1486416, 25.5794609], [85.1486332, 25.579435], [85.1486153, 25.5793807], [85.1485972, 25.5793255], [85.1485906, 25.5792897], [85.1485878, 25.5792741], [85.1485864, 25.5792693], [85.1485757, 25.5792312], [85.1485609, 25.5792022], [85.1485491, 25.5791762], [85.1485381, 25.5791518], [85.1485372, 25.5791485], [85.1485347, 25.5791391], [85.1485292, 25.5791183], [85.1485244, 25.5790999], [85.1484929, 25.5789811], [85.1484901, 25.5789708], [85.1484767, 25.5789201], [85.1484707, 25.5788916], [85.1484666, 25.5788812], [85.1484604, 25.5788656], [85.1484416, 25.5788382], [85.1484293, 25.5788268], [85.1484226, 25.5788205], [85.1484198, 25.5788164], [85.1484079, 25.5787989], [85.1483966, 25.5787714], [85.1483952, 25.5787679], [85.1483933, 25.5787559], [85.148387, 25.5787163], [85.1483805, 25.5786796], [85.1483785, 25.5786685], [85.1483778, 25.5786647], [85.1483733, 25.5786297], [85.1483637, 25.5785559], [85.1483584, 25.5784923], [85.1483573, 25.5784804], [85.1483568, 25.5784421], [85.1483564, 25.5784193], [85.1483548, 25.5783704], [85.1483546, 25.5783667], [85.1483546, 25.5783661], [85.1483503, 25.5782533], [85.1483488, 25.5782145], [85.1483471, 25.5781704], [85.1483443, 25.578034], [85.1483444, 25.5780297], [85.1483446, 25.5780254], [85.1483448, 25.5780212], [85.1483449, 25.5780194], [85.1483451, 25.5780169], [85.1483453, 25.5780149], [85.1483455, 25.5780126], [85.1483455, 25.578012], [85.1483459, 25.5780084], [85.1483462, 25.5780051], [85.1483463, 25.5780041], [85.1483465, 25.5780029], [85.1483469, 25.5779998], [85.1483472, 25.5779976], [85.1483475, 25.5779956], [85.1483477, 25.5779937], [85.1483481, 25.5779914], [85.1483484, 25.5779898], [85.1483488, 25.5779873], [85.1483488, 25.5779872], [85.1483488, 25.5779871], [85.1483489, 25.5779868], [85.1483492, 25.5779847], [85.1483496, 25.5779829], [85.1483484, 25.5779828], [85.1483472, 25.5779826], [85.1483399, 25.5779788], [85.1483349, 25.5779741], [85.1483299, 25.5779695], [85.1483292, 25.5779684], [85.1483195, 25.5779527], [85.1483111, 25.5779337], [85.1483093, 25.5779282], [85.1483075, 25.5779228], [85.1483074, 25.5779227], [85.1483019, 25.5779064], [85.1482884, 25.5777952], [85.1482884, 25.5777951], [85.1482858, 25.5777736], [85.1482783, 25.5777216], [85.1482732, 25.5776864], [85.1482737, 25.5776557], [85.1482808, 25.5775609], [85.1482851, 25.577505], [85.148287, 25.5774701], [85.1482897, 25.5774211], [85.1482884, 25.5773767], [85.1482875, 25.5773464], [85.14828, 25.5772879], [85.1482784, 25.5772756], [85.1482746, 25.5772597], [85.1482582, 25.5771922], [85.1482546, 25.5771605], [85.1482498, 25.5771625], [85.148231, 25.5771702], [85.1482002, 25.5771828], [85.1481718, 25.5771898], [85.1481536, 25.5771913], [85.1481347, 25.5771929], [85.1480916, 25.5771924], [85.1480435, 25.5771828], [85.1480187, 25.5771812], [85.1479921, 25.5771795], [85.1479616, 25.5771809], [85.1479325, 25.5771819], [85.1479125, 25.5771826], [85.1479126, 25.5771779], [85.1479127, 25.5771643], [85.1479152, 25.5771471], [85.147922, 25.5771006], [85.1479251, 25.5770397], [85.1479248, 25.5770371], [85.1479178, 25.5769654], [85.1479107, 25.57691], [85.1479073, 25.5768827], [85.1479014, 25.5768591], [85.1478916, 25.5768197], [85.1478728, 25.5767295], [85.1478686, 25.5766955], [85.1478711, 25.5766495], [85.1478748, 25.5766086], [85.1478799, 25.5765765], [85.1478858, 25.5765396], [85.1478883, 25.5765231], [85.1478894, 25.5765153], [85.1478907, 25.5765066], [85.1478932, 25.5764624], [85.1478875, 25.5764162], [85.1478828, 25.5763804], [85.1478802, 25.5763606], [85.1478773, 25.5763394], [85.1478606, 25.5762202], [85.1478598, 25.5762146], [85.1478596, 25.5762128], [85.147848, 25.5761299], [85.1478387, 25.5760578], [85.1478352, 25.5760309]]]}}, {"type": "Feature", "properties": {"ward": "32", "ward_title": "Ward 32", "area": "Postal Park / Chiraiyatand", "short_area": "Postal Park", "ac_no": "183", "ac_name": "Kumhrar", "ac_booths": 9, "ac_booth_range": "171-210", "ac_voters": 8500, "total_ward_booths": "9", "total_ward_voters": "1,022", "center_lat": 25.5826212, "center_lon": 85.15309176885856, "label_lat": 25.58239594897929, "label_lon": 85.15309176885856, "has_leader": false, "leader_line": null, "color": "#f59e0b", "color_dark": "#b45309"}, "geometry": {"type": "Polygon", "coordinates": [[[85.1553556, 25.5790877], [85.1553457, 25.5790625], [85.1553344, 25.5790254], [85.1553261, 25.578981], [85.1553234, 25.5789665], [85.1553171, 25.5789408], [85.1553154, 25.5789337], [85.1553033, 25.5788971], [85.1552829, 25.5788476], [85.1552473, 25.5787831], [85.1552103, 25.5787383], [85.1551561, 25.5786798], [85.1551531, 25.5786751], [85.1551141, 25.5786941], [85.1549314, 25.5788053], [85.1548415, 25.5788698], [85.1547786, 25.5788899], [85.1547323, 25.5789043], [85.1546659, 25.5789393], [85.1545364, 25.5790123], [85.1543379, 25.5790814], [85.1542851, 25.5790897], [85.1541929, 25.5790886], [85.1541206, 25.5790787], [85.1540355, 25.5790478], [85.1539218, 25.5789508], [85.1538636, 25.5788784], [85.1538248, 25.5788331], [85.1537398, 25.5787962], [85.1535624, 25.5787701], [85.1533458, 25.5787315], [85.1532637, 25.5787156], [85.1531847, 25.5787146], [85.1530135, 25.5787154], [85.1527467, 25.578727], [85.1527402, 25.5787179], [85.1527308, 25.5786909], [85.1527411, 25.5786582], [85.1527513, 25.5786374], [85.152736, 25.5785626], [85.1526925, 25.5783979], [85.152642, 25.5782539], [85.1526012, 25.578125], [85.1525211, 25.5777657], [85.1524906, 25.5776071], [85.1524555, 25.577108], [85.1524433, 25.5768332], [85.1523815, 25.5767847], [85.152317, 25.5766943], [85.1522884, 25.5766312], [85.1521629, 25.5764415], [85.1518947, 25.5763277], [85.151823, 25.576282], [85.1517906, 25.5762487], [85.1517556, 25.5761647], [85.1517433, 25.5761078], [85.1517355, 25.5759734], [85.1517365, 25.5759077], [85.1517243, 25.5758478], [85.1517183, 25.5758089], [85.1517055, 25.5757879], [85.1516764, 25.5757487], [85.1515652, 25.5757055], [85.1511936, 25.5756769], [85.151027, 25.5755972], [85.1507337, 25.5753994], [85.1506222, 25.5753741], [85.1503961, 25.5753086], [85.1499923, 25.5752378], [85.149983, 25.5751988], [85.1495483, 25.5752083], [85.1494133, 25.5752095], [85.1490803, 25.5752441], [85.148469, 25.5753917], [85.1483665, 25.5754262], [85.1478627, 25.5756453], [85.14787, 25.575792], [85.1478705, 25.5758007], [85.1478213, 25.5758093], [85.1478064, 25.5758109], [85.1478129, 25.5758598], [85.147825, 25.5759516], [85.1478352, 25.5760309], [85.1478387, 25.5760578], [85.147848, 25.5761299], [85.14785014003267, 25.57614519385416], [85.1478501, 25.5761452], [85.1478596, 25.5762128], [85.1478598, 25.5762146], [85.1478606, 25.5762202], [85.1478773, 25.5763394], [85.1478802, 25.5763606], [85.1478828, 25.5763804], [85.1478875, 25.5764162], [85.1478932, 25.5764624], [85.1478907, 25.5765066], [85.1478894, 25.5765153], [85.1478883, 25.5765231], [85.1478858, 25.5765396], [85.1478799, 25.5765765], [85.1478748, 25.5766086], [85.1478711, 25.5766495], [85.1478686, 25.5766955], [85.1478728, 25.5767295], [85.1478916, 25.5768197], [85.1479014, 25.5768591], [85.1479073, 25.5768827], [85.1479107, 25.57691], [85.1479178, 25.5769654], [85.1479248, 25.5770371], [85.1479251, 25.5770397], [85.147922, 25.5771006], [85.1479152, 25.5771471], [85.1479127, 25.5771643], [85.1479126, 25.5771779], [85.1479125, 25.5771826], [85.1479325, 25.5771819], [85.1479616, 25.5771809], [85.1479921, 25.5771795], [85.1480187, 25.5771812], [85.1480435, 25.5771828], [85.1480916, 25.5771924], [85.1481347, 25.5771929], [85.1481536, 25.5771913], [85.1481718, 25.5771898], [85.1482002, 25.5771828], [85.148231, 25.5771702], [85.1482498, 25.5771625], [85.1482546, 25.5771605], [85.1482582, 25.5771922], [85.1482746, 25.5772597], [85.1482784, 25.5772756], [85.14828, 25.5772879], [85.1482875, 25.5773464], [85.1482884, 25.5773767], [85.1482897, 25.5774211], [85.148287, 25.5774701], [85.1482851, 25.577505], [85.1482808, 25.5775609], [85.1482737, 25.5776557], [85.1482732, 25.5776864], [85.1482783, 25.5777216], [85.1482858, 25.5777736], [85.1482884, 25.5777951], [85.1482884, 25.5777952], [85.1483019, 25.5779064], [85.1483074, 25.5779227], [85.1483075, 25.5779228], [85.1483093, 25.5779282], [85.1483111, 25.5779337], [85.1483195, 25.5779527], [85.1483292, 25.5779684], [85.1483299, 25.5779695], [85.1483349, 25.5779741], [85.1483399, 25.5779788], [85.1483472, 25.5779826], [85.1483484, 25.5779828], [85.1483496, 25.5779829], [85.1483492, 25.5779847], [85.1483489, 25.5779868], [85.1483488, 25.5779871], [85.1483488, 25.5779872], [85.1483488, 25.5779873], [85.1483484, 25.5779898], [85.1483481, 25.5779914], [85.1483477, 25.5779937], [85.1483475, 25.5779956], [85.1483472, 25.5779976], [85.1483469, 25.5779998], [85.1483465, 25.5780029], [85.1483463, 25.5780041], [85.1483462, 25.5780051], [85.1483459, 25.5780084], [85.1483455, 25.578012], [85.1483455, 25.5780126], [85.1483453, 25.5780149], [85.1483451, 25.5780169], [85.1483449, 25.5780194], [85.1483448, 25.5780212], [85.1483446, 25.5780254], [85.1483444, 25.5780297], [85.1483443, 25.578034], [85.1483471, 25.5781704], [85.1483488, 25.5782145], [85.1483503, 25.5782533], [85.1483546, 25.5783661], [85.1483546, 25.5783667], [85.1483548, 25.5783704], [85.1483564, 25.5784193], [85.1483568, 25.5784421], [85.1483573, 25.5784804], [85.1483584, 25.5784923], [85.1483637, 25.5785559], [85.1483733, 25.5786297], [85.1483778, 25.5786647], [85.1483785, 25.5786685], [85.1483805, 25.5786796], [85.148387, 25.5787163], [85.1483933, 25.5787559], [85.1483952, 25.5787679], [85.1483966, 25.5787714], [85.1484079, 25.5787989], [85.1484198, 25.5788164], [85.1484226, 25.5788205], [85.1484293, 25.5788268], [85.1484416, 25.5788382], [85.1484604, 25.5788656], [85.1484666, 25.5788812], [85.1484707, 25.5788916], [85.1484767, 25.5789201], [85.1484901, 25.5789708], [85.1484929, 25.5789811], [85.1485244, 25.5790999], [85.1485292, 25.5791183], [85.1485347, 25.5791391], [85.1485372, 25.5791485], [85.1485381, 25.5791518], [85.1485491, 25.5791762], [85.1485609, 25.5792022], [85.1485757, 25.5792312], [85.1485864, 25.5792693], [85.1485878, 25.5792741], [85.1485906, 25.5792897], [85.1485972, 25.5793255], [85.1486153, 25.5793807], [85.1486332, 25.579435], [85.1486416, 25.5794609], [85.1486544, 25.5795002], [85.1486669, 25.5795424], [85.1486826, 25.5795955], [85.1486868, 25.579606], [85.1486919, 25.5796187], [85.1487029, 25.5796318], [85.1487063, 25.5796358], [85.1487114, 25.5796398], [85.1487231, 25.5796489], [85.1487368, 25.5796553], [85.1487377, 25.5796557], [85.1487464, 25.5796551], [85.1487615, 25.579654], [85.1488024, 25.5796519], [85.1488557, 25.5796429], [85.1489044, 25.5796301], [85.1489211, 25.5796257], [85.1490008, 25.5796171], [85.1490157, 25.5796156], [85.149016, 25.5796155], [85.1490393, 25.579833], [85.1490761, 25.5799542], [85.1491114, 25.5799973], [85.1491474, 25.5800272], [85.1492916, 25.5803237], [85.1494025, 25.5804529], [85.1494085, 25.5804748], [85.1492849, 25.5805024], [85.1492253, 25.5805186], [85.149174, 25.5805431], [85.1491386, 25.5805704], [85.1490744, 25.5806333], [85.1490324, 25.5806789], [85.1489605, 25.5807178], [85.1488874, 25.5807432], [85.1489964, 25.5812706], [85.1490244, 25.5815014], [85.149029, 25.5815444], [85.1490307, 25.5815602], [85.1490586, 25.5818212], [85.1491108, 25.5818148], [85.149284, 25.5817978], [85.1494204, 25.5817843], [85.1494224, 25.5817843], [85.1494244, 25.5817844], [85.1494263, 25.5817848], [85.1494281, 25.5817854], [85.1494298, 25.5817862], [85.1494314, 25.5817873], [85.1494329, 25.5817885], [85.1494341, 25.5817898], [85.1494352, 25.5817914], [85.149436, 25.581793], [85.1494366, 25.5817947], [85.1494369, 25.5817964], [85.1494449, 25.5818675], [85.1494503, 25.5819108], [85.1494586, 25.5819271], [85.1494727, 25.5819417], [85.1494923, 25.5819493], [85.149733, 25.5819535], [85.1497349, 25.5819536], [85.1497368, 25.581954], [85.1497386, 25.5819545], [85.1497403, 25.5819553], [85.1497418, 25.5819563], [85.1497433, 25.5819574], [85.1497445, 25.5819587], [85.1497456, 25.5819601], [85.1497464, 25.5819617], [85.1497471, 25.5819633], [85.1497475, 25.581965], [85.1497476, 25.5819667], [85.149748, 25.5819849], [85.149763, 25.5819849], [85.1498224, 25.5819847], [85.1499239, 25.5819845], [85.1499786, 25.5819844], [85.1499805, 25.5820467], [85.1499817, 25.5820852], [85.1499825, 25.5821129], [85.1499843, 25.5821689], [85.1499844, 25.5821734], [85.1501132, 25.5821675], [85.150336, 25.5821487], [85.15036, 25.5822776], [85.1503619, 25.5822822], [85.1503702, 25.5823031], [85.1503791, 25.5823255], [85.1503794, 25.5823261], [85.1503847, 25.5823376], [85.1504454, 25.5824671], [85.1504831, 25.5825541], [85.1505181, 25.5826347], [85.1505395, 25.5826895], [85.1505459, 25.5827061], [85.1505474, 25.5827088], [85.1505763, 25.5827624], [85.150585, 25.5827734], [85.1506092, 25.5828038], [85.1506313, 25.5828269], [85.1506446, 25.5828407], [85.1507325, 25.5829318], [85.1507558, 25.582956], [85.1508158, 25.5830381], [85.1508267, 25.5830531], [85.150853, 25.583089], [85.1508905, 25.5831261], [85.1509204, 25.5831557], [85.1509489, 25.5831798], [85.15097, 25.5831976], [85.1510182, 25.5832247], [85.1510237, 25.5832278], [85.1510872, 25.583248], [85.1511777, 25.5832706], [85.151187, 25.5832739], [85.1512016, 25.583279], [85.1512462, 25.5832945], [85.1512778, 25.5833177], [85.1512848, 25.5833229], [85.1512927, 25.5833335], [85.1512944, 25.5833358], [85.1513103, 25.5833572], [85.1513183, 25.5833696], [85.1513279, 25.5833846], [85.1513545, 25.5834259], [85.1513835, 25.583492], [85.151443, 25.5836601], [85.1514524, 25.5836825], [85.151465, 25.5837126], [85.1514678, 25.5837232], [85.1514799, 25.5837692], [85.1514834, 25.5838246], [85.151487, 25.5838818], [85.1514909, 25.5839455], [85.1514922, 25.5839662], [85.1514807, 25.5839674], [85.1513224, 25.583956], [85.151053, 25.5839299], [85.1507139, 25.5838984], [85.150707, 25.5838978], [85.1503771, 25.5838705], [85.1503717, 25.58387], [85.1503598, 25.583869], [85.1503477, 25.583868], [85.1503376, 25.5838672], [85.150314, 25.5838652], [85.1502673, 25.5838614], [85.1500007, 25.583837], [85.1499671, 25.5838339], [85.1498349, 25.5838218], [85.1496872, 25.5838109], [85.1496014, 25.5838045], [85.1495923, 25.5838039], [85.1495881, 25.5838035], [85.1495815, 25.5838031], [85.1495508, 25.5838008], [85.1493048, 25.5837826], [85.1492165, 25.5837761], [85.149194, 25.5837744], [85.1490237, 25.583759], [85.1489609, 25.5837533], [85.1489481, 25.5837521], [85.148927, 25.5837502], [85.1488143, 25.58374], [85.1486182, 25.5837222], [85.1485643, 25.5837166], [85.1482514, 25.5836837], [85.1481204, 25.5836699], [85.148008, 25.5836558], [85.1478446, 25.5836524], [85.1478168, 25.5836513], [85.1478111, 25.5836511], [85.1476813, 25.5836462], [85.1475587, 25.5836446], [85.1474376, 25.5836486], [85.1473176, 25.5836567], [85.1471555, 25.5836684], [85.1469868, 25.5836841], [85.1469813, 25.5836847], [85.1469618, 25.5836867], [85.1468571, 25.5836977], [85.1468449, 25.583699], [85.1468231, 25.5837012], [85.1466345, 25.5837244], [85.1465089, 25.5837398], [85.146333, 25.5837623], [85.1462562, 25.5837718], [85.1460715, 25.5837947], [85.1459781, 25.5838056], [85.1459442, 25.5838095], [85.1459207, 25.5838133], [85.1458497, 25.5838249], [85.145698, 25.5838496], [85.1456859, 25.5838516], [85.1456742, 25.5838528], [85.1455146, 25.58387], [85.1454579, 25.583875], [85.1453991, 25.5838803], [85.1453124, 25.583888], [85.1451623, 25.5839012], [85.1450019, 25.5839186], [85.1449137, 25.5839282], [85.1449034, 25.583929], [85.1448969, 25.5839295], [85.1447137, 25.5839435], [85.1446789, 25.5839474], [85.1444919, 25.5839683], [85.1443644, 25.58399], [85.1440419, 25.5840268], [85.1439283, 25.5840406], [85.1439249, 25.584041], [85.1439167, 25.584042], [85.1435982, 25.5840765], [85.1435944, 25.5840769], [85.1435429, 25.5840825], [85.1435046, 25.5840858], [85.1431957, 25.5841128], [85.1429752, 25.5841403], [85.1429784, 25.5841627], [85.142988, 25.5842309], [85.1430132, 25.5844089], [85.1430304, 25.5844949], [85.1430902, 25.5847939], [85.1431055, 25.5848623], [85.1431302, 25.5849722], [85.1431642, 25.5851241], [85.1431676, 25.5851394], [85.1431782, 25.5851864], [85.1431799, 25.5851942], [85.1431836, 25.5852107], [85.1431991, 25.585283], [85.143218, 25.5853718], [85.1432644, 25.5855891], [85.1432653, 25.5855983], [85.1432657, 25.5856017], [85.143267, 25.585615], [85.1432788, 25.5857326], [85.1432847, 25.585792], [85.1432924, 25.5858688], [85.1432989, 25.5859337], [85.1433084, 25.586023], [85.1433097, 25.586035], [85.1433121, 25.586057], [85.1433162, 25.5860959], [85.1433179, 25.5861113], [85.1433225, 25.5861547], [85.1433226, 25.5861561], [85.1433297, 25.5862453], [85.1433306, 25.586256], [85.1433342, 25.5863008], [85.1433429, 25.58641], [85.1433457, 25.5864298], [85.1433524, 25.5864773], [85.143386, 25.5865688], [85.1433935, 25.5865808], [85.1434298, 25.5866394], [85.1434298, 25.5866395], [85.1434434, 25.5866613], [85.1434658, 25.5866971], [85.1434869, 25.5867463], [85.1435137, 25.586904], [85.1435164, 25.5869203], [85.1435255, 25.5869738], [85.1435276, 25.5869859], [85.1435779, 25.5872885], [85.143581, 25.5873073], [85.143584, 25.5873252], [85.143584, 25.5873253], [85.1435933, 25.5873812], [85.1435995, 25.5874185], [85.1435986, 25.5874751], [85.1435984, 25.5874902], [85.1435984, 25.5874914], [85.1435982, 25.5875045], [85.1435976, 25.5875425], [85.1435974, 25.5875483], [85.1435949, 25.587626], [85.1435948, 25.5876267], [85.1435948, 25.5876276], [85.1436098, 25.5877257], [85.1436302, 25.5877883], [85.1436568, 25.58787], [85.1437006, 25.5879358], [85.1437031, 25.587938], [85.1437511, 25.5879788], [85.1437593, 25.5879858], [85.1438064, 25.588026], [85.1438859, 25.5880611], [85.1439588, 25.5880934], [85.1440197, 25.588119], [85.1440715, 25.5881408], [85.1441494, 25.5881736], [85.1442647, 25.588222], [85.1444624, 25.5882951], [85.1444701, 25.5882979], [85.1447124, 25.5883593], [85.1447639, 25.5883645], [85.1447977, 25.5883679], [85.1448158, 25.5883697], [85.1450244, 25.5883907], [85.1451466, 25.5883923], [85.1452284, 25.5883715], [85.1452328, 25.5883704], [85.145238, 25.5883691], [85.1452411, 25.5883683], [85.1452794, 25.5883532], [85.145284, 25.5883706], [85.1453519, 25.5886339], [85.145378, 25.5887359], [85.1454075, 25.5888877], [85.1454149, 25.5889262], [85.1454188, 25.588946], [85.145431, 25.5890525], [85.1454409, 25.5891383], [85.1454613, 25.5893519], [85.1454633, 25.5893734], [85.1454633, 25.5893735], [85.1454702, 25.589446], [85.1454743, 25.5894847], [85.1455025, 25.5897526], [85.1455026, 25.5897534], [85.1455454, 25.5900359], [85.1455523, 25.5900593], [85.1457892, 25.5900353], [85.1460027, 25.5900137], [85.1461445, 25.5899993], [85.1461888, 25.5899959], [85.1464349, 25.5899774], [85.1464472, 25.5899764], [85.1464547, 25.5899759], [85.1468946, 25.5899427], [85.1469719, 25.5899368], [85.1471054, 25.5899268], [85.1473123, 25.5899074], [85.147592, 25.5898812], [85.1477078, 25.5898704], [85.1477252, 25.5898687], [85.1477356, 25.5898678], [85.1478103, 25.5898608], [85.1478871, 25.5898583], [85.1479998, 25.5898546], [85.1480353, 25.5898535], [85.1480405, 25.5898533], [85.1481208, 25.5898439], [85.1481231, 25.5898435], [85.1481242, 25.5898434], [85.1481255, 25.5898432], [85.1481278, 25.5898427], [85.1481301, 25.5898423], [85.1481317, 25.5898419], [85.1481325, 25.5898418], [85.1481343, 25.5898413], [85.1481348, 25.5898412], [85.1481371, 25.5898406], [85.148138, 25.5898403], [85.1481394, 25.58984], [85.1481416, 25.5898393], [85.1481439, 25.5898386], [85.1481455, 25.589838], [85.1481461, 25.5898378], [85.1481469, 25.5898375], [85.1481483, 25.589837], [85.1481754, 25.589828], [85.14818, 25.5898264], [85.1482332, 25.5898077], [85.1483213, 25.5897769], [85.1483521, 25.5897662], [85.1485267, 25.5897051], [85.1485502, 25.5896969], [85.1485671, 25.5896909], [85.1486296, 25.5896691], [85.1486713, 25.5896545], [85.148679, 25.5896518], [85.1487048, 25.5896428], [85.14884, 25.5895977], [85.1489647, 25.5895562], [85.1489663, 25.5895557], [85.1489892, 25.5895481], [85.1492656, 25.589459], [85.1493415, 25.5894346], [85.1496231, 25.5893439], [85.1496432, 25.5893374], [85.1496434, 25.5893373], [85.1496471, 25.5892806], [85.149648, 25.5892668], [85.1496481, 25.5892657], [85.1496483, 25.5892646], [85.1496486, 25.5892635], [85.1496491, 25.5892624], [85.1496496, 25.5892614], [85.1496502, 25.5892604], [85.1496509, 25.5892595], [85.1496517, 25.5892586], [85.1496525, 25.5892578], [85.1496535, 25.5892571], [85.1496545, 25.5892564], [85.1496555, 25.5892558], [85.1497333, 25.5892161], [85.1498127, 25.5891819], [85.1498312, 25.589174], [85.1502151, 25.5890087], [85.1502908, 25.5889553], [85.1504599, 25.588836], [85.1505599, 25.5887655], [85.1506989, 25.5886675], [85.1507146, 25.588658], [85.1507159, 25.5886572], [85.1509319, 25.5885272], [85.150988, 25.588511], [85.1510512, 25.5884949], [85.151314, 25.5884592], [85.1516691, 25.5883668], [85.1516694, 25.5883526], [85.1516709, 25.5882741], [85.1516726, 25.5881856], [85.1516838, 25.5880865], [85.1517065, 25.5880431], [85.1517092, 25.5880408], [85.1517616, 25.5879956], [85.1519124, 25.5878654], [85.151915, 25.5878632], [85.1520073, 25.5878167], [85.1520407, 25.5877999], [85.1523321, 25.5877218], [85.1523404, 25.5877195], [85.152349, 25.5877172], [85.1525594, 25.5876608], [85.152719, 25.5876347], [85.1530256, 25.5875846], [85.1530952, 25.5875589], [85.1531248, 25.5875315], [85.1531451, 25.5875126], [85.1531795, 25.5874406], [85.15323, 25.5871969], [85.1532362, 25.5871315], [85.1532385, 25.5871076], [85.1532487, 25.5869432], [85.1532442, 25.5866719], [85.1532328, 25.5865102], [85.1532322, 25.586501], [85.1532291, 25.5864569], [85.1532183, 25.5863029], [85.153218, 25.5862979], [85.1532179, 25.5862976], [85.1532115, 25.5862218], [85.1532035, 25.5861277], [85.1531892, 25.5859589], [85.1531879, 25.5859426], [85.1531863, 25.5859243], [85.1531862, 25.5859228], [85.1531759, 25.585801], [85.15317, 25.5857323], [85.1531552, 25.5855961], [85.1531478, 25.585528], [85.1531292, 25.5854201], [85.1531267, 25.5854102], [85.1531235, 25.5854004], [85.1531198, 25.5853909], [85.1531155, 25.5853815], [85.1531106, 25.5853723], [85.1531052, 25.5853634], [85.1531048, 25.5853628], [85.1530992, 25.5853548], [85.1530928, 25.5853465], [85.1530858, 25.5853385], [85.1530783, 25.5853309], [85.1530704, 25.5853237], [85.1530661, 25.5853202], [85.1530621, 25.5853169], [85.1530582, 25.5853127], [85.1530546, 25.5853084], [85.1530539, 25.5853075], [85.1530513, 25.5853039], [85.1530483, 25.5852992], [85.1530455, 25.5852944], [85.153043, 25.5852894], [85.1530409, 25.5852843], [85.153039, 25.5852792], [85.1530375, 25.5852739], [85.1530363, 25.5852686], [85.1530354, 25.5852632], [85.1530348, 25.5852578], [85.1530355, 25.5852078], [85.1530358, 25.5851419], [85.153036, 25.5851131], [85.1530372, 25.5848887], [85.1530404, 25.5847562], [85.153041, 25.5847537], [85.1530465, 25.584733], [85.1530534, 25.5847069], [85.1530998, 25.5846149], [85.1531209, 25.5845368], [85.1531224, 25.5845311], [85.1531665, 25.5843677], [85.1531768, 25.5842186], [85.1531771, 25.5842147], [85.1531787, 25.5841907], [85.1531802, 25.584151], [85.153181, 25.5841284], [85.1531818, 25.5841059], [85.1532273, 25.584109], [85.1534431, 25.584124], [85.1542838, 25.5841972], [85.154732, 25.5842325], [85.1548769, 25.584244], [85.1549427, 25.5842492], [85.15529, 25.5842765], [85.155954, 25.5843364], [85.1560544, 25.5843455], [85.1560391, 25.5842014], [85.1560085, 25.5839145], [85.1559503, 25.5835614], [85.1559392, 25.5834777], [85.1559237, 25.5834457], [85.1558737, 25.5833683], [85.1558204, 25.5832628], [85.1557891, 25.5831403], [85.1557557, 25.5830067], [85.1557073, 25.5828024], [85.1556726, 25.5826294], [85.15567, 25.582613], [85.1556688, 25.5826053], [85.1556449, 25.5824572], [85.1556435, 25.5823163], [85.1556429, 25.5822491], [85.1556266, 25.5821393], [85.1556014, 25.5819824], [85.1555847, 25.5817458], [85.1555835, 25.581703], [85.1555816, 25.5816383], [85.1555804, 25.5815772], [85.1555581, 25.5814456], [85.1555247, 25.5813569], [85.1555214, 25.5813482], [85.155498, 25.5813573], [85.1554952, 25.5813485], [85.1554035, 25.5810577], [85.1554011, 25.5810502], [85.1554207, 25.5810441], [85.1554479, 25.5810273], [85.1555064, 25.5809735], [85.1555272, 25.5809491], [85.1555379, 25.5809303], [85.1555485, 25.5809116], [85.1555785, 25.5808115], [85.1556024, 25.5807417], [85.1556228, 25.5807112], [85.1556584, 25.5806724], [85.1556802, 25.580647], [85.1557053, 25.5806005], [85.1557402, 25.5804891], [85.1557737, 25.5803264], [85.1557742, 25.5803229], [85.1557751, 25.5803169], [85.1557945, 25.5801866], [85.155806, 25.5800811], [85.1558122, 25.5799223], [85.1558115, 25.5798165], [85.1558103, 25.5797318], [85.1558062, 25.5796825], [85.1557798, 25.5795162], [85.1557755, 25.5794894], [85.1557721, 25.5794627], [85.1557715, 25.5794576], [85.1557711, 25.5794555], [85.1557673, 25.5794343], [85.1557516, 25.5794047], [85.1556671, 25.5793242], [85.1556166, 25.5792715], [85.1556045, 25.5792589], [85.1555838, 25.5792375], [85.1555107, 25.5791852], [85.1554254, 25.579144], [85.155409, 25.5791348], [85.15540899485683, 25.57913480403739], [85.1553965, 25.5791278], [85.155372, 25.5791076], [85.1553556, 25.5790877]]]}}, {"type": "Feature", "properties": {"ward": "33", "ward_title": "Ward 33", "area": "Kankarbag, Postel Park, RMS Colony", "short_area": "Kankarbagh / RMS Colony", "ac_no": "183", "ac_name": "Kumhrar", "ac_booths": 23, "ac_booth_range": "166-208", "ac_voters": 22971, "total_ward_booths": "23", "total_ward_voters": "19,886", "center_lat": 25.5888877, "center_lon": 85.15443484997323, "label_lat": 25.587120665645966, "label_lon": 85.15443484997323, "has_leader": true, "leader_line": [[25.5888877, 85.15443484997323], [25.587120665645966, 85.15443484997323]], "color": "#f59e0b", "color_dark": "#b45309"}, "geometry": {"type": "Polygon", "coordinates": [[[85.1571569, 25.5932304], [85.1571515, 25.5929184], [85.1571457, 25.592601], [85.1571419, 25.5924437], [85.1571429, 25.5923687], [85.1571443, 25.5922902], [85.1571445, 25.5922806], [85.1571464, 25.5921752], [85.1571464, 25.5921682], [85.1571462, 25.5921292], [85.157146, 25.5920866], [85.1571471, 25.5920411], [85.157151, 25.5918677], [85.1571518, 25.5918229], [85.1571531, 25.5917567], [85.1571565, 25.5915763], [85.1571579, 25.5915543], [85.1571631, 25.5914748], [85.1571629, 25.5914141], [85.1571628, 25.591411], [85.1571561, 25.5910715], [85.1571364, 25.5907861], [85.157116, 25.5905511], [85.1571158, 25.5905485], [85.157098, 25.5903395], [85.1570941, 25.5902766], [85.1570838, 25.5901099], [85.1570832, 25.5900032], [85.1570828, 25.5899287], [85.1570668, 25.5898558], [85.1570591, 25.5898207], [85.157098, 25.5894555], [85.1570981, 25.5894547], [85.1571116, 25.5893144], [85.1571138, 25.5892911], [85.1571505, 25.5892873], [85.1572259, 25.5892793], [85.1573595, 25.5892651], [85.1573966, 25.5892612], [85.1574019, 25.5892606], [85.1576776, 25.5892291], [85.1579817, 25.5891944], [85.1583633, 25.5891291], [85.1584683, 25.5891112], [85.1584929, 25.589107], [85.1585075, 25.5891045], [85.158503, 25.5890643], [85.1584889, 25.5889394], [85.1584497, 25.5885911], [85.158426, 25.5883653], [85.1584238, 25.5883385], [85.1584026, 25.5880794], [85.158402, 25.5880717], [85.1583753, 25.5878198], [85.1583577, 25.5876755], [85.1583337, 25.5874778], [85.158327, 25.5874033], [85.1583145, 25.5872643], [85.1583036, 25.5871735], [85.1582784, 25.5869637], [85.1582737, 25.5869307], [85.1582711, 25.5869125], [85.158271, 25.5869119], [85.1582692, 25.5868987], [85.1582582, 25.5868213], [85.1582394, 25.5867434], [85.1582203, 25.5866813], [85.1581716, 25.5865388], [85.1581693, 25.5865316], [85.1581299, 25.5864101], [85.1581233, 25.5863897], [85.158087, 25.5862774], [85.1580575, 25.5861409], [85.1580657, 25.5861108], [85.1580822, 25.5860396], [85.1580847, 25.5860286], [85.1580988, 25.5859947], [85.1581685, 25.5858039], [85.1582234, 25.5856315], [85.1582403, 25.5855667], [85.1582403, 25.5855663], [85.1582676, 25.5854612], [85.158316, 25.5852613], [85.158366, 25.5850872], [85.1584557, 25.5847162], [85.1584762, 25.5846313], [85.1584932, 25.5845611], [85.1584994, 25.5845356], [85.1584603, 25.5845325], [85.1580679, 25.5845017], [85.1580473, 25.5845], [85.1576463, 25.5844676], [85.1576149, 25.584465], [85.1575035, 25.584456], [85.1572906, 25.5844399], [85.1570949, 25.5844251], [85.1568007, 25.5844028], [85.1561475, 25.5843534], [85.1561175, 25.5843512], [85.1560544, 25.5843455], [85.155954, 25.5843364], [85.15529, 25.5842765], [85.1549427, 25.5842492], [85.1548769, 25.584244], [85.154732, 25.5842325], [85.1542838, 25.5841972], [85.1534431, 25.584124], [85.1532273, 25.584109], [85.1531818, 25.5841059], [85.153181, 25.5841284], [85.1531802, 25.584151], [85.1531787, 25.5841907], [85.1531771, 25.5842147], [85.1531768, 25.5842186], [85.1531665, 25.5843677], [85.1531224, 25.5845311], [85.1531209, 25.5845368], [85.1530998, 25.5846149], [85.1530534, 25.5847069], [85.1530465, 25.584733], [85.153041, 25.5847537], [85.1530404, 25.5847562], [85.1530372, 25.5848887], [85.153036, 25.5851131], [85.1530358, 25.5851419], [85.1530355, 25.5852078], [85.1530348, 25.5852578], [85.1530354, 25.5852632], [85.1530363, 25.5852686], [85.1530375, 25.5852739], [85.153039, 25.5852792], [85.1530409, 25.5852843], [85.153043, 25.5852894], [85.1530455, 25.5852944], [85.1530483, 25.5852992], [85.1530513, 25.5853039], [85.1530539, 25.5853075], [85.1530546, 25.5853084], [85.1530582, 25.5853127], [85.1530621, 25.5853169], [85.1530661, 25.5853202], [85.1530704, 25.5853237], [85.1530783, 25.5853309], [85.1530858, 25.5853385], [85.1530928, 25.5853465], [85.1530992, 25.5853548], [85.1531048, 25.5853628], [85.1531052, 25.5853634], [85.1531106, 25.5853723], [85.1531155, 25.5853815], [85.1531198, 25.5853909], [85.1531235, 25.5854004], [85.1531267, 25.5854102], [85.1531292, 25.5854201], [85.1531478, 25.585528], [85.1531552, 25.5855961], [85.15317, 25.5857323], [85.1531759, 25.585801], [85.1531862, 25.5859228], [85.1531863, 25.5859243], [85.1531879, 25.5859426], [85.1531892, 25.5859589], [85.1532035, 25.5861277], [85.1532115, 25.5862218], [85.1532179, 25.5862976], [85.153218, 25.5862979], [85.1532183, 25.5863029], [85.1532291, 25.5864569], [85.1532322, 25.586501], [85.1532328, 25.5865102], [85.1532442, 25.5866719], [85.1532487, 25.5869432], [85.1532385, 25.5871076], [85.1532362, 25.5871315], [85.15323, 25.5871969], [85.1531795, 25.5874406], [85.1531451, 25.5875126], [85.1531248, 25.5875315], [85.1530952, 25.5875589], [85.1530256, 25.5875846], [85.152719, 25.5876347], [85.1525594, 25.5876608], [85.152349, 25.5877172], [85.1523404, 25.5877195], [85.1523321, 25.5877218], [85.1520407, 25.5877999], [85.1520073, 25.5878167], [85.151915, 25.5878632], [85.1519124, 25.5878654], [85.1517616, 25.5879956], [85.1517092, 25.5880408], [85.1517065, 25.5880431], [85.1516838, 25.5880865], [85.1516726, 25.5881856], [85.1516709, 25.5882741], [85.1516694, 25.5883526], [85.1516691, 25.5883668], [85.151314, 25.5884592], [85.1510512, 25.5884949], [85.150988, 25.588511], [85.1509319, 25.5885272], [85.1507159, 25.5886572], [85.1507146, 25.588658], [85.1506989, 25.5886675], [85.1505599, 25.5887655], [85.1504599, 25.588836], [85.1502908, 25.5889553], [85.1502151, 25.5890087], [85.1498312, 25.589174], [85.1498127, 25.5891819], [85.1497333, 25.5892161], [85.1496555, 25.5892558], [85.1496545, 25.5892564], [85.1496535, 25.5892571], [85.1496525, 25.5892578], [85.1496517, 25.5892586], [85.1496509, 25.5892595], [85.1496502, 25.5892604], [85.1496496, 25.5892614], [85.1496491, 25.5892624], [85.1496486, 25.5892635], [85.1496483, 25.5892646], [85.1496481, 25.5892657], [85.149648, 25.5892668], [85.1496471, 25.5892806], [85.1496434, 25.5893373], [85.1496407, 25.5893799], [85.1496392, 25.5893976], [85.1496371, 25.5894209], [85.1496248, 25.589563], [85.1495974, 25.5898781], [85.1495876, 25.5899905], [85.1495297, 25.5905145], [85.1495241, 25.5905667], [85.1494901, 25.590889], [85.1494893, 25.5908961], [85.1494852, 25.5909353], [85.1494761, 25.5910206], [85.1494565, 25.5912579], [85.1494451, 25.5913959], [85.1494433, 25.5914172], [85.1494274, 25.5915807], [85.1494121, 25.5917394], [85.1494038, 25.5918244], [85.1493596, 25.5922239], [85.1493344, 25.5924507], [85.1493123, 25.5926502], [85.1493074, 25.5927101], [85.149294, 25.5928722], [85.1492842, 25.5929908], [85.1492823, 25.593014], [85.1500496, 25.5930514], [85.1501573, 25.5930596], [85.1506567, 25.5930975], [85.1507093, 25.5931015], [85.1510017, 25.5931235], [85.1513159, 25.5931434], [85.1519673, 25.5931961], [85.1526368, 25.5932432], [85.15275, 25.5932499], [85.1527689, 25.5932511], [85.1530153, 25.5932657], [85.1531532, 25.5932739], [85.1532661, 25.593283], [85.1535108, 25.5933026], [85.1542031, 25.5933582], [85.1546545, 25.5933926], [85.1554917, 25.5934565], [85.1557753, 25.5934788], [85.1562066, 25.5935128], [85.1562758, 25.5935182], [85.1566916, 25.5935509], [85.1567566, 25.5935561], [85.1568094, 25.5935602], [85.1568378, 25.5935624], [85.1570408, 25.5935784], [85.1570856, 25.5935819], [85.1570955, 25.5935813], [85.1571695, 25.5935759], [85.1571614, 25.5934919], [85.1571569, 25.5932304]]]}}, {"type": "Feature", "properties": {"ward": "34", "ward_title": "Ward 34", "area": "Kankarbag, Lohiyanagar", "short_area": "Kankarbagh / Lohiyanagar", "ac_no": "183", "ac_name": "Kumhrar", "ac_booths": 22, "ac_booth_range": "147-212", "ac_voters": 23923, "total_ward_booths": "22", "total_ward_voters": "21,690", "center_lat": 25.59497615, "center_lon": 85.15155784693803, "label_lat": 25.594750898979292, "label_lon": 85.15155784693803, "has_leader": false, "leader_line": null, "color": "#f59e0b", "color_dark": "#b45309"}, "geometry": {"type": "Polygon", "coordinates": [[[85.1580403, 25.5997458], [85.1579952, 25.5993872], [85.1579819, 25.5992845], [85.1579407, 25.5989678], [85.1578968, 25.5986108], [85.1578501, 25.5983084], [85.1578159, 25.5980872], [85.1577559, 25.5976588], [85.1577559, 25.5976583], [85.1577029, 25.5973058], [85.1577022, 25.5973005], [85.1576513, 25.5969619], [85.1576039, 25.5966492], [85.1575904, 25.5965601], [85.1575314, 25.596179], [85.1574867, 25.5959004], [85.1574282, 25.5955105], [85.1573781, 25.5951694], [85.1573688, 25.5951064], [85.1573171, 25.5947594], [85.157311, 25.59472], [85.1572686, 25.594443], [85.1572045, 25.5939418], [85.1571695, 25.5935759], [85.1570955, 25.5935813], [85.1570856, 25.5935819], [85.1570408, 25.5935784], [85.1568378, 25.5935624], [85.1568094, 25.5935602], [85.1567566, 25.5935561], [85.1566916, 25.5935509], [85.1562758, 25.5935182], [85.1562066, 25.5935128], [85.1557753, 25.5934788], [85.1554917, 25.5934565], [85.1546545, 25.5933926], [85.1542031, 25.5933582], [85.1535108, 25.5933026], [85.1532661, 25.593283], [85.1531532, 25.5932739], [85.1530153, 25.5932657], [85.1527689, 25.5932511], [85.15275, 25.5932499], [85.1526368, 25.5932432], [85.1519673, 25.5931961], [85.1513159, 25.5931434], [85.1510017, 25.5931235], [85.1507093, 25.5931015], [85.1506567, 25.5930975], [85.1501573, 25.5930596], [85.1500496, 25.5930514], [85.1492823, 25.593014], [85.1492842, 25.5929908], [85.149294, 25.5928722], [85.1493074, 25.5927101], [85.1493123, 25.5926502], [85.1493344, 25.5924507], [85.1493596, 25.5922239], [85.1494038, 25.5918244], [85.1494121, 25.5917394], [85.1494274, 25.5915807], [85.1494433, 25.5914172], [85.1494451, 25.5913959], [85.1494565, 25.5912579], [85.1494761, 25.5910206], [85.1494852, 25.5909353], [85.1494893, 25.5908961], [85.1494901, 25.590889], [85.1495241, 25.5905667], [85.1495297, 25.5905145], [85.1495876, 25.5899905], [85.1495974, 25.5898781], [85.1496248, 25.589563], [85.1496371, 25.5894209], [85.1496392, 25.5893976], [85.1496407, 25.5893799], [85.1496434, 25.5893373], [85.1496432, 25.5893374], [85.1496231, 25.5893439], [85.1493415, 25.5894346], [85.1492656, 25.589459], [85.1489892, 25.5895481], [85.1489663, 25.5895557], [85.1489647, 25.5895562], [85.14884, 25.5895977], [85.1487048, 25.5896428], [85.148679, 25.5896518], [85.1486713, 25.5896545], [85.1486296, 25.5896691], [85.1485671, 25.5896909], [85.1485502, 25.5896969], [85.1485267, 25.5897051], [85.1483521, 25.5897662], [85.1483213, 25.5897769], [85.1482332, 25.5898077], [85.14818, 25.5898264], [85.1481754, 25.589828], [85.1481483, 25.589837], [85.1481469, 25.5898375], [85.1481461, 25.5898378], [85.1481455, 25.589838], [85.1481439, 25.5898386], [85.1481416, 25.5898393], [85.1481394, 25.58984], [85.148138, 25.5898403], [85.1481371, 25.5898406], [85.1481348, 25.5898412], [85.1481343, 25.5898413], [85.1481325, 25.5898418], [85.1481317, 25.5898419], [85.1481301, 25.5898423], [85.1481278, 25.5898427], [85.1481255, 25.5898432], [85.1481242, 25.5898434], [85.1481231, 25.5898435], [85.1481208, 25.5898439], [85.1480405, 25.5898533], [85.1480353, 25.5898535], [85.1479998, 25.5898546], [85.1478871, 25.5898583], [85.1478103, 25.5898608], [85.1477356, 25.5898678], [85.1477252, 25.5898687], [85.1477078, 25.5898704], [85.147592, 25.5898812], [85.1473123, 25.5899074], [85.1471054, 25.5899268], [85.1469719, 25.5899368], [85.1468946, 25.5899427], [85.1464547, 25.5899759], [85.1464472, 25.5899764], [85.1464349, 25.5899774], [85.1461888, 25.5899959], [85.1461445, 25.5899993], [85.1460027, 25.5900137], [85.1457892, 25.5900353], [85.1455523, 25.5900593], [85.1455727, 25.5901283], [85.1456167, 25.5905313], [85.1456174, 25.5905398], [85.145637, 25.5907822], [85.1456432, 25.5908579], [85.1456664, 25.5911098], [85.1456808, 25.591266], [85.145687, 25.5913166], [85.1456881, 25.5913258], [85.1457169, 25.5915599], [85.1457358, 25.5917138], [85.1457443, 25.5917878], [85.1457482, 25.5918219], [85.1457726, 25.5920349], [85.1457766, 25.5920697], [85.145811, 25.592212], [85.1458157, 25.5922409], [85.1458251, 25.5922985], [85.1458326, 25.5923445], [85.1458415, 25.5924493], [85.1458421, 25.5924564], [85.1458483, 25.5926437], [85.1458503, 25.592704], [85.1458528, 25.5927785], [85.1458533, 25.5927944], [85.1458562, 25.5928797], [85.1458586, 25.5929519], [85.1458638, 25.5929656], [85.1458648, 25.5929683], [85.1458524, 25.5929784], [85.1458474, 25.5929824], [85.1458473, 25.5929825], [85.1458463, 25.5929833], [85.1457677, 25.593048], [85.1457309, 25.593103], [85.1457085, 25.5931635], [85.1457088, 25.593243], [85.1457088, 25.5932514], [85.1457095, 25.5934558], [85.1457081, 25.5934785], [85.1457081, 25.5934786], [85.1456904, 25.5937694], [85.1456685, 25.5939578], [85.1456552, 25.5941179], [85.1456591, 25.5942576], [85.1456595, 25.5942725], [85.1456632, 25.5942902], [85.1457043, 25.594487], [85.1457045, 25.5944874], [85.1457047, 25.5944884], [85.145705, 25.594489], [85.1457053, 25.5944898], [85.1457056, 25.5944904], [85.145706, 25.5944911], [85.1457105, 25.5944975], [85.1457174, 25.5945072], [85.1457227, 25.5945147], [85.1457241, 25.5945193], [85.1457305, 25.5945988], [85.1457359, 25.5946659], [85.1457484, 25.5948208], [85.1457519, 25.5948513], [85.1457807, 25.595101], [85.1457811, 25.5951087], [85.1457902, 25.595301], [85.1457902, 25.5953015], [85.1457905, 25.5953088], [85.1457909, 25.5953168], [85.1457851, 25.5955561], [85.1457846, 25.5955742], [85.1457838, 25.5956063], [85.1457817, 25.5956919], [85.1457816, 25.5956937], [85.1457798, 25.595722], [85.1457779, 25.5957527], [85.1457738, 25.5958173], [85.1457718, 25.5958493], [85.1457652, 25.5959546], [85.1457563, 25.5960658], [85.1457524, 25.5961146], [85.1457482, 25.5961681], [85.1457494, 25.5961773], [85.1457498, 25.5961791], [85.1457512, 25.5961864], [85.1457526, 25.5961922], [85.1457534, 25.5961954], [85.1457562, 25.5962043], [85.1457571, 25.596207], [85.1457955, 25.5962098], [85.1463843, 25.5962525], [85.1464752, 25.5962593], [85.1472414, 25.5963173], [85.1472932, 25.5963212], [85.1480349, 25.5963683], [85.1481502, 25.5963756], [85.1481716, 25.596377], [85.1481899, 25.5963781], [85.1481882, 25.5964034], [85.1481855, 25.5964443], [85.1481636, 25.5966699], [85.1481378, 25.5968374], [85.1481368, 25.5968438], [85.1481201, 25.596952], [85.1480916, 25.5973156], [85.1480879, 25.5973573], [85.1480556, 25.597722], [85.148028, 25.5980053], [85.1480264, 25.5980225], [85.148018, 25.5981366], [85.1480066, 25.5982927], [85.1480015, 25.5983618], [85.14799, 25.5985187], [85.1479747, 25.5986568], [85.1479482, 25.5988972], [85.1479245, 25.5991679], [85.1479148, 25.599279], [85.1478861, 25.599607], [85.147877, 25.5997119], [85.1478486, 25.6000514], [85.1478389, 25.6001672], [85.1478387, 25.6001692], [85.1478366, 25.6001948], [85.1478165, 25.600389], [85.1477478, 25.6007652], [85.1484613, 25.6007361], [85.1485915, 25.6007224], [85.14866, 25.6007156], [85.1491683, 25.6006654], [85.1492076, 25.6006622], [85.1492165, 25.6006614], [85.1493446, 25.6006507], [85.1498478, 25.6006088], [85.1499792, 25.6005991], [85.1500515, 25.6005938], [85.1505904, 25.6005542], [85.150651, 25.6005485], [85.1508388, 25.600531], [85.1509967, 25.6005163], [85.1510484, 25.6005115], [85.1513924, 25.6004868], [85.1515138, 25.6004781], [85.151991, 25.6004287], [85.1522488, 25.6004101], [85.1522795, 25.6004079], [85.1523974, 25.6003994], [85.1528175, 25.6003563], [85.1535293, 25.6002832], [85.1536367, 25.6002722], [85.1536996, 25.6002646], [85.154332, 25.6002112], [85.1544735, 25.6001993], [85.1546019, 25.6001884], [85.1547636, 25.6001748], [85.1548248, 25.6001696], [85.1549685, 25.6001575], [85.155326, 25.6001289], [85.1555216, 25.6001133], [85.1557405, 25.6000959], [85.1560408, 25.6000719], [85.1560623, 25.6000702], [85.1561718, 25.6000615], [85.1562622, 25.6000544], [85.1565417, 25.6000323], [85.1568204, 25.6000102], [85.157021, 25.5999943], [85.1571086, 25.5999921], [85.1574245, 25.5999751], [85.157742, 25.599958], [85.1578344, 25.5999531], [85.157872, 25.599951], [85.1578792, 25.5999507], [85.15788, 25.5999506], [85.157908, 25.5999491], [85.1579635, 25.5999461], [85.1580227, 25.5999439], [85.1580275, 25.5999437], [85.1580526, 25.5999427], [85.1580546, 25.5999426], [85.1580489, 25.5998651], [85.1580403, 25.5997458]]]}}, {"type": "Feature", "properties": {"ward": "35", "ward_title": "Ward 35", "area": "Chandmari Road / Kankarbagh West", "short_area": "Chandmari Road", "ac_no": "183", "ac_name": "Kumhrar", "ac_booths": 9, "ac_booth_range": "75-162", "ac_voters": 9731, "total_ward_booths": "21", "total_ward_voters": "31,273", "center_lat": 25.60036435, "center_lon": 85.15542399838387, "label_lat": 25.60017127769653, "label_lon": 85.15542399838387, "has_leader": false, "leader_line": null, "color": "#f59e0b", "color_dark": "#b45309"}, "geometry": {"type": "Polygon", "coordinates": [[[85.1585326, 25.60335], [85.1585297, 25.6033241], [85.1585264, 25.6032932], [85.1584916, 25.602976], [85.1584834, 25.6029128], [85.1584729, 25.6028314], [85.158439, 25.6025703], [85.1584389, 25.6025693], [85.1584332, 25.6025255], [85.1583985, 25.6022361], [85.1583985, 25.6022358], [85.1583934, 25.6022031], [85.1582623, 25.6013571], [85.1582579, 25.6013288], [85.1581648, 25.6007273], [85.1581102, 25.6003724], [85.1580639, 25.6000716], [85.1580576, 25.5999853], [85.1580546, 25.5999426], [85.1580526, 25.5999427], [85.1580275, 25.5999437], [85.1580227, 25.5999439], [85.1579635, 25.5999461], [85.157908, 25.5999491], [85.15788, 25.5999506], [85.1578792, 25.5999507], [85.157872, 25.599951], [85.1578344, 25.5999531], [85.157742, 25.599958], [85.1574245, 25.5999751], [85.1571086, 25.5999921], [85.157021, 25.5999943], [85.1568204, 25.6000102], [85.1565417, 25.6000323], [85.1562622, 25.6000544], [85.1561718, 25.6000615], [85.1560623, 25.6000702], [85.1560408, 25.6000719], [85.1557405, 25.6000959], [85.1555216, 25.6001133], [85.155326, 25.6001289], [85.1549685, 25.6001575], [85.1548248, 25.6001696], [85.1547636, 25.6001748], [85.1546019, 25.6001884], [85.1544735, 25.6001993], [85.154332, 25.6002112], [85.1536996, 25.6002646], [85.1536367, 25.6002722], [85.1535293, 25.6002832], [85.1528175, 25.6003563], [85.1523974, 25.6003994], [85.1522795, 25.6004079], [85.1522488, 25.6004101], [85.151991, 25.6004287], [85.1515138, 25.6004781], [85.1513924, 25.6004868], [85.1510484, 25.6005115], [85.1509967, 25.6005163], [85.1508388, 25.600531], [85.150651, 25.6005485], [85.1505904, 25.6005542], [85.1500515, 25.6005938], [85.1499792, 25.6005991], [85.1498478, 25.6006088], [85.1493446, 25.6006507], [85.1492165, 25.6006614], [85.1492076, 25.6006622], [85.1491683, 25.6006654], [85.14866, 25.6007156], [85.1485915, 25.6007224], [85.1484613, 25.6007361], [85.1477478, 25.6007652], [85.1478165, 25.600389], [85.1478366, 25.6001948], [85.1478387, 25.6001692], [85.1478389, 25.6001672], [85.1478486, 25.6000514], [85.147877, 25.5997119], [85.1478861, 25.599607], [85.1479148, 25.599279], [85.1479245, 25.5991679], [85.1479482, 25.5988972], [85.1479747, 25.5986568], [85.14799, 25.5985187], [85.1480015, 25.5983618], [85.1480066, 25.5982927], [85.148018, 25.5981366], [85.1480264, 25.5980225], [85.148028, 25.5980053], [85.1480556, 25.597722], [85.1480879, 25.5973573], [85.1480916, 25.5973156], [85.1481201, 25.596952], [85.1481368, 25.5968438], [85.1481378, 25.5968374], [85.1481636, 25.5966699], [85.1481855, 25.5964443], [85.1481882, 25.5964034], [85.1481899, 25.5963781], [85.1481716, 25.596377], [85.1481502, 25.5963756], [85.1480349, 25.5963683], [85.1472932, 25.5963212], [85.1472414, 25.5963173], [85.1464752, 25.5962593], [85.1463843, 25.5962525], [85.1457955, 25.5962098], [85.1457571, 25.596207], [85.1457583, 25.59621], [85.1457594, 25.596213], [85.145763, 25.5962216], [85.1457656, 25.5962269], [85.1457672, 25.59623], [85.1457682, 25.596232], [85.1457717, 25.5962383], [85.1457749, 25.5962433], [85.1457768, 25.5962463], [85.1457822, 25.5962541], [85.1457881, 25.5962616], [85.1457882, 25.5962617], [85.1457943, 25.5962689], [85.1457946, 25.59627], [85.145801, 25.5963016], [85.145801, 25.5963019], [85.1458004, 25.5963101], [85.1457978, 25.5963445], [85.1457975, 25.5963456], [85.1457972, 25.5963463], [85.1457861, 25.5963817], [85.145786, 25.596382], [85.1457757, 25.5963919], [85.1457674, 25.5963998], [85.1457649, 25.5964021], [85.145759, 25.5964078], [85.1457459, 25.5964163], [85.1457318, 25.5964253], [85.1457138, 25.5964356], [85.1457062, 25.5964381], [85.1456723, 25.5964496], [85.1456484, 25.5964522], [85.1456479, 25.5964523], [85.1455877, 25.5964531], [85.1455863, 25.5964531], [85.1455665, 25.5964534], [85.145545, 25.5964516], [85.1455067, 25.5964484], [85.1453954, 25.5964392], [85.1453331, 25.5964229], [85.1452588, 25.5964036], [85.1452178, 25.5963928], [85.1452065, 25.5963899], [85.1450261, 25.596318], [85.145026, 25.596318], [85.1449822, 25.5963005], [85.1449795, 25.5962994], [85.1449743, 25.5962973], [85.1447624, 25.5962398], [85.1447258, 25.5962319], [85.144708, 25.5962295], [85.1447073, 25.5962294], [85.1445277, 25.5962055], [85.1444974, 25.5962008], [85.1444376, 25.5961915], [85.1443172, 25.5961727], [85.144296, 25.5961694], [85.144164, 25.5961488], [85.1441947, 25.5963218], [85.1442051, 25.5964453], [85.1442193, 25.596564], [85.1442236, 25.5965826], [85.1442464, 25.5966829], [85.14425, 25.5966988], [85.1442576, 25.5967321], [85.1442783, 25.5969417], [85.1442803, 25.5969619], [85.1442853, 25.5970329], [85.1442956, 25.5971805], [85.1442956, 25.5971809], [85.1443275, 25.5973797], [85.1443326, 25.5974116], [85.1443466, 25.5975042], [85.1443579, 25.597579], [85.144363, 25.5976126], [85.1443877, 25.5978149], [85.1443891, 25.5978338], [85.1444012, 25.5979967], [85.1444082, 25.5980501], [85.144416, 25.5981091], [85.1444209, 25.5981469], [85.14443, 25.598216], [85.1444304, 25.5982191], [85.1444401, 25.5982927], [85.1444429, 25.5983173], [85.1444481, 25.5983631], [85.1444766, 25.5986151], [85.1444814, 25.5987087], [85.1444881, 25.5988412], [85.1444901, 25.5988807], [85.1445079, 25.5990055], [85.1445208, 25.599096], [85.1445208, 25.5990961], [85.1445251, 25.5991285], [85.1445457, 25.599285], [85.1445484, 25.5993059], [85.1445551, 25.5993567], [85.1445755, 25.5995005], [85.1445961, 25.5996462], [85.1446127, 25.5997604], [85.1446142, 25.5997704], [85.1446336, 25.5999043], [85.1446407, 25.5999632], [85.1446415, 25.5999695], [85.1446443, 25.5999927], [85.1446591, 25.6001155], [85.1446658, 25.6001705], [85.1446693, 25.6001993], [85.1446713, 25.6002159], [85.1446995, 25.600455], [85.1447024, 25.6004792], [85.1447114, 25.6005628], [85.1447377, 25.6008075], [85.1447406, 25.600833], [85.144752, 25.6009359], [85.1447584, 25.6009933], [85.144765, 25.6010529], [85.1447674, 25.6010748], [85.144768, 25.6010807], [85.1447719, 25.6011169], [85.1447824, 25.601213], [85.1447894, 25.6012783], [85.1448212, 25.6015001], [85.1448371, 25.6016161], [85.1448653, 25.6018209], [85.144867, 25.6018332], [85.1448696, 25.6018518], [85.1448807, 25.6019063], [85.1449091, 25.6020458], [85.1449132, 25.6020657], [85.1449582, 25.6024983], [85.1449775, 25.6026839], [85.144974, 25.6027634], [85.1449732, 25.6027815], [85.1447756, 25.6027595], [85.1445769, 25.6027386], [85.1441927, 25.6026983], [85.1439202, 25.6026549], [85.143752, 25.6026295], [85.1437451, 25.6026285], [85.143626, 25.6026105], [85.1435294, 25.602595], [85.1435292, 25.602595], [85.1433145, 25.6025605], [85.1431717, 25.6025369], [85.1428592, 25.6024855], [85.1426963, 25.6024581], [85.1425223, 25.6024289], [85.1422885, 25.6024014], [85.1422821, 25.6024003], [85.1422497, 25.6023946], [85.1421917, 25.6024516], [85.142162, 25.6024809], [85.1421195, 25.6025226], [85.1420859, 25.6025556], [85.142052, 25.6025956], [85.1420293, 25.602633], [85.1420004, 25.6026788], [85.1419645, 25.6027578], [85.1419616, 25.6027659], [85.1419346, 25.6028416], [85.1419068, 25.6030225], [85.1418971, 25.603082], [85.1418826, 25.6031715], [85.1418639, 25.6032753], [85.1418442, 25.6033849], [85.141829, 25.6034618], [85.1417794, 25.6037115], [85.1417792, 25.603713], [85.1417551, 25.6038463], [85.1417507, 25.6038709], [85.1417462, 25.6038954], [85.1417172, 25.6040558], [85.1417161, 25.6040628], [85.1417156, 25.6040654], [85.14169, 25.6042171], [85.1416906, 25.6042172], [85.1417928, 25.6042349], [85.1418158, 25.6042389], [85.1418795, 25.60425], [85.142346, 25.6043074], [85.1425783, 25.604335], [85.1429669, 25.6043813], [85.1441047, 25.6045169], [85.1453369, 25.6045476], [85.1461549, 25.6045679], [85.1473248, 25.6045115], [85.1475771, 25.6044994], [85.1481745, 25.6044599], [85.1483384, 25.6044488], [85.1483563, 25.6044476], [85.1498074, 25.6043495], [85.1509704, 25.6042523], [85.1509717, 25.6042522], [85.1514613, 25.6042113], [85.1520815, 25.6041616], [85.1526707, 25.6041143], [85.1553383, 25.6038484], [85.1555461, 25.6038281], [85.1584745, 25.6034967], [85.1585477, 25.6034884], [85.1585476, 25.6034873], [85.1585327, 25.6033508], [85.1585326, 25.60335]]]}}, {"type": "Feature", "properties": {"ward": "36", "ward_title": "Ward 36", "area": "Lalji Tola / CDA Building / Purvi Lohanipur", "short_area": "Lalji Tola / Purvi Lohanipur", "ac_no": "183", "ac_name": "Kumhrar", "ac_booths": 1, "ac_booth_range": "227-227", "ac_voters": 1022, "total_ward_booths": "33", "total_ward_voters": "34,036", "center_lat": 25.60634125, "center_lon": 85.15020217267967, "label_lat": 25.604802652696527, "label_lon": 85.1495705207903, "has_leader": true, "leader_line": [[25.60634125, 85.15020217267967], [25.604802652696527, 85.1495705207903]], "color": "#f59e0b", "color_dark": "#b45309"}, "geometry": {"type": "Polygon", "coordinates": [[[85.1525605, 25.6069907], [85.1528445, 25.6069625], [85.1531798, 25.6069291], [85.1532588, 25.6069213], [85.1533963, 25.6069076], [85.1535276, 25.6068946], [85.153825, 25.606865], [85.1539261, 25.606855], [85.1540457, 25.6068275], [85.1543731, 25.606799], [85.1544048, 25.6067963], [85.1544568, 25.6067916], [85.1550385, 25.60674], [85.1550439, 25.6067393], [85.155142, 25.6067278], [85.155209, 25.6067199], [85.1552972, 25.6066914], [85.1553365, 25.6066568], [85.1553374, 25.6066559], [85.1553645, 25.6065953], [85.1553851, 25.6065711], [85.1554116, 25.6065477], [85.1554125, 25.6065469], [85.1554412, 25.6065299], [85.1554465, 25.6065268], [85.1554737, 25.6065107], [85.1555214, 25.6064926], [85.1555836, 25.6064787], [85.1557484, 25.6064672], [85.1558901, 25.6064572], [85.1561083, 25.6064419], [85.1563437, 25.6064254], [85.1564991, 25.6064154], [85.1565161, 25.6064143], [85.1567479, 25.606393], [85.1568462, 25.606381], [85.156904, 25.6063832], [85.1569672, 25.6063856], [85.1569667, 25.6063944], [85.1569671, 25.6064032], [85.1569685, 25.6064119], [85.1569709, 25.6064204], [85.1569728, 25.6064283], [85.1569751, 25.6064364], [85.1569779, 25.6064443], [85.1569811, 25.6064522], [85.1569846, 25.6064599], [85.1569886, 25.6064675], [85.1569929, 25.6064748], [85.1569977, 25.606482], [85.1570027, 25.606489], [85.1570082, 25.6064957], [85.157014, 25.6065023], [85.1570194, 25.6065078], [85.1571653, 25.606628], [85.1572539, 25.6066901], [85.1573087, 25.6067255], [85.1573157, 25.6067301], [85.1573754, 25.6067654], [85.1573789, 25.6067674], [85.1574438, 25.6068017], [85.1575106, 25.6068324], [85.1575793, 25.6068589], [85.1576498, 25.6068812], [85.1577218, 25.6068989], [85.1577951, 25.6069119], [85.1578389, 25.6069173], [85.1578419, 25.6069177], [85.1578697, 25.6069211], [85.1579451, 25.6069273], [85.1580211, 25.6069313], [85.1580977, 25.6069341], [85.1581089, 25.6069344], [85.1581352, 25.6069352], [85.1581554, 25.6069358], [85.1581745, 25.6069364], [85.1582514, 25.6069384], [85.1583283, 25.6069402], [85.1583828, 25.6069413], [85.1583959, 25.6069416], [85.1584053, 25.6069418], [85.1584305, 25.6069423], [85.1584692, 25.606941], [85.1585076, 25.6069336], [85.1585346, 25.6069246], [85.1585347, 25.6069246], [85.1585634, 25.6068974], [85.1585754, 25.6068741], [85.1585769, 25.6068345], [85.158577, 25.6068328], [85.1585726, 25.6067894], [85.1585702, 25.6067648], [85.1585748, 25.6067219], [85.1585894, 25.6066667], [85.1586631, 25.606575], [85.1586634, 25.6065746], [85.1587121, 25.6065409], [85.158759, 25.606518], [85.1588022, 25.6065061], [85.1588265, 25.6065042], [85.1588273, 25.6065041], [85.1588275, 25.6065027], [85.1588336, 25.6064311], [85.1588193, 25.6063859], [85.1587811, 25.6061424], [85.1587808, 25.60614], [85.1587748, 25.6060979], [85.1587703, 25.6060593], [85.1587673, 25.6060206], [85.1587591, 25.6059155], [85.1587441, 25.6057219], [85.1587384, 25.6056485], [85.1587271, 25.6054988], [85.1587231, 25.605449], [85.1587002, 25.605162], [85.1586696, 25.604779], [85.1586579, 25.6046266], [85.1586357, 25.6043375], [85.158629, 25.6042514], [85.1586277, 25.6042334], [85.1586109, 25.6040148], [85.1585786, 25.6037708], [85.1585786, 25.6037705], [85.158548, 25.603491], [85.1585477, 25.6034884], [85.1584745, 25.6034967], [85.1555461, 25.6038281], [85.1553383, 25.6038484], [85.1526707, 25.6041143], [85.1520815, 25.6041616], [85.1514613, 25.6042113], [85.1509717, 25.6042522], [85.1509704, 25.6042523], [85.1498074, 25.6043495], [85.1483563, 25.6044476], [85.1483384, 25.6044488], [85.1481745, 25.6044599], [85.1475771, 25.6044994], [85.1473248, 25.6045115], [85.1461549, 25.6045679], [85.1453369, 25.6045476], [85.1441047, 25.6045169], [85.1429669, 25.6043813], [85.1425783, 25.604335], [85.142346, 25.6043074], [85.1418795, 25.60425], [85.1418158, 25.6042389], [85.1417362, 25.6045166], [85.1417012, 25.6046827], [85.1416662, 25.6048488], [85.1416463, 25.6049726], [85.1416144, 25.6051714], [85.1415712, 25.6054059], [85.1415504, 25.6055853], [85.1415274, 25.6056764], [85.1415114, 25.6057883], [85.141487, 25.6059327], [85.1414575, 25.6060998], [85.1414496, 25.6061634], [85.141462, 25.6061812], [85.1415035, 25.6062359], [85.1415541, 25.6062931], [85.1415687, 25.6063128], [85.141584, 25.6063319], [85.1416001, 25.6063506], [85.1416168, 25.6063688], [85.1416342, 25.6063865], [85.1416522, 25.6064036], [85.1416708, 25.6064202], [85.1416901, 25.6064362], [85.1417065, 25.6064489], [85.1417099, 25.6064516], [85.1417303, 25.6064664], [85.1417512, 25.6064805], [85.1417727, 25.606494], [85.1417946, 25.6065069], [85.141817, 25.606519], [85.1418399, 25.6065305], [85.1418762, 25.606546], [85.141878, 25.6065468], [85.1420744, 25.6066305], [85.1422059, 25.6066905], [85.142579, 25.6068606], [85.1428837, 25.6070492], [85.1429046, 25.6070646], [85.1429383, 25.6070894], [85.1429387, 25.6070897], [85.1429694, 25.6071131], [85.1430701, 25.6071822], [85.1431829, 25.6072735], [85.1431941, 25.6072845], [85.1434427, 25.6075284], [85.1434534, 25.6075387], [85.1437079, 25.6077858], [85.1438076, 25.6078782], [85.1439488, 25.6080092], [85.1443439, 25.6083481], [85.1443878, 25.6083857], [85.1445557, 25.6085109], [85.1446236, 25.6085615], [85.1447293, 25.6086404], [85.1447524, 25.608656], [85.1449811, 25.6088104], [85.1450693, 25.6088579], [85.1450775, 25.6088623], [85.1451763, 25.6089033], [85.1452379, 25.6089248], [85.1452641, 25.6089339], [85.1452755, 25.6089375], [85.1453634, 25.6089579], [85.1454187, 25.6089686], [85.1455486, 25.608987], [85.1456961, 25.609006], [85.145716, 25.6090086], [85.1460437, 25.609051], [85.1460638, 25.6090536], [85.1461898, 25.6090699], [85.1464206, 25.6090975], [85.146891, 25.6091538], [85.146995, 25.6091717], [85.1470007, 25.6091727], [85.1470415, 25.6091796], [85.1471131, 25.6092023], [85.1471156, 25.6092033], [85.147126, 25.6092077], [85.1471455, 25.6091273], [85.1471484, 25.6091007], [85.1471603, 25.6089914], [85.1471619, 25.6089766], [85.1471805, 25.6088056], [85.1471835, 25.6087779], [85.1471866, 25.6087496], [85.1472014, 25.6086135], [85.1472015, 25.6086126], [85.1472133, 25.6085041], [85.147226, 25.6083873], [85.1472318, 25.6083109], [85.147237, 25.6082408], [85.147261, 25.6079216], [85.1472636, 25.607887], [85.1472683, 25.6077293], [85.1472755, 25.6074864], [85.1472766, 25.6074497], [85.1472836, 25.6073252], [85.1472885, 25.6073146], [85.1473013, 25.6073066], [85.1473064, 25.6073049], [85.1473224, 25.6073026], [85.1474856, 25.6073], [85.1476392, 25.6072976], [85.1476528, 25.6072974], [85.1476579, 25.6072973], [85.1476781, 25.607297], [85.1478043, 25.6072923], [85.1479537, 25.6072866], [85.1479995, 25.6072849], [85.1480195, 25.6072842], [85.1480207, 25.6072968], [85.1480227, 25.6073148], [85.1480256, 25.6073414], [85.1480259, 25.6073432], [85.1480265, 25.6073449], [85.1480273, 25.6073465], [85.1480284, 25.607348], [85.1480296, 25.6073494], [85.1480311, 25.6073506], [85.1480327, 25.6073517], [85.1480345, 25.6073525], [85.1480363, 25.6073531], [85.1480383, 25.6073535], [85.1480402, 25.6073536], [85.1480422, 25.6073535], [85.1480738, 25.6073501], [85.148224, 25.6073337], [85.1486932, 25.6072826], [85.1487876, 25.6072723], [85.1488338, 25.6072673], [85.1491065, 25.6072379], [85.1491462, 25.6072336], [85.1491545, 25.6072327], [85.1492883, 25.6072183], [85.1495193, 25.6071933], [85.1495206, 25.6071933], [85.1495212, 25.6071932], [85.1495231, 25.6071934], [85.149525, 25.6071937], [85.1495262, 25.6071935], [85.1495298, 25.6071935], [85.149534, 25.6071931], [85.1495344, 25.6071931], [85.149543, 25.6071915], [85.1495696, 25.6071781], [85.1495699, 25.6071779], [85.1495704, 25.6071777], [85.1495709, 25.6071775], [85.1495714, 25.6071773], [85.1495718, 25.6071771], [85.1495723, 25.607177], [85.1495728, 25.6071769], [85.1495733, 25.6071767], [85.1495739, 25.6071767], [85.1495744, 25.6071766], [85.1495749, 25.6071765], [85.1495754, 25.6071764], [85.149594, 25.6071749], [85.1496184, 25.6071729], [85.1497798, 25.6071598], [85.1497884, 25.6071591], [85.1500686, 25.6071363], [85.1501586, 25.6071289], [85.1501842, 25.6071269], [85.150268, 25.6071197], [85.1503535, 25.6071125], [85.1503668, 25.6071114], [85.1504868, 25.6071012], [85.1507086, 25.6070823], [85.1507772, 25.6070765], [85.1508589, 25.6070716], [85.1509892, 25.6070637], [85.1510745, 25.6070585], [85.1513186, 25.6070437], [85.1513316, 25.6070481], [85.1513435, 25.6070546], [85.151354, 25.6070628], [85.1513627, 25.6070726], [85.1513694, 25.6070836], [85.1513739, 25.6070955], [85.1513754, 25.6071048], [85.1513759, 25.6071047], [85.1514044, 25.6071019], [85.1518158, 25.6070608], [85.1520344, 25.6070401], [85.152074, 25.6070369], [85.152079, 25.6070365], [85.1522031, 25.6070267], [85.1524541, 25.6070025], [85.1524695, 25.6070008], [85.1524751, 25.6070002], [85.1525605, 25.6069907]]]}}, {"type": "Feature", "properties": {"ward": "41", "ward_title": "Ward 41", "area": "PMCH / Science College / Afzal Pur / Ramna Road / Laal Bagh", "short_area": "PMCH / Science College", "ac_no": "183", "ac_name": "Kumhrar", "ac_booths": 21, "ac_booth_range": "1-261", "ac_voters": 19886, "total_ward_booths": "28", "total_ward_voters": "23,804", "center_lat": 25.61725285, "center_lon": 85.16501874312934, "label_lat": 25.61747810102071, "label_lon": 85.16501874312934, "has_leader": false, "leader_line": null, "color": "#f59e0b", "color_dark": "#b45309"}, "geometry": {"type": "Polygon", "coordinates": [[[85.1715326, 25.6173811], [85.1714892, 25.617078], [85.1714788, 25.6170058], [85.1714774, 25.6169956], [85.1714772, 25.6169943], [85.1714763, 25.6169879], [85.1714713, 25.6169534], [85.1714674, 25.6169264], [85.1714671, 25.616924], [85.1714674, 25.6169237], [85.17148, 25.6169109], [85.1715007, 25.6169035], [85.171522, 25.6168958], [85.1717408, 25.6168576], [85.1722336, 25.6167716], [85.1728213, 25.6166965], [85.1728445, 25.6166829], [85.1728135, 25.6166615], [85.1727355, 25.6166073], [85.1726412, 25.6165652], [85.1726112, 25.6165518], [85.1722809, 25.6164275], [85.1722807, 25.6164274], [85.1722806, 25.6164274], [85.1722804, 25.6164273], [85.1722803, 25.6164272], [85.17228, 25.6164271], [85.172027, 25.6163124], [85.1718646, 25.6162323], [85.1718535, 25.6162269], [85.1718523, 25.6162263], [85.1718501, 25.6162252], [85.1716555, 25.616142], [85.171539, 25.6161076], [85.1713055, 25.6160386], [85.171266, 25.6160274], [85.171229, 25.6160168], [85.1711618, 25.6159978], [85.1710037, 25.6159811], [85.1709443, 25.6159793], [85.1709078, 25.6159782], [85.1708905, 25.6159776], [85.1707785, 25.6159929], [85.1706903, 25.6160049], [85.1706853, 25.6160055], [85.1705721, 25.6160176], [85.1703102, 25.6160457], [85.1700986, 25.6160571], [85.1700326, 25.6160606], [85.1698525, 25.6160691], [85.1697592, 25.6160723], [85.1694072, 25.6160801], [85.1693537, 25.6160813], [85.1690815, 25.6160929], [85.1689066, 25.6161027], [85.1688672, 25.6161048], [85.1687636, 25.6161106], [85.1687589, 25.6161103], [85.1686645, 25.6161048], [85.1686201, 25.6160951], [85.1685397, 25.6160539], [85.1682233, 25.6158113], [85.1682041, 25.6157951], [85.1681048, 25.6157113], [85.1681038, 25.6157105], [85.168094, 25.6156998], [85.1680844, 25.615689], [85.1680749, 25.6156781], [85.1680655, 25.6156671], [85.1680562, 25.6156561], [85.168047, 25.6156449], [85.168038, 25.6156337], [85.1680366, 25.6156319], [85.1680291, 25.6156224], [85.1680204, 25.615611], [85.1680117, 25.6155995], [85.1680091, 25.6155959], [85.1680032, 25.6155879], [85.1679948, 25.6155763], [85.1678857, 25.6153587], [85.1678478, 25.615239], [85.1678253, 25.6151356], [85.1677973, 25.6150068], [85.1677829, 25.6149408], [85.1677752, 25.6149053], [85.1676963, 25.6149189], [85.1676537, 25.6149262], [85.1675492, 25.6149181], [85.167535, 25.6149155], [85.1674131, 25.6148925], [85.1673375, 25.6148783], [85.1670961, 25.6148329], [85.1669545, 25.6148062], [85.1669194, 25.6148004], [85.1669041, 25.6147978], [85.1668645, 25.6147997], [85.166823, 25.6148049], [85.1667895, 25.6148125], [85.1667416, 25.6148232], [85.166709, 25.6148306], [85.1665101, 25.6148753], [85.1664824, 25.6148828], [85.1664703, 25.614886], [85.1662754, 25.6149387], [85.1661913, 25.6149614], [85.1660865, 25.6149897], [85.1657458, 25.6150818], [85.1652965, 25.6152031], [85.1651822, 25.615234], [85.1651707, 25.6152371], [85.1649252, 25.6153072], [85.16479, 25.6153459], [85.1645957, 25.6154013], [85.1643415, 25.6154739], [85.1642666, 25.6154953], [85.1640248, 25.6155644], [85.1640036, 25.6155704], [85.1638941, 25.6156017], [85.1638517, 25.6156138], [85.1636163, 25.6156602], [85.1634611, 25.6156908], [85.1633186, 25.6157189], [85.1631773, 25.6157468], [85.1630804, 25.6157659], [85.1629085, 25.6157997], [85.1624161, 25.615895], [85.1622181, 25.6159332], [85.1621816, 25.615938], [85.1619615, 25.6159668], [85.1618451, 25.615982], [85.1616846, 25.6159862], [85.1615295, 25.6159904], [85.1614315, 25.615985], [85.1612064, 25.6159727], [85.1611745, 25.615971], [85.1611383, 25.615969], [85.1608973, 25.6159524], [85.1607768, 25.6159441], [85.1606644, 25.6159363], [85.1604673, 25.6159112], [85.1604353, 25.6159055], [85.1603218, 25.6158851], [85.1603008, 25.6158813], [85.1602998, 25.6158812], [85.1600515, 25.6158654], [85.1598385, 25.6158518], [85.1597722, 25.6158547], [85.1597505, 25.6158557], [85.1596148, 25.6158616], [85.1594322, 25.6158695], [85.1593318, 25.6158739], [85.1593222, 25.6158744], [85.1592042, 25.61588], [85.1590739, 25.6158862], [85.1589766, 25.6158908], [85.1588994, 25.6158953], [85.158338, 25.615928], [85.1583153, 25.615958], [85.1582969, 25.615982], [85.1582736, 25.616006], [85.1582538, 25.6160265], [85.1582598, 25.616054], [85.1583007, 25.6162419], [85.1583717, 25.6165674], [85.1583729, 25.616573], [85.1583832, 25.6166205], [85.1584125, 25.6167401], [85.1584513, 25.6168988], [85.1584828, 25.6170311], [85.1584887, 25.6170559], [85.15849, 25.6170623], [85.1585022, 25.6171214], [85.1585059, 25.6171443], [85.1585406, 25.6173614], [85.1585343, 25.6174762], [85.1585336, 25.6174886], [85.1585312, 25.6175306], [85.158529, 25.6175695], [85.1585411, 25.6177144], [85.1585412, 25.6177157], [85.1585555, 25.6178882], [85.1585558, 25.6178917], [85.1585575, 25.6179116], [85.1585834, 25.6180898], [85.1585913, 25.618109], [85.1586091, 25.6181526], [85.1586531, 25.6182601], [85.1587123, 25.6183994], [85.1587149, 25.6184055], [85.1587183, 25.6184135], [85.158724, 25.6184205], [85.1587366, 25.6184357], [85.1587979, 25.61851], [85.1588141, 25.6185364], [85.1588423, 25.6185823], [85.1588581, 25.618626], [85.1588597, 25.6186302], [85.15886, 25.6186313], [85.1588687, 25.6187291], [85.1588692, 25.6189122], [85.1588693, 25.6189127], [85.1588695, 25.6189143], [85.1588752, 25.618962], [85.158898, 25.6191522], [85.1589141, 25.6192861], [85.1589376, 25.6194216], [85.1589659, 25.6195847], [85.1589736, 25.6196294], [85.1600975, 25.6195502], [85.1607066, 25.6194867], [85.1629706, 25.6192524], [85.1652615, 25.6189802], [85.1659689, 25.6188936], [85.1669997, 25.6190164], [85.168131, 25.6191166], [85.1694262, 25.6191806], [85.1704693, 25.6191936], [85.1718112, 25.6191489], [85.1717985, 25.6189885], [85.1717966, 25.6189637], [85.171796, 25.6189562], [85.1717932, 25.6189206], [85.1717932, 25.6189203], [85.1717931, 25.6189201], [85.1717931, 25.61892], [85.1717931, 25.6189198], [85.1717931, 25.6189196], [85.1717902, 25.6189024], [85.1717882, 25.61889], [85.1717732, 25.6187994], [85.1717699, 25.61878], [85.1717284356652, 25.618529603146587], [85.1717285, 25.6185296], [85.1716309, 25.6179406], [85.1715326, 25.6173811]]]}}, {"type": "Feature", "properties": {"ward": "42", "ward_title": "Ward 42", "area": "Dariyapur / Machhua Toli / Bari Path", "short_area": "Dariyapur", "ac_no": "183", "ac_name": "Kumhrar", "ac_booths": 22, "ac_booth_range": "21-395", "ac_voters": 21690, "total_ward_booths": "28", "total_ward_voters": "38,214", "center_lat": 25.613073749999998, "center_lon": 85.16023291492098, "label_lat": 25.613641359107838, "label_lon": 85.16023291492098, "has_leader": false, "leader_line": null, "color": "#f59e0b", "color_dark": "#b45309"}, "geometry": {"type": "Polygon", "coordinates": [[[85.1589766, 25.6158908], [85.1590739, 25.6158862], [85.1592042, 25.61588], [85.1593222, 25.6158744], [85.1593318, 25.6158739], [85.1594322, 25.6158695], [85.1596148, 25.6158616], [85.1597505, 25.6158557], [85.1597722, 25.6158547], [85.1598385, 25.6158518], [85.1600515, 25.6158654], [85.1602998, 25.6158812], [85.1603008, 25.6158813], [85.1603218, 25.6158851], [85.1604353, 25.6159055], [85.1604673, 25.6159112], [85.1606644, 25.6159363], [85.1607768, 25.6159441], [85.1608973, 25.6159524], [85.1611383, 25.615969], [85.1611745, 25.615971], [85.1612064, 25.6159727], [85.1614315, 25.615985], [85.1615295, 25.6159904], [85.1616846, 25.6159862], [85.1618451, 25.615982], [85.1619615, 25.6159668], [85.1621816, 25.615938], [85.1622181, 25.6159332], [85.1624161, 25.615895], [85.1629085, 25.6157997], [85.1630804, 25.6157659], [85.1631773, 25.6157468], [85.1633186, 25.6157189], [85.1634611, 25.6156908], [85.1636163, 25.6156602], [85.1638517, 25.6156138], [85.1638941, 25.6156017], [85.1640036, 25.6155704], [85.1640248, 25.6155644], [85.1642666, 25.6154953], [85.1643415, 25.6154739], [85.1645957, 25.6154013], [85.16479, 25.6153459], [85.1649252, 25.6153072], [85.1651707, 25.6152371], [85.1651822, 25.615234], [85.1652965, 25.6152031], [85.1657458, 25.6150818], [85.1660865, 25.6149897], [85.1661913, 25.6149614], [85.1662754, 25.6149387], [85.1664703, 25.614886], [85.1664824, 25.6148828], [85.1665101, 25.6148753], [85.166709, 25.6148306], [85.1667416, 25.6148232], [85.1667895, 25.6148125], [85.166823, 25.6148049], [85.1668645, 25.6147997], [85.1669041, 25.6147978], [85.1669194, 25.6148004], [85.1669064, 25.614738], [85.1668961, 25.6146962], [85.1668791, 25.6146279], [85.1668713, 25.6145966], [85.1668258, 25.6144137], [85.1668, 25.6142917], [85.1667917, 25.6142523], [85.1667511, 25.6140593], [85.16671, 25.6138172], [85.1666565, 25.6135645], [85.1666486, 25.6135173], [85.1666117, 25.6132991], [85.1666101, 25.6132892], [85.1666063, 25.613267], [85.1666008, 25.6132346], [85.1665902, 25.6131704], [85.1665536, 25.6129489], [85.1665477, 25.612924], [85.1665404, 25.6128932], [85.166456, 25.6125351], [85.166433, 25.612445], [85.1663442, 25.6120967], [85.1662587, 25.6117353], [85.1662475, 25.6116803], [85.1662177, 25.6115331], [85.1662014, 25.6114521], [85.1661832, 25.6113624], [85.1661651, 25.6112464], [85.1661537, 25.6111735], [85.1660777, 25.6106868], [85.1660231, 25.6103162], [85.1660129, 25.6102465], [85.1660089, 25.6102197], [85.1659901, 25.6101046], [85.1659891, 25.6101048], [85.1658397, 25.6101259], [85.1658103, 25.6101308], [85.1657504, 25.6101407], [85.1657014, 25.6101488], [85.1654865, 25.6101844], [85.1652918, 25.6102171], [85.1652542, 25.610224], [85.1651291, 25.6102471], [85.1649326, 25.6102833], [85.1645429, 25.6103552], [85.164096, 25.6104213], [85.1640438, 25.610429], [85.1639472, 25.6104413], [85.1634556, 25.6105033], [85.1634081, 25.6105088], [85.1624603, 25.6106178], [85.1619055, 25.6106845], [85.16094, 25.6107988], [85.1606667, 25.6108302], [85.1604455, 25.6108556], [85.1603903, 25.6108619], [85.1598663, 25.6109221], [85.15975, 25.6109329], [85.1596952, 25.6109381], [85.1594076, 25.6109649], [85.1593827, 25.6109673], [85.1593526, 25.6109701], [85.1592086, 25.6109835], [85.1589892, 25.6110333], [85.1587493, 25.6110876], [85.1587279, 25.6110925], [85.1584404, 25.6111576], [85.1582682, 25.6111967], [85.1582259, 25.6112062], [85.1581306, 25.6112229], [85.1577979, 25.611281], [85.157777, 25.6112847], [85.1577444, 25.6112904], [85.1577013, 25.6112943], [85.1573993, 25.6113216], [85.1572743, 25.611333], [85.1570946, 25.6113619], [85.1570803, 25.6113642], [85.1570026, 25.6113768], [85.1567226, 25.6114113], [85.1564947, 25.6114395], [85.1563708, 25.6114548], [85.1562366, 25.6114697], [85.1561491, 25.6114794], [85.1560278, 25.6114929], [85.1557588, 25.6115227], [85.1556661, 25.611533], [85.1554699, 25.6115501], [85.1554688, 25.6115502], [85.1552184, 25.611572], [85.1549601, 25.6116052], [85.1547802, 25.6116282], [85.1547479, 25.6116324], [85.1543846, 25.611679], [85.1541098, 25.6117092], [85.1535799, 25.6117673], [85.1535157, 25.6117744], [85.1535191, 25.61179], [85.1535472, 25.6119216], [85.1535581, 25.6119726], [85.1536003, 25.6121502], [85.1536103, 25.6122048], [85.1536226, 25.6122728], [85.1536247, 25.6122881], [85.1536272, 25.6123062], [85.1536328, 25.6123473], [85.1536366, 25.6123748], [85.1536476, 25.6124539], [85.1536735, 25.6125106], [85.1536757, 25.6125154], [85.1537045, 25.6125784], [85.1537776, 25.6127632], [85.1537955, 25.6128084], [85.1538363, 25.612921], [85.1538369, 25.6129227], [85.1538779, 25.6130359], [85.1539053, 25.6131116], [85.1539383, 25.6132029], [85.1539396, 25.6132065], [85.1539698, 25.6132899], [85.1540444, 25.6134959], [85.1540993, 25.6136474], [85.154104, 25.6136601], [85.1541076, 25.6136703], [85.1541083, 25.6136724], [85.1541088, 25.6136737], [85.1541109, 25.61368], [85.1542262, 25.6140128], [85.1542759, 25.61414], [85.1542854, 25.6141863], [85.1542915, 25.6142161], [85.1543082, 25.6142659], [85.1543331, 25.6143239], [85.1543523, 25.6143572], [85.1543549, 25.6143603], [85.1543837, 25.6143939], [85.154432, 25.614512], [85.1544325, 25.6145133], [85.1544673, 25.6145987], [85.1544899, 25.6146538], [85.1545108, 25.6146726], [85.1545232, 25.6147016], [85.1545278, 25.6147269], [85.1545234, 25.6147529], [85.1545164, 25.6147625], [85.1545082, 25.6147735], [85.1544851, 25.6147894], [85.1544628, 25.6147984], [85.1546083, 25.6147873], [85.1546806, 25.6147825], [85.1547678, 25.6147766], [85.1547923, 25.6147749], [85.1549781, 25.6147719], [85.1549835, 25.6147719], [85.154989, 25.614772], [85.1552033, 25.6147727], [85.1552935, 25.6147823], [85.155393, 25.6147982], [85.1555602, 25.6148248], [85.1556746, 25.6148605], [85.1558304, 25.614909], [85.1560851, 25.6149955], [85.1561017, 25.6150012], [85.1562336, 25.615046], [85.1564558, 25.6151445], [85.15648, 25.6151553], [85.1565783, 25.6151988], [85.1566378, 25.6152252], [85.1566638, 25.6152367], [85.156858, 25.6153228], [85.1568592, 25.6153233], [85.1569804, 25.6153758], [85.1573605, 25.6155403], [85.1574843, 25.6155939], [85.1577102, 25.6156976], [85.1580175, 25.6158106], [85.1580311, 25.6158152], [85.1582028, 25.6158768], [85.158327, 25.6159238], [85.158338, 25.615928], [85.1588994, 25.6158953], [85.1589766, 25.6158908]]]}}, {"type": "Feature", "properties": {"ward": "43", "ward_title": "Ward 43", "area": "Kadamkua / Rajendra Nagar", "short_area": "Kadamkua / Rajendra Nagar", "ac_no": "183", "ac_name": "Kumhrar", "ac_booths": 32, "ac_booth_range": "42-73", "ac_voters": 31273, "total_ward_booths": "32", "total_ward_voters": "22,124", "center_lat": 25.6073502, "center_lon": 85.15893886890089, "label_lat": 25.60850265269653, "label_lon": 85.15957052079025, "has_leader": true, "leader_line": [[25.6073502, 85.15893886890089], [25.60850265269653, 85.15957052079025]], "color": "#f59e0b", "color_dark": "#b45309"}, "geometry": {"type": "Polygon", "coordinates": [[[85.1669137, 25.6029254], [85.1668901, 25.6029276], [85.1668826, 25.6029283], [85.1668496, 25.6029314], [85.1668479, 25.6029316], [85.1668105, 25.6029351], [85.1661667, 25.6029956], [85.164228, 25.6031765], [85.1640399, 25.6031941], [85.1640251, 25.6031955], [85.164025, 25.6031955], [85.1640102, 25.6031969], [85.1638041, 25.6032161], [85.1635748, 25.6032375], [85.16356, 25.6032389], [85.1635599, 25.6032389], [85.1635451, 25.6032403], [85.1633114, 25.6032621], [85.1631734, 25.603275], [85.1631137, 25.6032818], [85.163089, 25.6032847], [85.1630889, 25.6032847], [85.1630643, 25.6032875], [85.1630071, 25.6032941], [85.1629167, 25.6033045], [85.162771, 25.6033213], [85.1627463, 25.6033241], [85.1627462, 25.6033241], [85.1627216, 25.603327], [85.1623648, 25.603368], [85.1623646, 25.6033688], [85.1623602, 25.6033912], [85.1623594, 25.6033913], [85.1618713, 25.603442], [85.1618712, 25.6034421], [85.1616773, 25.6034622], [85.1616772, 25.6034622], [85.1610604, 25.6035237], [85.1610603, 25.6035237], [85.1599013, 25.6036391], [85.1599012, 25.6036391], [85.1596672, 25.6036624], [85.1596671, 25.6036624], [85.1588717, 25.6037417], [85.1588716, 25.6037417], [85.1588567, 25.6037432], [85.1588566, 25.6037432], [85.1586462, 25.6037641], [85.1586284, 25.6037659], [85.1586274, 25.603766], [85.1586273, 25.603766], [85.1585868, 25.60377], [85.1585786, 25.6037708], [85.1586109, 25.6040148], [85.1586277, 25.6042334], [85.158629, 25.6042514], [85.1586357, 25.6043375], [85.1586579, 25.6046266], [85.1586696, 25.604779], [85.1587002, 25.605162], [85.1587231, 25.605449], [85.1587271, 25.6054988], [85.1587384, 25.6056485], [85.1587441, 25.6057219], [85.1587591, 25.6059155], [85.1587673, 25.6060206], [85.1587703, 25.6060593], [85.1587748, 25.6060979], [85.1587808, 25.60614], [85.1587811, 25.6061424], [85.1588193, 25.6063859], [85.1588336, 25.6064311], [85.1588275, 25.6065027], [85.1588273, 25.6065041], [85.1588265, 25.6065042], [85.1588022, 25.6065061], [85.158759, 25.606518], [85.1587121, 25.6065409], [85.1586634, 25.6065746], [85.1586631, 25.606575], [85.1585894, 25.6066667], [85.1585748, 25.6067219], [85.1585702, 25.6067648], [85.1585726, 25.6067894], [85.158577, 25.6068328], [85.1585769, 25.6068345], [85.1585754, 25.6068741], [85.1585634, 25.6068974], [85.1585347, 25.6069246], [85.1585346, 25.6069246], [85.1585076, 25.6069336], [85.1584692, 25.606941], [85.1584305, 25.6069423], [85.1584053, 25.6069418], [85.1583959, 25.6069416], [85.1583828, 25.6069413], [85.1583283, 25.6069402], [85.1582514, 25.6069384], [85.1581745, 25.6069364], [85.1581554, 25.6069358], [85.1581352, 25.6069352], [85.1581089, 25.6069344], [85.1580977, 25.6069341], [85.1580211, 25.6069313], [85.1579451, 25.6069273], [85.1578697, 25.6069211], [85.1578419, 25.6069177], [85.1578389, 25.6069173], [85.1577951, 25.6069119], [85.1577218, 25.6068989], [85.1576498, 25.6068812], [85.1575793, 25.6068589], [85.1575106, 25.6068324], [85.1574438, 25.6068017], [85.1573789, 25.6067674], [85.1573754, 25.6067654], [85.1573157, 25.6067301], [85.1573087, 25.6067255], [85.1572539, 25.6066901], [85.1571653, 25.606628], [85.1570194, 25.6065078], [85.157014, 25.6065023], [85.1570082, 25.6064957], [85.1570027, 25.606489], [85.1569977, 25.606482], [85.1569929, 25.6064748], [85.1569886, 25.6064675], [85.1569846, 25.6064599], [85.1569811, 25.6064522], [85.1569779, 25.6064443], [85.1569751, 25.6064364], [85.1569728, 25.6064283], [85.1569709, 25.6064204], [85.1569685, 25.6064119], [85.1569671, 25.6064032], [85.1569667, 25.6063944], [85.1569672, 25.6063856], [85.156904, 25.6063832], [85.1568462, 25.606381], [85.1567479, 25.606393], [85.1565161, 25.6064143], [85.1564991, 25.6064154], [85.1563437, 25.6064254], [85.1561083, 25.6064419], [85.1558901, 25.6064572], [85.1557484, 25.6064672], [85.1555836, 25.6064787], [85.1555214, 25.6064926], [85.1554737, 25.6065107], [85.1554465, 25.6065268], [85.1554412, 25.6065299], [85.1554125, 25.6065469], [85.1554116, 25.6065477], [85.1553851, 25.6065711], [85.1553645, 25.6065953], [85.1553374, 25.6066559], [85.1553365, 25.6066568], [85.1552972, 25.6066914], [85.155209, 25.6067199], [85.155142, 25.6067278], [85.1550439, 25.6067393], [85.1550385, 25.60674], [85.1544568, 25.6067916], [85.1544048, 25.6067963], [85.1543731, 25.606799], [85.1540457, 25.6068275], [85.1539261, 25.606855], [85.153825, 25.606865], [85.1535276, 25.6068946], [85.1533963, 25.6069076], [85.1532588, 25.6069213], [85.1531798, 25.6069291], [85.1528445, 25.6069625], [85.1525605, 25.6069907], [85.1524751, 25.6070002], [85.1524695, 25.6070008], [85.1524731, 25.6070228], [85.1524757, 25.6070391], [85.1525232, 25.6073309], [85.1525295, 25.6073695], [85.1525353, 25.6074046], [85.1525453, 25.6074666], [85.1526026, 25.6078182], [85.1526027, 25.607819], [85.1526154, 25.6078908], [85.1526456, 25.6080623], [85.1526597, 25.6081423], [85.1527418, 25.6086087], [85.1528087, 25.6089881], [85.1528104, 25.6089976], [85.1528351, 25.6091312], [85.1528996, 25.6094811], [85.1529127, 25.6095521], [85.1529446, 25.609724], [85.1529862, 25.609948], [85.1530094, 25.6100733], [85.1530556, 25.6103872], [85.1530678, 25.6104699], [85.1531068, 25.6107349], [85.1531373, 25.610942], [85.1531383, 25.6109493], [85.1531659, 25.6111368], [85.1531764, 25.6112076], [85.1532388, 25.6114943], [85.1532581, 25.6115832], [85.1532665, 25.6116227], [85.1532969, 25.6117666], [85.1533035, 25.6117977], [85.1535157, 25.6117744], [85.1535799, 25.6117673], [85.1541098, 25.6117092], [85.1543846, 25.611679], [85.1547479, 25.6116324], [85.1547802, 25.6116282], [85.1549601, 25.6116052], [85.1552184, 25.611572], [85.1554688, 25.6115502], [85.1554699, 25.6115501], [85.1556661, 25.611533], [85.1557588, 25.6115227], [85.1560278, 25.6114929], [85.1561491, 25.6114794], [85.1562366, 25.6114697], [85.1563708, 25.6114548], [85.1564947, 25.6114395], [85.1567226, 25.6114113], [85.1570026, 25.6113768], [85.1570803, 25.6113642], [85.1570946, 25.6113619], [85.1572743, 25.611333], [85.1573993, 25.6113216], [85.1577013, 25.6112943], [85.1577444, 25.6112904], [85.157777, 25.6112847], [85.1577979, 25.611281], [85.1581306, 25.6112229], [85.1582259, 25.6112062], [85.1582682, 25.6111967], [85.1584404, 25.6111576], [85.1587279, 25.6110925], [85.1587493, 25.6110876], [85.1589892, 25.6110333], [85.1592086, 25.6109835], [85.1593526, 25.6109701], [85.1593827, 25.6109673], [85.1594076, 25.6109649], [85.1596952, 25.6109381], [85.15975, 25.6109329], [85.1598663, 25.6109221], [85.1603903, 25.6108619], [85.1604455, 25.6108556], [85.1606667, 25.6108302], [85.16094, 25.6107988], [85.1619055, 25.6106845], [85.1624603, 25.6106178], [85.1634081, 25.6105088], [85.1634556, 25.6105033], [85.1639472, 25.6104413], [85.1640438, 25.610429], [85.164096, 25.6104213], [85.1645429, 25.6103552], [85.1649326, 25.6102833], [85.1651291, 25.6102471], [85.1652542, 25.610224], [85.1652918, 25.6102171], [85.1654865, 25.6101844], [85.1657014, 25.6101488], [85.1657504, 25.6101407], [85.1658103, 25.6101308], [85.1658397, 25.6101259], [85.1659891, 25.6101048], [85.1659901, 25.6101046], [85.1659689, 25.6099743], [85.165967, 25.6099626], [85.1659635, 25.6099475], [85.1659424, 25.6098556], [85.1658701, 25.609541], [85.1657847, 25.6091655], [85.1657075, 25.6088259], [85.1656107, 25.6084249], [85.165534, 25.6081071], [85.1653996, 25.6075499], [85.1653236, 25.6072351], [85.1652857, 25.607078], [85.1652922, 25.6070439], [85.165303, 25.6070175], [85.1653387, 25.6069805], [85.1653392, 25.60698], [85.1653709, 25.6069576], [85.1654437, 25.6069257], [85.1654874, 25.6069139], [85.1655296, 25.6068983], [85.16557, 25.6068791], [85.1656081, 25.6068564], [85.1656437, 25.6068306], [85.1656754, 25.6068026], [85.1656764, 25.6068018], [85.1656893, 25.6067868], [85.165759, 25.6067335], [85.1658347, 25.6066898], [85.1658767, 25.6066758], [85.1659738, 25.6066434], [85.1661757, 25.6065715], [85.1664445, 25.6064758], [85.1668591, 25.6063281], [85.1672248, 25.6061979], [85.1673516, 25.6061528], [85.1676162, 25.6060586], [85.1678232, 25.6059856], [85.1678754, 25.6059671], [85.1681704, 25.6058952], [85.1682558, 25.6058744], [85.1685315, 25.6058212], [85.1687455, 25.605781], [85.1689454, 25.6057627], [85.1689563, 25.6057624], [85.169167, 25.6057569], [85.1691671, 25.6057569], [85.1691673, 25.6057569], [85.1691675, 25.6057569], [85.1691676, 25.6057569], [85.1691678, 25.6057569], [85.169168, 25.6057569], [85.1691682, 25.6057569], [85.1691683, 25.6057569], [85.1691685, 25.6057569], [85.1691687, 25.605757], [85.1691688, 25.605757], [85.169169, 25.605757], [85.1692352, 25.6057635], [85.1692355, 25.6057636], [85.1692161, 25.6057281], [85.1689884, 25.6053567], [85.1688657, 25.6052174], [85.1688481, 25.6051973], [85.1686519, 25.6049728], [85.1686309, 25.6049488], [85.168591, 25.6048788], [85.1685055, 25.6046169], [85.1684946, 25.6045836], [85.1684308, 25.6043462], [85.1684012, 25.6042175], [85.1683474, 25.6040523], [85.1683007, 25.6039449], [85.1682865, 25.6039234], [85.1682779, 25.6039105], [85.1682227, 25.6038272], [85.168132, 25.6037414], [85.1679952, 25.6036397], [85.1679916, 25.603637], [85.1677372, 25.6034928], [85.1677214, 25.6034838], [85.1675674, 25.6033582], [85.1675512, 25.6033463], [85.1675226, 25.6033252], [85.1674312, 25.6032578], [85.1672729, 25.6031412], [85.167271, 25.6031392], [85.1672633, 25.6031319], [85.1671808, 25.6030546], [85.1671787, 25.6030526], [85.1670853, 25.6029649], [85.167068, 25.6029558], [85.1670571, 25.6029528], [85.167057, 25.6029529], [85.1670108, 25.6029751], [85.1670071, 25.6029769], [85.1670049, 25.6029714], [85.1669788, 25.6029193], [85.1669138, 25.6029254], [85.1669137, 25.6029254]]]}}, {"type": "Feature", "properties": {"ward": "44", "ward_title": "Ward 44", "area": "Kankadbag / Hanuman Nagar / Lohiya Nagar / Bahadurpur", "short_area": "Kankadbagh / Hanuman Nagar", "ac_no": "183", "ac_name": "Kumhrar", "ac_booths": 33, "ac_booth_range": "74-194", "ac_voters": 34036, "total_ward_booths": "33", "total_ward_voters": "1,178", "center_lat": 25.59018095, "center_lon": 85.158545070006, "label_lat": 25.590670665645945, "label_lon": 85.158545070006, "has_leader": false, "leader_line": null, "color": "#f59e0b", "color_dark": "#b45309"}, "geometry": {"type": "Polygon", "coordinates": [[[85.166583, 25.5773679], [85.1665432, 25.5771796], [85.1665286, 25.577113], [85.1665186, 25.5771148], [85.1664232, 25.5766837], [85.1642149, 25.577071], [85.1642669, 25.5773344], [85.1642849, 25.577666], [85.1642834, 25.5777615], [85.1642699, 25.5777853], [85.1642402, 25.5777879], [85.1642073, 25.5777845], [85.1641348, 25.5777895], [85.1640818, 25.5778157], [85.1640654, 25.5778096], [85.1638639, 25.5778548], [85.1638242, 25.5778692], [85.163821, 25.5778632], [85.1635967, 25.5778932], [85.1635635, 25.5779078], [85.1635472, 25.5779016], [85.1626104, 25.5780212], [85.1623664, 25.578045], [85.1615911, 25.5781606], [85.1615514, 25.5781721], [85.1612513, 25.5782071], [85.1603333, 25.5783897], [85.1603235, 25.5783865], [85.1600365, 25.5784247], [85.1596006, 25.5785118], [85.1595681, 25.5782725], [85.1594962, 25.5778089], [85.1592193, 25.5778293], [85.1591763, 25.5778436], [85.1591533, 25.5778374], [85.1589129, 25.5778433], [85.158788, 25.5778358], [85.158103, 25.5778481], [85.1580843, 25.5779941], [85.1581337, 25.5779947], [85.1582159, 25.5780017], [85.1582587, 25.5780023], [85.1582981, 25.5780117], [85.1583239, 25.5780419], [85.1583333, 25.5780749], [85.1583514, 25.5781856], [85.1584123, 25.5785058], [85.1583397, 25.5785198], [85.1583299, 25.5785137], [85.1580299, 25.5785398], [85.1579144, 25.5785592], [85.1578947, 25.578553], [85.1575324, 25.5785664], [85.15747, 25.5785596], [85.1574241, 25.5785441], [85.1573948, 25.5785258], [85.1573526, 25.5784865], [85.1573108, 25.5784203], [85.1573044, 25.5784053], [85.1572847, 25.578402], [85.1572421, 25.5783925], [85.15716, 25.5783796], [85.1570676, 25.5783963], [85.1569161, 25.5783974], [85.1567386, 25.5783772], [85.1566926, 25.5783767], [85.1566367, 25.578367], [85.1565514, 25.578351], [85.156118, 25.5782798], [85.1558555, 25.5782198], [85.1558164, 25.5781954], [85.1557904, 25.5781712], [85.1557815, 25.5781114], [85.1557793, 25.5778247], [85.1557532, 25.5778065], [85.1557073, 25.577797], [85.1555888, 25.5777955], [85.1549305, 25.5777872], [85.1549071, 25.5778137], [85.1548184, 25.5780127], [85.154818, 25.5780425], [85.1548432, 25.5781115], [85.1549234, 25.5782499], [85.1550043, 25.5783434], [85.1551225, 25.5785748], [85.1551738, 25.578665], [85.1551531, 25.5786751], [85.1551561, 25.5786798], [85.1552103, 25.5787383], [85.1552473, 25.5787831], [85.1552829, 25.5788476], [85.1553033, 25.5788971], [85.1553154, 25.5789337], [85.1553171, 25.5789408], [85.1553234, 25.5789665], [85.1553261, 25.578981], [85.1553344, 25.5790254], [85.1553457, 25.5790625], [85.1553556, 25.5790877], [85.155372, 25.5791076], [85.1553965, 25.5791278], [85.1554254, 25.579144], [85.1555107, 25.5791852], [85.1555838, 25.5792375], [85.1556045, 25.5792589], [85.1556166, 25.5792715], [85.1556671, 25.5793242], [85.1557516, 25.5794047], [85.1557673, 25.5794343], [85.1557711, 25.5794555], [85.1557715, 25.5794576], [85.1557721, 25.5794627], [85.1557755, 25.5794894], [85.1557798, 25.5795162], [85.1558062, 25.5796825], [85.1558103, 25.5797318], [85.1558115, 25.5798165], [85.1558122, 25.5799223], [85.155806, 25.5800811], [85.1557945, 25.5801866], [85.1557751, 25.5803169], [85.1557742, 25.5803229], [85.1557737, 25.5803264], [85.1557402, 25.5804891], [85.1557053, 25.5806005], [85.1556802, 25.580647], [85.1556584, 25.5806724], [85.1556228, 25.5807112], [85.1556024, 25.5807417], [85.1555785, 25.5808115], [85.1555485, 25.5809116], [85.1555379, 25.5809303], [85.1555272, 25.5809491], [85.1555064, 25.5809735], [85.1554479, 25.5810273], [85.1554207, 25.5810441], [85.1554011, 25.5810502], [85.1554035, 25.5810577], [85.1554952, 25.5813485], [85.155498, 25.5813573], [85.1555214, 25.5813482], [85.1555247, 25.5813569], [85.1555581, 25.5814456], [85.1555804, 25.5815772], [85.1555816, 25.5816383], [85.1555835, 25.581703], [85.1555847, 25.5817458], [85.1556014, 25.5819824], [85.1556266, 25.5821393], [85.1556429, 25.5822491], [85.1556435, 25.5823163], [85.1556449, 25.5824572], [85.1556688, 25.5826053], [85.15567, 25.582613], [85.1556726, 25.5826294], [85.1557073, 25.5828024], [85.1557557, 25.5830067], [85.1557891, 25.5831403], [85.1558204, 25.5832628], [85.1558737, 25.5833683], [85.1559237, 25.5834457], [85.1559392, 25.5834777], [85.1559503, 25.5835614], [85.1560085, 25.5839145], [85.1560391, 25.5842014], [85.1560544, 25.5843455], [85.1561175, 25.5843512], [85.1561475, 25.5843534], [85.1568007, 25.5844028], [85.1570949, 25.5844251], [85.1572906, 25.5844399], [85.1575035, 25.584456], [85.1576149, 25.584465], [85.1576463, 25.5844676], [85.1580473, 25.5845], [85.1580679, 25.5845017], [85.1584603, 25.5845325], [85.1584994, 25.5845356], [85.1584932, 25.5845611], [85.1584762, 25.5846313], [85.1584557, 25.5847162], [85.158366, 25.5850872], [85.158316, 25.5852613], [85.1582676, 25.5854612], [85.1582403, 25.5855663], [85.1582403, 25.5855667], [85.1582234, 25.5856315], [85.1581685, 25.5858039], [85.1580988, 25.5859947], [85.1580847, 25.5860286], [85.1580822, 25.5860396], [85.1580657, 25.5861108], [85.1580575, 25.5861409], [85.158087, 25.5862774], [85.1581233, 25.5863897], [85.1581299, 25.5864101], [85.1581693, 25.5865316], [85.1581716, 25.5865388], [85.1582203, 25.5866813], [85.1582394, 25.5867434], [85.1582582, 25.5868213], [85.1582692, 25.5868987], [85.158271, 25.5869119], [85.1582711, 25.5869125], [85.1582737, 25.5869307], [85.1582784, 25.5869637], [85.1583036, 25.5871735], [85.1583145, 25.5872643], [85.158327, 25.5874033], [85.1583337, 25.5874778], [85.1583577, 25.5876755], [85.1583753, 25.5878198], [85.158402, 25.5880717], [85.1584026, 25.5880794], [85.1584238, 25.5883385], [85.158426, 25.5883653], [85.1584497, 25.5885911], [85.1584889, 25.5889394], [85.158503, 25.5890643], [85.1585075, 25.5891045], [85.1584929, 25.589107], [85.1584683, 25.5891112], [85.1583633, 25.5891291], [85.1579817, 25.5891944], [85.1576776, 25.5892291], [85.1574019, 25.5892606], [85.1573966, 25.5892612], [85.1573595, 25.5892651], [85.1572259, 25.5892793], [85.1571505, 25.5892873], [85.1571138, 25.5892911], [85.1571116, 25.5893144], [85.1570981, 25.5894547], [85.157098, 25.5894555], [85.1570591, 25.5898207], [85.1570668, 25.5898558], [85.1570828, 25.5899287], [85.1570832, 25.5900032], [85.1570838, 25.5901099], [85.1570941, 25.5902766], [85.157098, 25.5903395], [85.1571158, 25.5905485], [85.157116, 25.5905511], [85.1571364, 25.5907861], [85.1571561, 25.5910715], [85.1571628, 25.591411], [85.1571629, 25.5914141], [85.1571631, 25.5914748], [85.1571579, 25.5915543], [85.1571565, 25.5915763], [85.1571531, 25.5917567], [85.1571518, 25.5918229], [85.157151, 25.5918677], [85.1571471, 25.5920411], [85.157146, 25.5920866], [85.1571462, 25.5921292], [85.1571464, 25.5921682], [85.1571464, 25.5921752], [85.1571445, 25.5922806], [85.1571443, 25.5922902], [85.1571429, 25.5923687], [85.1571419, 25.5924437], [85.1571457, 25.592601], [85.1571515, 25.5929184], [85.1571569, 25.5932304], [85.1571614, 25.5934919], [85.1571695, 25.5935759], [85.1572045, 25.5939418], [85.1572686, 25.594443], [85.157311, 25.59472], [85.1573171, 25.5947594], [85.1573688, 25.5951064], [85.1573781, 25.5951694], [85.1574282, 25.5955105], [85.1574867, 25.5959004], [85.1575314, 25.596179], [85.1575904, 25.5965601], [85.1576039, 25.5966492], [85.1576513, 25.5969619], [85.1577022, 25.5973005], [85.1577029, 25.5973058], [85.1577559, 25.5976583], [85.1577559, 25.5976588], [85.1578159, 25.5980872], [85.1578501, 25.5983084], [85.1578968, 25.5986108], [85.1579407, 25.5989678], [85.1579819, 25.5992845], [85.1579952, 25.5993872], [85.1580403, 25.5997458], [85.1580489, 25.5998651], [85.1580546, 25.5999426], [85.1580576, 25.5999853], [85.1580639, 25.6000716], [85.1581102, 25.6003724], [85.1581648, 25.6007273], [85.1582579, 25.6013288], [85.1582623, 25.6013571], [85.1583934, 25.6022031], [85.1583985, 25.6022358], [85.1583985, 25.6022361], [85.1584332, 25.6025255], [85.1584389, 25.6025693], [85.158439, 25.6025703], [85.1584729, 25.6028314], [85.1584834, 25.6029128], [85.1584916, 25.602976], [85.1585264, 25.6032932], [85.1585297, 25.6033241], [85.1585326, 25.60335], [85.1585327, 25.6033508], [85.1585476, 25.6034873], [85.1585477, 25.6034884], [85.158548, 25.603491], [85.1585786, 25.6037705], [85.1585786, 25.6037708], [85.1585868, 25.60377], [85.1586273, 25.603766], [85.1586274, 25.603766], [85.1586284, 25.6037659], [85.1586462, 25.6037641], [85.1588566, 25.6037432], [85.1588567, 25.6037432], [85.1588716, 25.6037417], [85.1588717, 25.6037417], [85.1596671, 25.6036624], [85.1596672, 25.6036624], [85.1599012, 25.6036391], [85.1599013, 25.6036391], [85.1610603, 25.6035237], [85.1610604, 25.6035237], [85.1616772, 25.6034622], [85.1616773, 25.6034622], [85.1618712, 25.6034421], [85.1618713, 25.603442], [85.1623594, 25.6033913], [85.1623602, 25.6033912], [85.1623646, 25.6033688], [85.1623648, 25.603368], [85.1627216, 25.603327], [85.1627462, 25.6033241], [85.1627463, 25.6033241], [85.162771, 25.6033213], [85.1629167, 25.6033045], [85.1630071, 25.6032941], [85.1630643, 25.6032875], [85.1630889, 25.6032847], [85.163089, 25.6032847], [85.1631137, 25.6032818], [85.1631734, 25.603275], [85.1633114, 25.6032621], [85.1635451, 25.6032403], [85.1635599, 25.6032389], [85.16356, 25.6032389], [85.1635748, 25.6032375], [85.1638041, 25.6032161], [85.1640102, 25.6031969], [85.164025, 25.6031955], [85.1640251, 25.6031955], [85.1640399, 25.6031941], [85.164228, 25.6031765], [85.1661667, 25.6029956], [85.1668105, 25.6029351], [85.1668479, 25.6029316], [85.1668496, 25.6029314], [85.1668826, 25.6029283], [85.1668901, 25.6029276], [85.1669137, 25.6029254], [85.1669138, 25.6029254], [85.1669788, 25.6029193], [85.1669667, 25.6028951], [85.1669316, 25.6028267], [85.1667881, 25.6025478], [85.1667472, 25.6024684], [85.1667364, 25.6024536], [85.1667062, 25.6024197], [85.1666604, 25.6023705], [85.1665785, 25.6022887], [85.166514, 25.6022333], [85.1664449, 25.6021825], [85.1663719, 25.6021367], [85.1662952, 25.602096], [85.1662153, 25.6020607], [85.1661632, 25.602042], [85.1661326, 25.602031], [85.1660981, 25.6020213], [85.1660338, 25.6020031], [85.1659651, 25.6019871], [85.165965, 25.6019871], [85.1658953, 25.6019754], [85.165825, 25.6019682], [85.1657543, 25.6019653], [85.1657162, 25.6019675], [85.1656515, 25.6019748], [85.1656166, 25.6019782], [85.1655544, 25.6019844], [85.1655324, 25.6019866], [85.1654744, 25.6019941], [85.165388, 25.6020053], [85.1651785, 25.6020339], [85.1651684, 25.6019765], [85.1651684, 25.6019763], [85.1651683, 25.6019757], [85.1651681, 25.6019747], [85.1651642, 25.6019527], [85.1651332, 25.6017769], [85.1651232, 25.6017201], [85.1650858, 25.6015083], [85.165067, 25.6014123], [85.1650523, 25.6013368], [85.1650227, 25.6011852], [85.1650188, 25.6011651], [85.1649776, 25.6009095], [85.1649471, 25.600733], [85.164936, 25.6006691], [85.1648979, 25.6004887], [85.1648737, 25.6003829], [85.1648196, 25.6001465], [85.1647658, 25.599889], [85.1647621, 25.5998714], [85.1647314, 25.5997468], [85.1646431, 25.5993889], [85.164643, 25.5993886], [85.1646381, 25.5993742], [85.1646349, 25.5993676], [85.1646306, 25.5993586], [85.164621, 25.5993438], [85.1646096, 25.5993301], [85.1645965, 25.5993178], [85.1645853, 25.5993094], [85.1645691, 25.5992588], [85.1645637, 25.5992419], [85.1645277, 25.5991288], [85.1644487, 25.5988812], [85.1643927, 25.5987059], [85.1643547, 25.5985868], [85.1643235, 25.5984374], [85.164321, 25.5984253], [85.1642767, 25.5982135], [85.1642495, 25.5980513], [85.1642206, 25.5978793], [85.164214, 25.59784], [85.1642135, 25.5978373], [85.1641888, 25.5977083], [85.1641544, 25.597529], [85.1641321, 25.5974065], [85.1641226, 25.5973548], [85.1640742, 25.5970895], [85.1640659, 25.5970537], [85.1640633, 25.5970429], [85.1640318, 25.5969075], [85.1640195, 25.5968548], [85.1640065, 25.5968236], [85.1640036, 25.5968208], [85.1639895, 25.5968071], [85.1639724, 25.5967904], [85.163972, 25.59679], [85.1639717, 25.5967896], [85.1639714, 25.5967893], [85.1639711, 25.5967889], [85.1639708, 25.5967885], [85.1639705, 25.5967881], [85.1639702, 25.5967877], [85.16397, 25.5967873], [85.1639698, 25.5967868], [85.1639696, 25.5967864], [85.1639694, 25.596786], [85.1639692, 25.5967855], [85.163935, 25.596695], [85.1639256, 25.5966698], [85.1638763, 25.5965518], [85.1638638, 25.5965211], [85.1637942, 25.5963508], [85.1637416, 25.5961642], [85.1637045, 25.5960327], [85.1636713, 25.5958619], [85.16367, 25.5958555], [85.1636698, 25.5958547], [85.1636696, 25.5958538], [85.1636692, 25.595853], [85.1636688, 25.5958521], [85.1636684, 25.5958513], [85.1636679, 25.5958506], [85.1636673, 25.5958498], [85.1636667, 25.5958491], [85.163666, 25.5958485], [85.1636653, 25.5958478], [85.1636646, 25.5958473], [85.1636638, 25.5958467], [85.1636605, 25.5958447], [85.1636203, 25.5958192], [85.1636019, 25.5958134], [85.1636014, 25.5958132], [85.163601, 25.595813], [85.1636005, 25.5958128], [85.1636003, 25.5958127], [85.1636, 25.5958126], [85.1635996, 25.5958124], [85.1635991, 25.5958122], [85.1635987, 25.5958119], [85.1635983, 25.5958117], [85.1635979, 25.5958114], [85.1635975, 25.5958111], [85.1635971, 25.5958108], [85.1635967, 25.5958105], [85.1635963, 25.5958102], [85.163596, 25.5958099], [85.1635956, 25.5958095], [85.1635953, 25.5958092], [85.163595, 25.5958088], [85.1635947, 25.5958084], [85.1635944, 25.5958081], [85.1635941, 25.5958077], [85.1635939, 25.5958073], [85.1635936, 25.5958069], [85.1635934, 25.5958065], [85.1635932, 25.595806], [85.163593, 25.5958056], [85.1635169, 25.595633], [85.1634895, 25.5955466], [85.1634787, 25.5954574], [85.1634781, 25.5954485], [85.1634782, 25.5954395], [85.1634792, 25.5954306], [85.1634811, 25.5954218], [85.1634837, 25.5954132], [85.1634872, 25.5954048], [85.1634914, 25.5953967], [85.1634963, 25.5953889], [85.163502, 25.5953816], [85.1635033, 25.5953801], [85.1634814, 25.5953548], [85.1634054, 25.5952669], [85.1633253, 25.5951311], [85.1633252, 25.595131], [85.1632376, 25.5949824], [85.1631716, 25.5948651], [85.1631571, 25.594826], [85.1631058, 25.5946871], [85.1630816, 25.5946214], [85.1629909, 25.5943921], [85.1629694, 25.5943376], [85.1629637, 25.5943183], [85.162914, 25.5941501], [85.1628824, 25.5940429], [85.1628671, 25.5939937], [85.1628468, 25.5939286], [85.1628309, 25.5938775], [85.1628113, 25.5938144], [85.1627919, 25.5937263], [85.1627772, 25.5936591], [85.1627749, 25.5936443], [85.1627662, 25.5935884], [85.1627642, 25.5935755], [85.1627766, 25.5935736], [85.1627932, 25.5935689], [85.1628, 25.593567], [85.1630625, 25.5934931], [85.1631227, 25.5934762], [85.1632392, 25.5934434], [85.163329, 25.593416], [85.1633961, 25.5933956], [85.1634411, 25.5933765], [85.1634454, 25.5933748], [85.1634541, 25.5933626], [85.1634592, 25.5933467], [85.1634667, 25.5933229], [85.163477, 25.5932903], [85.1634904, 25.5931933], [85.1635052, 25.5930121], [85.1635047, 25.5929678], [85.1635045, 25.592954], [85.1635044, 25.5929401], [85.1635042, 25.5929263], [85.1635039, 25.5928933], [85.1635035, 25.592857], [85.1635034, 25.5928501], [85.1635033, 25.5928454], [85.1635032, 25.5928316], [85.1633288, 25.5928686], [85.1630066, 25.5929472], [85.1629255, 25.5929628], [85.1626582, 25.5930217], [85.1624046, 25.5930776], [85.1623197, 25.5930963], [85.1622256, 25.5931156], [85.1621694, 25.5931266], [85.1617344, 25.5932254], [85.1615957, 25.593257], [85.1615873, 25.593259], [85.161553, 25.5932668], [85.1615225, 25.5932737], [85.1613394, 25.5933069], [85.1611583, 25.5933356], [85.1609644, 25.5933665], [85.1609377, 25.5933661], [85.160922, 25.593356], [85.1609182, 25.5933513], [85.1609077, 25.5933382], [85.1608933, 25.5933204], [85.16088, 25.593304], [85.1608733, 25.5932974], [85.160865, 25.5932953], [85.1608594, 25.5932954], [85.1606162, 25.5932999], [85.16039, 25.593304], [85.1603841, 25.5932665], [85.1603552, 25.5930295], [85.1603218, 25.5927461], [85.1603172, 25.5927065], [85.1603148, 25.5926852], [85.1602757, 25.5923467], [85.1602588, 25.5921951], [85.1602445, 25.5920669], [85.1602436, 25.5920586], [85.160239, 25.592018], [85.1602293, 25.5919457], [85.1602077, 25.5917853], [85.1601816, 25.5915257], [85.1601783, 25.5914978], [85.1601417, 25.5911878], [85.1601378, 25.5911511], [85.1601378, 25.591151], [85.1600978, 25.5908822], [85.1600978, 25.5908821], [85.1600875, 25.5907855], [85.1600697, 25.5906591], [85.1600391, 25.5904414], [85.1600358, 25.5904174], [85.1600106, 25.5902433], [85.1599933, 25.5901186], [85.1599762, 25.5899962], [85.1599742, 25.5899783], [85.159923, 25.5895076], [85.159853, 25.5888645], [85.1598498, 25.5888345], [85.1598486, 25.5888233], [85.1598473, 25.5888114], [85.1598492, 25.5888112], [85.1598624, 25.58881], [85.1598629, 25.5888099], [85.1600136, 25.588796], [85.160031, 25.5887944], [85.1605732, 25.5887441], [85.1605957, 25.5887417], [85.1606079, 25.5887404], [85.1606315, 25.5887378], [85.1606652, 25.5887341], [85.1610883, 25.5886923], [85.1612717, 25.5886722], [85.1618078, 25.5886135], [85.1619316, 25.588596], [85.1619366, 25.5885948], [85.1619414, 25.588593], [85.161946, 25.5885908], [85.1619502, 25.5885881], [85.161954, 25.588585], [85.1619574, 25.5885815], [85.1619604, 25.5885776], [85.1619628, 25.5885735], [85.1619647, 25.5885691], [85.161966, 25.5885646], [85.1619667, 25.5885599], [85.1619668, 25.5885553], [85.1619651, 25.5885082], [85.1619637, 25.58847], [85.1619596, 25.5883608], [85.1619386, 25.588187], [85.161919, 25.5880248], [85.1619069, 25.5879042], [85.1618941, 25.5877761], [85.1618794, 25.5876296], [85.1618728, 25.5875739], [85.1618514, 25.5873926], [85.1618494, 25.5873756], [85.1618394, 25.5872492], [85.1618253, 25.587072], [85.1618203, 25.5870225], [85.1618014, 25.5868392], [85.1617984, 25.5868135], [85.161793, 25.5867676], [85.1618006, 25.5867457], [85.161803, 25.5867388], [85.1618265, 25.5867126], [85.1618831, 25.586682], [85.1619219, 25.586665], [85.1619195, 25.586651], [85.1618735, 25.5863814], [85.16184, 25.5861855], [85.1617473, 25.5857396], [85.1617415, 25.5857063], [85.1617171, 25.585567], [85.1617153, 25.5855569], [85.1616349, 25.5850985], [85.1616224, 25.5850195], [85.1616183, 25.5849225], [85.1616141, 25.5848207], [85.1616125, 25.5847844], [85.1616855, 25.58479], [85.1618507, 25.5847989], [85.1619072, 25.5848019], [85.1619344, 25.5848033], [85.161946, 25.5848038], [85.1621305, 25.5848128], [85.162302, 25.5848299], [85.1624222, 25.5848419], [85.162509, 25.5848489], [85.1625725, 25.5848541], [85.1627954, 25.5848763], [85.1628439, 25.5848793], [85.162862, 25.5848803], [85.1630148, 25.5848896], [85.1630243, 25.5848901], [85.163035, 25.5848908], [85.1632309, 25.5849071], [85.1632594, 25.5849096], [85.1633923, 25.5849217], [85.1636136, 25.5849382], [85.1636468, 25.5849418], [85.1637836, 25.5849565], [85.163922, 25.5849725], [85.1639294, 25.5849734], [85.1639436, 25.584975], [85.1639503, 25.5849758], [85.1642151, 25.5849986], [85.1642843, 25.5850058], [85.1643952, 25.5850174], [85.1644267, 25.5850207], [85.1644846, 25.5850243], [85.1645861, 25.5850307], [85.1647268, 25.5850476], [85.1647786, 25.5850539], [85.1649974, 25.585068], [85.165119, 25.5850778], [85.1651725, 25.5850822], [85.165216, 25.5850857], [85.1654445, 25.585111], [85.1656095, 25.5851222], [85.1656654, 25.5851252], [85.1657383, 25.5851291], [85.1658063, 25.5851328], [85.1658845, 25.5851376], [85.1658986, 25.5851384], [85.1660535, 25.585148], [85.1666457, 25.5851939], [85.1668187, 25.5852078], [85.166819, 25.5852079], [85.1668214, 25.5851949], [85.1668421, 25.5850841], [85.1668422, 25.5850835], [85.1668464, 25.5850611], [85.1668635, 25.5849395], [85.1668772, 25.5847283], [85.1668755, 25.5846837], [85.1668697, 25.5845281], [85.1668678, 25.5844156], [85.1668563, 25.5843671], [85.1668521, 25.584349], [85.166837, 25.5843196], [85.1668047, 25.5842449], [85.1667639, 25.5841937], [85.1667515, 25.584184], [85.1667585, 25.5841789], [85.1667601, 25.5841778], [85.1668603, 25.5841054], [85.1669792, 25.5840529], [85.1671065, 25.5840137], [85.1672452, 25.583984], [85.1672965, 25.583976], [85.167297, 25.5839759], [85.1672975, 25.5839758], [85.167298, 25.5839757], [85.1672985, 25.5839755], [85.167299, 25.5839754], [85.1672995, 25.5839752], [85.1672999, 25.583975], [85.1673004, 25.5839748], [85.1673009, 25.5839746], [85.1673013, 25.5839744], [85.1673018, 25.5839742], [85.1673022, 25.5839739], [85.1673026, 25.5839737], [85.167303, 25.5839734], [85.1673035, 25.5839731], [85.1673038, 25.5839728], [85.1673042, 25.5839725], [85.1673046, 25.5839721], [85.1673049, 25.5839718], [85.1673053, 25.5839714], [85.1673056, 25.5839711], [85.1673059, 25.5839707], [85.1673062, 25.5839703], [85.1673065, 25.5839699], [85.1673068, 25.5839695], [85.167307, 25.5839692], [85.1673071, 25.5839691], [85.1673073, 25.5839687], [85.1673075, 25.5839683], [85.1673077, 25.5839679], [85.1673079, 25.5839674], [85.1673081, 25.583967], [85.1673082, 25.5839665], [85.1673084, 25.5839661], [85.1673085, 25.5839656], [85.1673086, 25.5839652], [85.1673087, 25.5839647], [85.1673088, 25.5839643], [85.1673088, 25.5839638], [85.1673089, 25.5839633], [85.1673089, 25.5839629], [85.1673089, 25.5839624], [85.1673089, 25.5839619], [85.1673088, 25.5839614], [85.1673088, 25.583961], [85.1673087, 25.5839605], [85.1673086, 25.5839601], [85.1673085, 25.5839596], [85.1673084, 25.5839591], [85.1673082, 25.5839587], [85.1672637, 25.5838262], [85.1672623, 25.5838218], [85.16715, 25.5834873], [85.1671419, 25.583484], [85.1671338, 25.5834808], [85.1671335, 25.5834808], [85.1670787, 25.58349], [85.1669218, 25.5835287], [85.1668594, 25.5835451], [85.1668589, 25.5835452], [85.1668584, 25.5835453], [85.1668579, 25.5835454], [85.1668574, 25.5835455], [85.1668569, 25.5835455], [85.1668564, 25.5835456], [85.1668559, 25.5835456], [85.1668556, 25.5835456], [85.1668554, 25.5835456], [85.166855, 25.5835456], [85.1668549, 25.5835456], [85.1668545, 25.5835456], [85.1668543, 25.5835456], [85.1668538, 25.5835455], [85.1668533, 25.5835455], [85.1668528, 25.5835454], [85.1668523, 25.5835453], [85.1668518, 25.5835452], [85.1668513, 25.5835451], [85.1668508, 25.583545], [85.1668503, 25.5835448], [85.1668498, 25.5835447], [85.1668493, 25.5835445], [85.1668489, 25.5835443], [85.1668484, 25.5835441], [85.166848, 25.5835439], [85.1668475, 25.5835436], [85.1668471, 25.5835434], [85.1668467, 25.5835431], [85.1668462, 25.5835428], [85.1668458, 25.5835425], [85.1668454, 25.5835422], [85.1668451, 25.5835419], [85.1668447, 25.5835416], [85.1668443, 25.5835413], [85.166844, 25.5835409], [85.1668437, 25.5835406], [85.1668433, 25.5835402], [85.166843, 25.5835398], [85.1668428, 25.5835394], [85.1668425, 25.583539], [85.1668422, 25.5835386], [85.166842, 25.5835382], [85.1668418, 25.5835378], [85.1668415, 25.5835374], [85.1668414, 25.5835369], [85.1668412, 25.5835365], [85.166841, 25.583536], [85.1668409, 25.5835356], [85.1668407, 25.5835351], [85.1667478, 25.5831733], [85.1667391, 25.5831396], [85.1666714, 25.5828709], [85.1666377, 25.5827374], [85.1666355, 25.5827284], [85.1666258, 25.5826898], [85.1666102, 25.5825662], [85.1666008, 25.5824506], [85.1666003, 25.5824452], [85.1666001, 25.5824249], [85.1665999, 25.5824046], [85.166605, 25.5822424], [85.1666056, 25.5822238], [85.1666058, 25.5822158], [85.166604, 25.5822007], [85.1665732, 25.5819431], [85.1665623, 25.5818265], [85.166539, 25.5816983], [85.1665379, 25.5816665], [85.1665361, 25.5816123], [85.1665466, 25.581529], [85.1665497, 25.5815046], [85.166586, 25.58142], [85.1665895, 25.5814124], [85.1665907, 25.5814098], [85.1666021, 25.5813849], [85.166605, 25.5813723], [85.1666059, 25.5813536], [85.1665934, 25.5812889], [85.1665648, 25.5811313], [85.1665481, 25.5810394], [85.1665148, 25.5808267], [85.1665079, 25.5807482], [85.1665218, 25.5806892], [85.1665335, 25.5806361], [85.1665345, 25.5805657], [85.1665075, 25.5804432], [85.1665074, 25.5804428], [85.1665073, 25.5804423], [85.1665073, 25.5804419], [85.1665072, 25.5804414], [85.1665072, 25.5804409], [85.1665072, 25.5804405], [85.1665072, 25.58044], [85.1665072, 25.5804395], [85.1665073, 25.5804391], [85.1665074, 25.5804386], [85.1665074, 25.5804382], [85.1665075, 25.5804377], [85.1665077, 25.5804372], [85.1665078, 25.5804368], [85.1665079, 25.5804364], [85.1665081, 25.5804359], [85.1665083, 25.5804355], [85.1665085, 25.5804351], [85.1665087, 25.5804346], [85.166509, 25.5804342], [85.1665092, 25.5804338], [85.1665095, 25.5804334], [85.1665097, 25.580433], [85.16651, 25.5804326], [85.1665103, 25.5804323], [85.1665107, 25.5804319], [85.166511, 25.5804316], [85.1665114, 25.5804311], [85.166508, 25.5804162], [85.1664532, 25.5801813], [85.1664381, 25.5800294], [85.1664141, 25.5799191], [85.1664087, 25.5799022], [85.1663938, 25.5798553], [85.166368, 25.5796599], [85.1663394, 25.5794882], [85.1663246, 25.5793852], [85.1662953, 25.5791805], [85.1662761, 25.5789914], [85.1662729, 25.5789593], [85.1662728, 25.5789588], [85.1662705, 25.5789357], [85.1662665, 25.5789009], [85.1662653, 25.5788894], [85.1662467, 25.5786971], [85.1662456, 25.5786719], [85.1662477, 25.5786584], [85.1662554, 25.5786499], [85.1662668, 25.5786449], [85.1663048, 25.5786373], [85.1670532, 25.5785079], [85.1670535, 25.5784886], [85.1670445, 25.5784507], [85.166983, 25.5781921], [85.1667933, 25.5782375], [85.166762, 25.5781296], [85.1667201, 25.5779851], [85.1666686, 25.5778073], [85.1666469, 25.5776939], [85.1666011, 25.5774534], [85.1665876, 25.5773898], [85.166583, 25.5773679]]]}}, {"type": "Feature", "properties": {"ward": "45", "ward_title": "Ward 45", "area": "RMS Colony / Malahi Pakdi / Chitragupta nagar", "short_area": "RMS Colony / Malahi Pakdi", "ac_no": "183", "ac_name": "Kumhrar", "ac_booths": 38, "ac_booth_range": "89-190", "ac_voters": 38067, "total_ward_booths": "38", "total_ward_voters": "29,804", "center_lat": 25.5937691, "center_lon": 85.1654162209282, "label_lat": 25.594370665645947, "label_lon": 85.1654162209282, "has_leader": false, "leader_line": null, "color": "#f59e0b", "color_dark": "#b45309"}, "geometry": {"type": "Polygon", "coordinates": [[[85.1759442, 25.6018228], [85.1759343, 25.6016989], [85.1759175, 25.6014887], [85.175917, 25.6014825], [85.175914, 25.6014446], [85.1758985, 25.6012504], [85.1758877, 25.6011149], [85.1758856, 25.6011149], [85.1756531, 25.6011192], [85.1756528, 25.6011192], [85.175593, 25.6011203], [85.1755927, 25.6011203], [85.1751794, 25.6011279], [85.1748179, 25.6011622], [85.1746518, 25.6011816], [85.1743234, 25.6012198], [85.1743166, 25.6012206], [85.1739862, 25.6012591], [85.1729821, 25.6013809], [85.1728053, 25.6013991], [85.1726674, 25.6014156], [85.1724727, 25.6014356], [85.1723242, 25.60145], [85.1721733, 25.6014663], [85.1720441, 25.601482], [85.1719102, 25.6014956], [85.1717792, 25.6015093], [85.1716843, 25.6015174], [85.1715697, 25.6015261], [85.1714408, 25.6015356], [85.1713314, 25.6015445], [85.1712065, 25.6015532], [85.1712062, 25.6015532], [85.1710666, 25.6015556], [85.1710663, 25.6015556], [85.1709749, 25.6015544], [85.1709746, 25.6015545], [85.170883, 25.6015563], [85.1708827, 25.6015563], [85.1708266, 25.6015556], [85.1708263, 25.6015556], [85.1708028, 25.6015553], [85.1708025, 25.6015553], [85.1707237, 25.6015547], [85.1707234, 25.6015547], [85.1707227, 25.6015546], [85.170558, 25.6015497], [85.1705118, 25.6014836], [85.1705052, 25.6014203], [85.1704892, 25.6012661], [85.1704419, 25.6010725], [85.1703903, 25.600883], [85.170381, 25.6008574], [85.1703663, 25.6008169], [85.1703264, 25.6007067], [85.170274, 25.6005591], [85.1702281, 25.6004482], [85.1701765, 25.6003234], [85.1701271, 25.6002015], [85.1701063, 25.600134], [85.1701004, 25.6001148], [85.1700497, 25.5999502], [85.1699855, 25.5997571], [85.169982, 25.5997441], [85.1699568, 25.5996514], [85.1699325, 25.5995617], [85.1699261, 25.5995384], [85.1698737, 25.5993861], [85.169827, 25.5992592], [85.1698073, 25.5992039], [85.169747, 25.5990452], [85.1696807, 25.5988706], [85.1696516, 25.5987939], [85.1694792, 25.59834], [85.1694701, 25.5983161], [85.1694023, 25.5981006], [85.1693985, 25.5980886], [85.1693168, 25.5978291], [85.1692993, 25.5977754], [85.1692732, 25.5976681], [85.169258, 25.5976129], [85.169223, 25.597486], [85.1692129, 25.5974417], [85.1691837, 25.5973146], [85.1691583, 25.5972141], [85.1691556, 25.5972052], [85.1691403, 25.597155], [85.1691344, 25.5971117], [85.1691315, 25.5969688], [85.1691302, 25.5969045], [85.1691302, 25.596904], [85.1691302, 25.5969036], [85.1691301, 25.5969032], [85.1691301, 25.5969027], [85.16913, 25.5969023], [85.1691299, 25.5969019], [85.1691298, 25.5969015], [85.1691297, 25.596901], [85.1691276, 25.5968944], [85.1690838, 25.5967543], [85.1690741, 25.5967275], [85.1690107, 25.5965537], [85.1690071, 25.5965438], [85.1690031, 25.5965329], [85.1688871, 25.5963153], [85.1687348, 25.5960775], [85.1686898, 25.5960125], [85.1686288, 25.5959245], [85.1685774, 25.5958094], [85.1685309, 25.5957051], [85.1685116, 25.5956621], [85.1684541, 25.5955419], [85.1683821, 25.5953913], [85.1683444, 25.5953129], [85.1682928, 25.5952054], [85.1682641, 25.5950846], [85.1682583, 25.5950598], [85.1682567, 25.5950418], [85.1682497, 25.5949604], [85.1682332, 25.5947687], [85.1682003, 25.5945783], [85.1681946, 25.5945456], [85.1681323, 25.594269], [85.1681298, 25.5942579], [85.16812, 25.5942144], [85.1681031, 25.5941395], [85.1680597, 25.5939119], [85.1680544, 25.5938845], [85.1680406, 25.5938119], [85.1679958, 25.5936097], [85.1679817, 25.5935459], [85.1679414, 25.5933857], [85.1679239, 25.5933156], [85.1679088, 25.5932214], [85.1678969, 25.5931608], [85.1678682, 25.5930137], [85.1678528, 25.5929554], [85.1678517, 25.5929511], [85.1678081, 25.5927854], [85.1677936, 25.5927268], [85.16779, 25.592712], [85.1677795, 25.5926696], [85.1677655, 25.5925186], [85.167764, 25.5925023], [85.1677637, 25.5925005], [85.1677487, 25.592408], [85.1677463, 25.5923929], [85.1677204, 25.5922324], [85.1677045, 25.5921289], [85.1676988, 25.5920912], [85.1677095, 25.5920895], [85.1677198, 25.5920883], [85.1677169, 25.5920554], [85.1677111, 25.5919886], [85.1677082, 25.5919561], [85.167707, 25.5919419], [85.1677466, 25.5919351], [85.1678303, 25.5919375], [85.1678306, 25.5919375], [85.1679094, 25.591932], [85.1679675, 25.591928], [85.1681361, 25.5919136], [85.1682244, 25.5919064], [85.1683045, 25.5918977], [85.1684155, 25.5918725], [85.1684802, 25.5918579], [85.1684825, 25.5918574], [85.1684825, 25.5918573], [85.1684757, 25.5917931], [85.1684748, 25.5917849], [85.1684645, 25.5916876], [85.1684391, 25.5914482], [85.168438, 25.5914373], [85.1684307, 25.5913622], [85.1683996, 25.5910433], [85.1683926, 25.5909717], [85.1683513, 25.5907153], [85.1683243, 25.5905477], [85.1683194, 25.5905171], [85.1682743, 25.5902369], [85.1682705, 25.5901987], [85.1682505, 25.5899977], [85.1682335, 25.5898267], [85.168233, 25.5898231], [85.1682094, 25.5896588], [85.1681238, 25.5890973], [85.1680924, 25.5889166], [85.1680487, 25.5886645], [85.1680433, 25.5886336], [85.1680345, 25.5885831], [85.1680148, 25.5884692], [85.1680023, 25.5883821], [85.1679537, 25.5880418], [85.167953, 25.5880373], [85.1679261, 25.5878489], [85.1678516, 25.5873715], [85.1678407, 25.5872877], [85.167832, 25.5872217], [85.1678271, 25.5871837], [85.1677827, 25.5868442], [85.1677747, 25.5867831], [85.1677727, 25.5867655], [85.1677296, 25.5863917], [85.1677234, 25.5863251], [85.1677193, 25.5862118], [85.167703, 25.5860045], [85.1676855, 25.5858321], [85.1676716, 25.5856658], [85.1676686, 25.5855571], [85.1676689, 25.5853824], [85.1676691, 25.5853671], [85.16767, 25.5852758], [85.1676567, 25.5852749], [85.1673723, 25.5852521], [85.166819, 25.5852079], [85.1668187, 25.5852078], [85.1666457, 25.5851939], [85.1660535, 25.585148], [85.1658986, 25.5851384], [85.1658845, 25.5851376], [85.1658063, 25.5851328], [85.1657383, 25.5851291], [85.1656654, 25.5851252], [85.1656095, 25.5851222], [85.1654445, 25.585111], [85.165216, 25.5850857], [85.1651725, 25.5850822], [85.165119, 25.5850778], [85.1649974, 25.585068], [85.1647786, 25.5850539], [85.1647268, 25.5850476], [85.1645861, 25.5850307], [85.1644846, 25.5850243], [85.1644267, 25.5850207], [85.1643952, 25.5850174], [85.1642843, 25.5850058], [85.1642151, 25.5849986], [85.1639503, 25.5849758], [85.1639436, 25.584975], [85.1639294, 25.5849734], [85.163922, 25.5849725], [85.1637836, 25.5849565], [85.1636468, 25.5849418], [85.1636136, 25.5849382], [85.1633923, 25.5849217], [85.1632594, 25.5849096], [85.1632309, 25.5849071], [85.163035, 25.5848908], [85.1630243, 25.5848901], [85.1630148, 25.5848896], [85.162862, 25.5848803], [85.1628439, 25.5848793], [85.1627954, 25.5848763], [85.1625725, 25.5848541], [85.162509, 25.5848489], [85.1624222, 25.5848419], [85.162302, 25.5848299], [85.1621305, 25.5848128], [85.161946, 25.5848038], [85.1619344, 25.5848033], [85.1619072, 25.5848019], [85.1618507, 25.5847989], [85.1616855, 25.58479], [85.1616125, 25.5847844], [85.1616141, 25.5848207], [85.1616183, 25.5849225], [85.1616224, 25.5850195], [85.1616349, 25.5850985], [85.1617153, 25.5855569], [85.1617171, 25.585567], [85.1617415, 25.5857063], [85.1617473, 25.5857396], [85.16184, 25.5861855], [85.1618735, 25.5863814], [85.1619195, 25.586651], [85.1619219, 25.586665], [85.1618831, 25.586682], [85.1618265, 25.5867126], [85.161803, 25.5867388], [85.1618006, 25.5867457], [85.161793, 25.5867676], [85.1617984, 25.5868135], [85.1618014, 25.5868392], [85.1618203, 25.5870225], [85.1618253, 25.587072], [85.1618394, 25.5872492], [85.1618494, 25.5873756], [85.1618514, 25.5873926], [85.1618728, 25.5875739], [85.1618794, 25.5876296], [85.1618941, 25.5877761], [85.1619069, 25.5879042], [85.161919, 25.5880248], [85.1619386, 25.588187], [85.1619596, 25.5883608], [85.1619637, 25.58847], [85.1619651, 25.5885082], [85.1619668, 25.5885553], [85.1619667, 25.5885599], [85.161966, 25.5885646], [85.1619647, 25.5885691], [85.1619628, 25.5885735], [85.1619604, 25.5885776], [85.1619574, 25.5885815], [85.161954, 25.588585], [85.1619502, 25.5885881], [85.161946, 25.5885908], [85.1619414, 25.588593], [85.1619366, 25.5885948], [85.1619316, 25.588596], [85.1618078, 25.5886135], [85.1612717, 25.5886722], [85.1610883, 25.5886923], [85.1606652, 25.5887341], [85.1606315, 25.5887378], [85.1606079, 25.5887404], [85.1605957, 25.5887417], [85.1605732, 25.5887441], [85.160031, 25.5887944], [85.1600136, 25.588796], [85.1598629, 25.5888099], [85.1598624, 25.58881], [85.1598492, 25.5888112], [85.1598473, 25.5888114], [85.1598486, 25.5888233], [85.1598498, 25.5888345], [85.159853, 25.5888645], [85.159923, 25.5895076], [85.1599742, 25.5899783], [85.1599762, 25.5899962], [85.1599933, 25.5901186], [85.1600106, 25.5902433], [85.1600358, 25.5904174], [85.1600391, 25.5904414], [85.1600697, 25.5906591], [85.1600875, 25.5907855], [85.1600978, 25.5908821], [85.1600978, 25.5908822], [85.1601378, 25.591151], [85.1601378, 25.5911511], [85.1601417, 25.5911878], [85.1601783, 25.5914978], [85.1601816, 25.5915257], [85.1602077, 25.5917853], [85.1602293, 25.5919457], [85.160239, 25.592018], [85.1602436, 25.5920586], [85.1602445, 25.5920669], [85.1602588, 25.5921951], [85.1602757, 25.5923467], [85.1603148, 25.5926852], [85.1603172, 25.5927065], [85.1603218, 25.5927461], [85.1603552, 25.5930295], [85.1603841, 25.5932665], [85.16039, 25.593304], [85.1606162, 25.5932999], [85.1608594, 25.5932954], [85.160865, 25.5932953], [85.1608733, 25.5932974], [85.16088, 25.593304], [85.1608933, 25.5933204], [85.1609077, 25.5933382], [85.1609182, 25.5933513], [85.160922, 25.593356], [85.1609377, 25.5933661], [85.1609644, 25.5933665], [85.1611583, 25.5933356], [85.1613394, 25.5933069], [85.1615225, 25.5932737], [85.161553, 25.5932668], [85.1615873, 25.593259], [85.1615957, 25.593257], [85.1617344, 25.5932254], [85.1621694, 25.5931266], [85.1622256, 25.5931156], [85.1623197, 25.5930963], [85.1624046, 25.5930776], [85.1626582, 25.5930217], [85.1629255, 25.5929628], [85.1630066, 25.5929472], [85.1633288, 25.5928686], [85.1635032, 25.5928316], [85.1635033, 25.5928454], [85.1635034, 25.5928501], [85.1635035, 25.592857], [85.1635039, 25.5928933], [85.1635042, 25.5929263], [85.1635044, 25.5929401], [85.1635045, 25.592954], [85.1635047, 25.5929678], [85.1635052, 25.5930121], [85.1634904, 25.5931933], [85.163477, 25.5932903], [85.1634667, 25.5933229], [85.1634592, 25.5933467], [85.1634541, 25.5933626], [85.1634454, 25.5933748], [85.1634411, 25.5933765], [85.1633961, 25.5933956], [85.163329, 25.593416], [85.1632392, 25.5934434], [85.1631227, 25.5934762], [85.1630625, 25.5934931], [85.1628, 25.593567], [85.1627932, 25.5935689], [85.1627766, 25.5935736], [85.1627642, 25.5935755], [85.1627662, 25.5935884], [85.1627749, 25.5936443], [85.1627772, 25.5936591], [85.1627919, 25.5937263], [85.1628113, 25.5938144], [85.1628309, 25.5938775], [85.1628468, 25.5939286], [85.1628671, 25.5939937], [85.1628824, 25.5940429], [85.162914, 25.5941501], [85.1629637, 25.5943183], [85.1629694, 25.5943376], [85.1629909, 25.5943921], [85.1630816, 25.5946214], [85.1631058, 25.5946871], [85.1631571, 25.594826], [85.1631716, 25.5948651], [85.1632376, 25.5949824], [85.1633252, 25.595131], [85.1633253, 25.5951311], [85.1634054, 25.5952669], [85.1634814, 25.5953548], [85.1635033, 25.5953801], [85.163502, 25.5953816], [85.1634963, 25.5953889], [85.1634914, 25.5953967], [85.1634872, 25.5954048], [85.1634837, 25.5954132], [85.1634811, 25.5954218], [85.1634792, 25.5954306], [85.1634782, 25.5954395], [85.1634781, 25.5954485], [85.1634787, 25.5954574], [85.1634895, 25.5955466], [85.1635169, 25.595633], [85.163593, 25.5958056], [85.1635932, 25.595806], [85.1635934, 25.5958065], [85.1635936, 25.5958069], [85.1635939, 25.5958073], [85.1635941, 25.5958077], [85.1635944, 25.5958081], [85.1635947, 25.5958084], [85.163595, 25.5958088], [85.1635953, 25.5958092], [85.1635956, 25.5958095], [85.163596, 25.5958099], [85.1635963, 25.5958102], [85.1635967, 25.5958105], [85.1635971, 25.5958108], [85.1635975, 25.5958111], [85.1635979, 25.5958114], [85.1635983, 25.5958117], [85.1635987, 25.5958119], [85.1635991, 25.5958122], [85.1635996, 25.5958124], [85.1636, 25.5958126], [85.1636003, 25.5958127], [85.1636005, 25.5958128], [85.163601, 25.595813], [85.1636014, 25.5958132], [85.1636019, 25.5958134], [85.1636203, 25.5958192], [85.1636605, 25.5958447], [85.1636638, 25.5958467], [85.1636646, 25.5958473], [85.1636653, 25.5958478], [85.163666, 25.5958485], [85.1636667, 25.5958491], [85.1636673, 25.5958498], [85.1636679, 25.5958506], [85.1636684, 25.5958513], [85.1636688, 25.5958521], [85.1636692, 25.595853], [85.1636696, 25.5958538], [85.1636698, 25.5958547], [85.16367, 25.5958555], [85.1636713, 25.5958619], [85.1637045, 25.5960327], [85.1637416, 25.5961642], [85.1637942, 25.5963508], [85.1638638, 25.5965211], [85.1638763, 25.5965518], [85.1639256, 25.5966698], [85.163935, 25.596695], [85.1639692, 25.5967855], [85.1639694, 25.596786], [85.1639696, 25.5967864], [85.1639698, 25.5967868], [85.16397, 25.5967873], [85.1639702, 25.5967877], [85.1639705, 25.5967881], [85.1639708, 25.5967885], [85.1639711, 25.5967889], [85.1639714, 25.5967893], [85.1639717, 25.5967896], [85.163972, 25.59679], [85.1639724, 25.5967904], [85.1639895, 25.5968071], [85.1640036, 25.5968208], [85.1640065, 25.5968236], [85.1640195, 25.5968548], [85.1640318, 25.5969075], [85.1640633, 25.5970429], [85.1640659, 25.5970537], [85.1640742, 25.5970895], [85.1641226, 25.5973548], [85.1641321, 25.5974065], [85.1641544, 25.597529], [85.1641888, 25.5977083], [85.1642135, 25.5978373], [85.164214, 25.59784], [85.1642206, 25.5978793], [85.1642495, 25.5980513], [85.1642767, 25.5982135], [85.164321, 25.5984253], [85.1643235, 25.5984374], [85.1643547, 25.5985868], [85.1643927, 25.5987059], [85.1644487, 25.5988812], [85.1645277, 25.5991288], [85.1645637, 25.5992419], [85.1645691, 25.5992588], [85.1645853, 25.5993094], [85.1645965, 25.5993178], [85.1646096, 25.5993301], [85.164621, 25.5993438], [85.1646306, 25.5993586], [85.1646349, 25.5993676], [85.1646381, 25.5993742], [85.164643, 25.5993886], [85.1646431, 25.5993889], [85.1647314, 25.5997468], [85.1647621, 25.5998714], [85.1647658, 25.599889], [85.1648196, 25.6001465], [85.1648737, 25.6003829], [85.1648979, 25.6004887], [85.164936, 25.6006691], [85.1649471, 25.600733], [85.1649776, 25.6009095], [85.1650188, 25.6011651], [85.1650227, 25.6011852], [85.1650523, 25.6013368], [85.165067, 25.6014123], [85.1650858, 25.6015083], [85.1651232, 25.6017201], [85.1651332, 25.6017769], [85.1651642, 25.6019527], [85.1651681, 25.6019747], [85.1651683, 25.6019757], [85.1651684, 25.6019763], [85.1651684, 25.6019765], [85.1651785, 25.6020339], [85.165388, 25.6020053], [85.1654744, 25.6019941], [85.1655324, 25.6019866], [85.1655544, 25.6019844], [85.1656166, 25.6019782], [85.1656515, 25.6019748], [85.1657162, 25.6019675], [85.1657543, 25.6019653], [85.165825, 25.6019682], [85.1658953, 25.6019754], [85.165965, 25.6019871], [85.1659651, 25.6019871], [85.1660338, 25.6020031], [85.1660981, 25.6020213], [85.1661326, 25.602031], [85.1661632, 25.602042], [85.1662153, 25.6020607], [85.1662952, 25.602096], [85.1663719, 25.6021367], [85.1664449, 25.6021825], [85.166514, 25.6022333], [85.1665785, 25.6022887], [85.1666604, 25.6023705], [85.1667062, 25.6024197], [85.1667364, 25.6024536], [85.1667472, 25.6024684], [85.1667881, 25.6025478], [85.1669316, 25.6028267], [85.1669412, 25.6028262], [85.1669746, 25.6028278], [85.1669862, 25.6028284], [85.1670213, 25.60283], [85.1670294, 25.6028304], [85.1670297, 25.6028304], [85.1670827, 25.6028254], [85.1671702, 25.6028172], [85.1671754, 25.6028168], [85.167193, 25.6028151], [85.1672502, 25.6028097], [85.1672593, 25.6028089], [85.1673199, 25.6028032], [85.1674647, 25.6027896], [85.1674734, 25.6027888], [85.1677165, 25.602766], [85.1685382, 25.602689], [85.168562, 25.6026868], [85.1686994, 25.6026739], [85.1689439, 25.6026509], [85.1690185, 25.6026439], [85.1690303, 25.6026428], [85.1690689, 25.6026389], [85.16914, 25.6026318], [85.1691813, 25.6026277], [85.1692057, 25.6026253], [85.1692695, 25.6026189], [85.1693403, 25.6026118], [85.1694208, 25.6026038], [85.1695007, 25.6025958], [85.1695817, 25.6025878], [85.1697618, 25.6025698], [85.1699162, 25.6025544], [85.1699746, 25.6025486], [85.1700318, 25.6025428], [85.1701348, 25.6025326], [85.1702285, 25.6025232], [85.1702896, 25.6025171], [85.1703392, 25.6025122], [85.1705527, 25.6024909], [85.1707442, 25.6024718], [85.1708524, 25.602461], [85.1709492, 25.6024513], [85.1710496, 25.6024413], [85.1711328, 25.602433], [85.1712008, 25.6024262], [85.1713204, 25.6024143], [85.1713823, 25.6024081], [85.1714618, 25.6024002], [85.1714778, 25.6024004], [85.1714781, 25.6024004], [85.1715779, 25.6024016], [85.1715782, 25.6024016], [85.1726648, 25.6022938], [85.1726961, 25.6022907], [85.172759, 25.6022845], [85.1727952, 25.6022809], [85.1728374, 25.6022767], [85.1728753, 25.602273], [85.1729205, 25.6022685], [85.1729774, 25.6022628], [85.1730348, 25.6022571], [85.1730668, 25.602254], [85.1730745, 25.6022532], [85.1731722, 25.6022435], [85.173251, 25.6022357], [85.1733131, 25.6022295], [85.1734681, 25.6022141], [85.1736151, 25.6021996], [85.1736852, 25.6021926], [85.17373, 25.6021882], [85.1737735, 25.6021839], [85.1738549, 25.6021758], [85.173976, 25.6021638], [85.174081, 25.6021533], [85.1741424, 25.6021472], [85.1742273, 25.6021388], [85.1742965, 25.6021327], [85.1744437, 25.6021196], [85.1744842, 25.6021055], [85.1744902, 25.6021038], [85.1744962, 25.6021029], [85.1744965, 25.6021029], [85.1745817, 25.6020957], [85.1753529, 25.6020304], [85.1759326, 25.6019903], [85.1759574, 25.6019886], [85.1759583, 25.6019885], [85.1759583, 25.6019883], [85.1759442, 25.6018228]]]}}, {"type": "Feature", "properties": {"ward": "46", "ward_title": "Ward 46", "area": "Bahadurpur / Nandlal Chhpra", "short_area": "Bahadurpur / Nandlal Chhpra", "ac_no": "183", "ac_name": "Kumhrar", "ac_booths": 30, "ac_booth_range": "123-435", "ac_voters": 30473, "total_ward_booths": "30", "total_ward_voters": "1,013", "center_lat": 25.5891759, "center_lon": 85.17362124467915, "label_lat": 25.588950648979292, "label_lon": 85.17362124467915, "has_leader": false, "leader_line": null, "color": "#f59e0b", "color_dark": "#b45309"}, "geometry": {"type": "Polygon", "coordinates": [[[85.1756608, 25.5776734], [85.1756227, 25.5775109], [85.1756206, 25.577502], [85.1756205, 25.577502], [85.1756203, 25.5775021], [85.1752743, 25.577583], [85.1752788, 25.5775959], [85.1752719, 25.5776015], [85.1751471, 25.5776305], [85.1751289, 25.5776309], [85.1749229, 25.5776686], [85.1746102, 25.5777316], [85.174608, 25.5777344], [85.1744971, 25.577756], [85.1744107, 25.5777558], [85.1743854, 25.5777555], [85.1742941, 25.5777353], [85.173891, 25.5777073], [85.173459, 25.577786], [85.1731343, 25.5778708], [85.1730415, 25.5778782], [85.1729425, 25.5778779], [85.1727031, 25.5778931], [85.1726778, 25.5778938], [85.1725785, 25.5779107], [85.1724041, 25.5779524], [85.1721024, 25.5779811], [85.1717688, 25.5780238], [85.1715387, 25.5780572], [85.1711967, 25.5781017], [85.1709898, 25.5781277], [85.1708786, 25.5781684], [85.1708085, 25.5782057], [85.1707266, 25.5782544], [85.1707112, 25.5782294], [85.1706721, 25.5782384], [85.1705586, 25.5782924], [85.1705088, 25.5783061], [85.170441, 25.5783339], [85.1704259, 25.5783538], [85.1703919, 25.5783725], [85.1703681, 25.5783483], [85.1703325, 25.5783345], [85.1702915, 25.5783283], [85.1702546, 25.5783278], [85.1701987, 25.5783347], [85.1701089, 25.5783527], [85.1699122, 25.578398], [85.1697349, 25.5784226], [85.1696178, 25.5784326], [85.1694607, 25.578444], [85.1693057, 25.5784544], [85.1690147, 25.5784661], [85.1688184, 25.5784942], [85.1687581, 25.5785087], [85.1686356, 25.5785301], [85.1685755, 25.5785294], [85.1685524, 25.5785234], [85.1685389, 25.5785156], [85.1685204, 25.5784847], [85.1684891, 25.5783917], [85.1684774, 25.5783352], [85.1684602, 25.5782155], [85.1684424, 25.5780729], [85.168423, 25.5779638], [85.1683701, 25.5777682], [85.1683442, 25.5776685], [85.1682799, 25.5773945], [85.1681934, 25.5771249], [85.1681244, 25.576889], [85.1680644, 25.5766733], [85.1678554, 25.5767013], [85.1675166, 25.5767477], [85.1668652, 25.5768427], [85.1669042, 25.5770438], [85.1665286, 25.577113], [85.1665432, 25.5771796], [85.166583, 25.5773679], [85.1665876, 25.5773898], [85.1666011, 25.5774534], [85.16660776347312, 25.57748839050849], [85.1666077, 25.5774884], [85.1666469, 25.5776939], [85.1666686, 25.5778073], [85.1667201, 25.5779851], [85.166762, 25.5781296], [85.1667933, 25.5782375], [85.166983, 25.5781921], [85.1670445, 25.5784507], [85.1670535, 25.5784886], [85.1670532, 25.5785079], [85.1663048, 25.5786373], [85.1662668, 25.5786449], [85.1662554, 25.5786499], [85.1662477, 25.5786584], [85.1662456, 25.5786719], [85.1662467, 25.5786971], [85.1662653, 25.5788894], [85.1662665, 25.5789009], [85.1662705, 25.5789357], [85.1662728, 25.5789588], [85.1662729, 25.5789593], [85.1662761, 25.5789914], [85.1662953, 25.5791805], [85.1663246, 25.5793852], [85.1663394, 25.5794882], [85.166368, 25.5796599], [85.1663938, 25.5798553], [85.1664087, 25.5799022], [85.1664141, 25.5799191], [85.1664381, 25.5800294], [85.1664532, 25.5801813], [85.166508, 25.5804162], [85.1665114, 25.5804311], [85.166511, 25.5804316], [85.1665107, 25.5804319], [85.1665103, 25.5804323], [85.16651, 25.5804326], [85.1665097, 25.580433], [85.1665095, 25.5804334], [85.1665092, 25.5804338], [85.166509, 25.5804342], [85.1665087, 25.5804346], [85.1665085, 25.5804351], [85.1665083, 25.5804355], [85.1665081, 25.5804359], [85.1665079, 25.5804364], [85.1665078, 25.5804368], [85.1665077, 25.5804372], [85.1665075, 25.5804377], [85.1665074, 25.5804382], [85.1665074, 25.5804386], [85.1665073, 25.5804391], [85.1665072, 25.5804395], [85.1665072, 25.58044], [85.1665072, 25.5804405], [85.1665072, 25.5804409], [85.1665072, 25.5804414], [85.1665073, 25.5804419], [85.1665073, 25.5804423], [85.1665074, 25.5804428], [85.1665075, 25.5804432], [85.1665345, 25.5805657], [85.1665335, 25.5806361], [85.1665218, 25.5806892], [85.1665079, 25.5807482], [85.1665148, 25.5808267], [85.1665481, 25.5810394], [85.1665648, 25.5811313], [85.1665934, 25.5812889], [85.1666059, 25.5813536], [85.166605, 25.5813723], [85.1666021, 25.5813849], [85.1665907, 25.5814098], [85.1665895, 25.5814124], [85.166586, 25.58142], [85.1665497, 25.5815046], [85.1665466, 25.581529], [85.1665361, 25.5816123], [85.1665379, 25.5816665], [85.166539, 25.5816983], [85.1665623, 25.5818265], [85.1665732, 25.5819431], [85.166604, 25.5822007], [85.1666058, 25.5822158], [85.1666056, 25.5822238], [85.166605, 25.5822424], [85.1665999, 25.5824046], [85.1666001, 25.5824249], [85.1666003, 25.5824452], [85.1666008, 25.5824506], [85.1666102, 25.5825662], [85.1666258, 25.5826898], [85.1666355, 25.5827284], [85.1666377, 25.5827374], [85.1666714, 25.5828709], [85.1667391, 25.5831396], [85.1667478, 25.5831733], [85.1668407, 25.5835351], [85.1668409, 25.5835356], [85.166841, 25.583536], [85.1668412, 25.5835365], [85.1668414, 25.5835369], [85.1668415, 25.5835374], [85.1668418, 25.5835378], [85.166842, 25.5835382], [85.1668422, 25.5835386], [85.1668425, 25.583539], [85.1668428, 25.5835394], [85.166843, 25.5835398], [85.1668433, 25.5835402], [85.1668437, 25.5835406], [85.166844, 25.5835409], [85.1668443, 25.5835413], [85.1668447, 25.5835416], [85.1668451, 25.5835419], [85.1668454, 25.5835422], [85.1668458, 25.5835425], [85.1668462, 25.5835428], [85.1668467, 25.5835431], [85.1668471, 25.5835434], [85.1668475, 25.5835436], [85.166848, 25.5835439], [85.1668484, 25.5835441], [85.1668489, 25.5835443], [85.1668493, 25.5835445], [85.1668498, 25.5835447], [85.1668503, 25.5835448], [85.1668508, 25.583545], [85.1668513, 25.5835451], [85.1668518, 25.5835452], [85.1668523, 25.5835453], [85.1668528, 25.5835454], [85.1668533, 25.5835455], [85.1668538, 25.5835455], [85.1668543, 25.5835456], [85.1668545, 25.5835456], [85.1668549, 25.5835456], [85.166855, 25.5835456], [85.1668554, 25.5835456], [85.1668556, 25.5835456], [85.1668559, 25.5835456], [85.1668564, 25.5835456], [85.1668569, 25.5835455], [85.1668574, 25.5835455], [85.1668579, 25.5835454], [85.1668584, 25.5835453], [85.1668589, 25.5835452], [85.1668594, 25.5835451], [85.1669218, 25.5835287], [85.1670787, 25.58349], [85.1671335, 25.5834808], [85.1671338, 25.5834808], [85.1671419, 25.583484], [85.16715, 25.5834873], [85.1672623, 25.5838218], [85.1672637, 25.5838262], [85.1673082, 25.5839587], [85.1673084, 25.5839591], [85.1673085, 25.5839596], [85.1673086, 25.5839601], [85.1673087, 25.5839605], [85.1673088, 25.583961], [85.1673088, 25.5839614], [85.1673089, 25.5839619], [85.1673089, 25.5839624], [85.1673089, 25.5839629], [85.1673089, 25.5839633], [85.1673088, 25.5839638], [85.1673088, 25.5839643], [85.1673087, 25.5839647], [85.1673086, 25.5839652], [85.1673085, 25.5839656], [85.1673084, 25.5839661], [85.1673082, 25.5839665], [85.1673081, 25.583967], [85.1673079, 25.5839674], [85.1673077, 25.5839679], [85.1673075, 25.5839683], [85.1673073, 25.5839687], [85.1673071, 25.5839691], [85.167307, 25.5839692], [85.1673068, 25.5839695], [85.1673065, 25.5839699], [85.1673062, 25.5839703], [85.1673059, 25.5839707], [85.1673056, 25.5839711], [85.1673053, 25.5839714], [85.1673049, 25.5839718], [85.1673046, 25.5839721], [85.1673042, 25.5839725], [85.1673038, 25.5839728], [85.1673035, 25.5839731], [85.167303, 25.5839734], [85.1673026, 25.5839737], [85.1673022, 25.5839739], [85.1673018, 25.5839742], [85.1673013, 25.5839744], [85.1673009, 25.5839746], [85.1673004, 25.5839748], [85.1672999, 25.583975], [85.1672995, 25.5839752], [85.167299, 25.5839754], [85.1672985, 25.5839755], [85.167298, 25.5839757], [85.1672975, 25.5839758], [85.167297, 25.5839759], [85.1672965, 25.583976], [85.1672452, 25.583984], [85.1671065, 25.5840137], [85.1669792, 25.5840529], [85.1668603, 25.5841054], [85.1667601, 25.5841778], [85.1667585, 25.5841789], [85.1667515, 25.584184], [85.1667639, 25.5841937], [85.1668047, 25.5842449], [85.166837, 25.5843196], [85.1668521, 25.584349], [85.1668563, 25.5843671], [85.1668678, 25.5844156], [85.1668697, 25.5845281], [85.1668755, 25.5846837], [85.1668772, 25.5847283], [85.1668635, 25.5849395], [85.1668464, 25.5850611], [85.1668422, 25.5850835], [85.1668421, 25.5850841], [85.1668214, 25.5851949], [85.166819, 25.5852079], [85.1673723, 25.5852521], [85.1676567, 25.5852749], [85.16767, 25.5852758], [85.1676691, 25.5853671], [85.1676689, 25.5853824], [85.1676686, 25.5855571], [85.1676716, 25.5856658], [85.1676855, 25.5858321], [85.167703, 25.5860045], [85.1677193, 25.5862118], [85.1677234, 25.5863251], [85.1677296, 25.5863917], [85.1677727, 25.5867655], [85.1677747, 25.5867831], [85.1677827, 25.5868442], [85.1678271, 25.5871837], [85.167832, 25.5872217], [85.1678407, 25.5872877], [85.1678516, 25.5873715], [85.1679261, 25.5878489], [85.167953, 25.5880373], [85.1679537, 25.5880418], [85.1680023, 25.5883821], [85.1680148, 25.5884692], [85.1680345, 25.5885831], [85.1680433, 25.5886336], [85.1680487, 25.5886645], [85.1680924, 25.5889166], [85.1681238, 25.5890973], [85.1682094, 25.5896588], [85.168233, 25.5898231], [85.1682335, 25.5898267], [85.1682505, 25.5899977], [85.1682705, 25.5901987], [85.1682743, 25.5902369], [85.1683194, 25.5905171], [85.1683243, 25.5905477], [85.1683513, 25.5907153], [85.1683926, 25.5909717], [85.1683996, 25.5910433], [85.1684307, 25.5913622], [85.168438, 25.5914373], [85.1684391, 25.5914482], [85.1684645, 25.5916876], [85.1684748, 25.5917849], [85.1684757, 25.5917931], [85.1684825, 25.5918573], [85.1684825, 25.5918574], [85.1684802, 25.5918579], [85.1684155, 25.5918725], [85.1683045, 25.5918977], [85.1682244, 25.5919064], [85.1681361, 25.5919136], [85.1679675, 25.591928], [85.1679094, 25.591932], [85.1678306, 25.5919375], [85.1678303, 25.5919375], [85.1677466, 25.5919351], [85.167707, 25.5919419], [85.1677082, 25.5919561], [85.1677111, 25.5919886], [85.1677169, 25.5920554], [85.1677198, 25.5920883], [85.1677095, 25.5920895], [85.1676988, 25.5920912], [85.1677045, 25.5921289], [85.1677204, 25.5922324], [85.1677463, 25.5923929], [85.1677487, 25.592408], [85.1677637, 25.5925005], [85.167764, 25.5925023], [85.1677655, 25.5925186], [85.1677795, 25.5926696], [85.16779, 25.592712], [85.1677936, 25.5927268], [85.1678081, 25.5927854], [85.1678517, 25.5929511], [85.1678528, 25.5929554], [85.1678682, 25.5930137], [85.1678969, 25.5931608], [85.1679088, 25.5932214], [85.1679239, 25.5933156], [85.1679414, 25.5933857], [85.1679817, 25.5935459], [85.1679958, 25.5936097], [85.1680406, 25.5938119], [85.1680544, 25.5938845], [85.1680597, 25.5939119], [85.1681031, 25.5941395], [85.16812, 25.5942144], [85.1681298, 25.5942579], [85.1681323, 25.594269], [85.1681946, 25.5945456], [85.1682003, 25.5945783], [85.1682332, 25.5947687], [85.1682497, 25.5949604], [85.1682567, 25.5950418], [85.1682583, 25.5950598], [85.1682641, 25.5950846], [85.1682928, 25.5952054], [85.1683444, 25.5953129], [85.1683821, 25.5953913], [85.1684541, 25.5955419], [85.1685116, 25.5956621], [85.1685309, 25.5957051], [85.1685774, 25.5958094], [85.1686288, 25.5959245], [85.1686898, 25.5960125], [85.1687348, 25.5960775], [85.1688871, 25.5963153], [85.1690031, 25.5965329], [85.1690071, 25.5965438], [85.1690107, 25.5965537], [85.1690741, 25.5967275], [85.1690838, 25.5967543], [85.1691276, 25.5968944], [85.1691297, 25.596901], [85.1691298, 25.5969015], [85.1691299, 25.5969019], [85.16913, 25.5969023], [85.1691301, 25.5969027], [85.1691301, 25.5969032], [85.1691302, 25.5969036], [85.1691302, 25.596904], [85.1691302, 25.5969045], [85.1691315, 25.5969688], [85.1691344, 25.5971117], [85.1691403, 25.597155], [85.1691556, 25.5972052], [85.1691583, 25.5972141], [85.1691837, 25.5973146], [85.1692129, 25.5974417], [85.169223, 25.597486], [85.169258, 25.5976129], [85.1692732, 25.5976681], [85.1692993, 25.5977754], [85.1693168, 25.5978291], [85.1693985, 25.5980886], [85.1694023, 25.5981006], [85.1694701, 25.5983161], [85.1694792, 25.59834], [85.1696516, 25.5987939], [85.1696807, 25.5988706], [85.169747, 25.5990452], [85.1698073, 25.5992039], [85.169827, 25.5992592], [85.1698737, 25.5993861], [85.1699261, 25.5995384], [85.1699325, 25.5995617], [85.1699568, 25.5996514], [85.169982, 25.5997441], [85.1699855, 25.5997571], [85.1700497, 25.5999502], [85.1701004, 25.6001148], [85.1701063, 25.600134], [85.1701271, 25.6002015], [85.1701765, 25.6003234], [85.1702281, 25.6004482], [85.170274, 25.6005591], [85.1703264, 25.6007067], [85.1703663, 25.6008169], [85.170381, 25.6008574], [85.1703903, 25.600883], [85.1704419, 25.6010725], [85.1704892, 25.6012661], [85.1705052, 25.6014203], [85.1705118, 25.6014836], [85.170558, 25.6015497], [85.1707227, 25.6015546], [85.1707234, 25.6015547], [85.1707237, 25.6015547], [85.1708025, 25.6015553], [85.1708028, 25.6015553], [85.1708263, 25.6015556], [85.1708266, 25.6015556], [85.1708827, 25.6015563], [85.170883, 25.6015563], [85.1709746, 25.6015545], [85.1709749, 25.6015544], [85.1710663, 25.6015556], [85.1710666, 25.6015556], [85.1712062, 25.6015532], [85.1712065, 25.6015532], [85.1713314, 25.6015445], [85.1714408, 25.6015356], [85.1715697, 25.6015261], [85.1716843, 25.6015174], [85.1717792, 25.6015093], [85.1719102, 25.6014956], [85.1720441, 25.601482], [85.1721733, 25.6014663], [85.1723242, 25.60145], [85.1724727, 25.6014356], [85.1726674, 25.6014156], [85.1728053, 25.6013991], [85.1729821, 25.6013809], [85.1739862, 25.6012591], [85.1743166, 25.6012206], [85.1743234, 25.6012198], [85.1746518, 25.6011816], [85.1748179, 25.6011622], [85.1751794, 25.6011279], [85.1755927, 25.6011203], [85.175593, 25.6011203], [85.1756528, 25.6011192], [85.1756531, 25.6011192], [85.1756486, 25.6010891], [85.1756301, 25.6010281], [85.1756189, 25.6009913], [85.1755759, 25.60085], [85.1754783, 25.600503], [85.175454, 25.6004054], [85.1754217, 25.600276], [85.1753378, 25.5999692], [85.1752916, 25.5998003], [85.1752557, 25.599669], [85.1751733, 25.5993262], [85.17517, 25.599311], [85.1750851, 25.5989619], [85.1750836, 25.5989293], [85.1750827, 25.5989081], [85.1750811, 25.5988731], [85.1750499, 25.5986823], [85.1750293, 25.5985433], [85.1750187, 25.5984716], [85.1750149, 25.5984458], [85.1750102, 25.5984237], [85.1749569, 25.5981741], [85.1749239, 25.597991], [85.1749232, 25.5979871], [85.1749155, 25.5979253], [85.1749401, 25.5979218], [85.1751408, 25.5978932], [85.1753066, 25.5978696], [85.1755534, 25.5978344], [85.1756332, 25.597823], [85.1758705, 25.5977914], [85.176027, 25.5977705], [85.1760636, 25.5977656], [85.1761736, 25.5977545], [85.1763408, 25.5977375], [85.1763633, 25.5977361], [85.17644, 25.5977313], [85.176893, 25.5976556], [85.1770533, 25.5976288], [85.1772022, 25.597606], [85.1772189, 25.5976035], [85.1772044, 25.5975612], [85.1771856, 25.5974274], [85.1771688, 25.5973076], [85.1771667, 25.5972931], [85.1771285, 25.5970392], [85.1771229, 25.5970027], [85.1770957, 25.5968206], [85.1770912, 25.5967577], [85.1770819, 25.5966521], [85.1770556, 25.5965044], [85.1770381, 25.5964161], [85.1770282, 25.5963434], [85.1770249, 25.5963105], [85.1770082, 25.5961427], [85.1769945, 25.5960337], [85.1769865, 25.59597], [85.1769725, 25.5958721], [85.176942, 25.5956586], [85.1769388, 25.5956362], [85.1769216, 25.5955495], [85.1768626, 25.5952518], [85.1768604, 25.5952415], [85.1768261, 25.5950812], [85.1768253, 25.5950776], [85.1767695, 25.5948166], [85.1767492, 25.5947218], [85.1767318, 25.5946386], [85.1767024, 25.5944981], [85.176692, 25.5944484], [85.1766611, 25.5942905], [85.1766399, 25.594182], [85.1765765, 25.5938583], [85.1765214, 25.5935548], [85.1765362, 25.593553], [85.1766128, 25.5935438], [85.1767608, 25.5935372], [85.1769549, 25.5935242], [85.1771493, 25.5935111], [85.177349, 25.5934995], [85.1773511, 25.5934995], [85.1773515, 25.5934995], [85.1776442, 25.5934959], [85.1776445, 25.5934959], [85.1776734, 25.5934955], [85.1776738, 25.5934955], [85.1778459, 25.5934934], [85.1778462, 25.5934934], [85.1779428, 25.5934865], [85.178283, 25.5934624], [85.1782834, 25.5934624], [85.1784124, 25.5934532], [85.1784677, 25.5934493], [85.178581, 25.5934413], [85.1789748, 25.5933978], [85.1790047, 25.5933945], [85.1791395, 25.5933772], [85.1795164, 25.5933289], [85.1797767, 25.5932956], [85.1799351, 25.5932765], [85.1799529, 25.5932743], [85.1799006, 25.5930266], [85.1798838, 25.5929426], [85.1798481, 25.5927639], [85.1798379, 25.592713], [85.1798253, 25.5926517], [85.1797914, 25.5924862], [85.1797372, 25.5922217], [85.1796537, 25.5918143], [85.1795907, 25.5915064], [85.1795533, 25.5913241], [85.1795121, 25.5911229], [85.1794746, 25.5909459], [85.1794404, 25.5907846], [85.1794088, 25.5906505], [85.1793846, 25.5905475], [85.1793455, 25.5903242], [85.1793328, 25.590252], [85.1792742, 25.5899702], [85.1792612, 25.5899075], [85.1792451, 25.5898285], [85.1792213, 25.5897122], [85.1792038, 25.5896261], [85.1791653, 25.5894537], [85.1791516, 25.5893925], [85.1791224, 25.5892618], [85.1791208, 25.5892545], [85.1790489, 25.5888535], [85.1790017, 25.5886102], [85.1789757, 25.5884096], [85.1789592, 25.5882822], [85.1789536, 25.5882388], [85.1789453, 25.5882057], [85.1789419, 25.5881924], [85.1788979, 25.5880177], [85.1788715, 25.5879232], [85.1787946, 25.5876479], [85.1787931, 25.5876414], [85.1787726, 25.5875507], [85.1787204, 25.5873465], [85.1787092, 25.5873026], [85.1786759, 25.5871724], [85.1786444, 25.5870679], [85.1786121, 25.5869621], [85.1785444, 25.5867388], [85.1784869, 25.5865742], [85.1784246, 25.5864041], [85.1784105, 25.5863658], [85.1783666, 25.5862081], [85.1783384, 25.5860803], [85.1782987, 25.585899], [85.1782984, 25.5858919], [85.1782966, 25.5858538], [85.1782951, 25.5858218], [85.1782924, 25.5857656], [85.1782763, 25.5854291], [85.1782743, 25.5854292], [85.1782354, 25.5854296], [85.1782353, 25.5854296], [85.1782351, 25.5854296], [85.1782349, 25.5854296], [85.1782031, 25.5854299], [85.1782029, 25.5854299], [85.178203, 25.5854129], [85.1782036, 25.5854033], [85.1782079, 25.5853298], [85.1782133, 25.5852604], [85.1782063, 25.5851299], [85.1781616, 25.5849518], [85.1780839, 25.5847063], [85.1780551, 25.5846023], [85.1780274, 25.5845021], [85.1780038, 25.5844168], [85.177999, 25.5843876], [85.1779369, 25.5840116], [85.1779326, 25.5839857], [85.1779325, 25.5839858], [85.1779323, 25.5839858], [85.1777362, 25.584041], [85.1776673, 25.5840604], [85.1771216, 25.5842212], [85.1771216, 25.5842211], [85.1771215, 25.584221], [85.177116, 25.584203], [85.1770061, 25.5838449], [85.1769675, 25.583719], [85.176904, 25.5835119], [85.1769014, 25.5835037], [85.1768967, 25.5834883], [85.1768465, 25.5832226], [85.1767339, 25.5829641], [85.1767118, 25.5829083], [85.1766569, 25.5827701], [85.1766353, 25.5826733], [85.1766275, 25.5826383], [85.1765993, 25.5825169], [85.1765743, 25.5823929], [85.1765665, 25.5823128], [85.1765633, 25.5822795], [85.1765605, 25.5821849], [85.1765591, 25.5821374], [85.1765574, 25.5821073], [85.1765565, 25.5820914], [85.1765451, 25.5818948], [85.1765437, 25.5818709], [85.1765423, 25.5817391], [85.1765306, 25.5816098], [85.1765302, 25.5816058], [85.1765217, 25.5815124], [85.1765128, 25.5813082], [85.176511, 25.5812914], [85.1764953, 25.5811416], [85.1764724, 25.5809363], [85.176454, 25.580848], [85.176443, 25.5808068], [85.1764025, 25.5806562], [85.1763494, 25.5805034], [85.1762849, 25.580306], [85.1762474, 25.5801798], [85.1762014, 25.5800737], [85.1761256, 25.5798263], [85.1760565, 25.5795133], [85.1760302, 25.579386], [85.1759842, 25.5791779], [85.1759386, 25.5790275], [85.1758983, 25.5788781], [85.1758829, 25.5787814], [85.1758551, 25.5786733], [85.1758165, 25.5785341], [85.175793, 25.5784671], [85.1757845, 25.5782879], [85.1757705, 25.5781827], [85.1757556, 25.5780678], [85.175736, 25.5779771], [85.17573599387282, 25.57797710106713], [85.1757318, 25.5779577], [85.1757012, 25.5778483], [85.1756608, 25.5776734]]]}}, {"type": "Feature", "properties": {"ward": "47", "ward_title": "Ward 47", "area": "Bahadurpur / Sandalpur", "short_area": "Bahadurpur / Sandalpur", "ac_no": "183", "ac_name": "Kumhrar", "ac_booths": 25, "ac_booth_range": "349-374", "ac_voters": 26141, "total_ward_booths": "25", "total_ward_voters": "27,371", "center_lat": 25.6064148, "center_lon": 85.17998980606536, "label_lat": 25.60622172769653, "label_lon": 85.17998980606536, "has_leader": false, "leader_line": null, "color": "#f59e0b", "color_dark": "#b45309"}, "geometry": {"type": "Polygon", "coordinates": [[[85.1735881, 25.611849], [85.1736791, 25.6118284], [85.1737242, 25.6118182], [85.1737317, 25.611816], [85.1738311, 25.611787], [85.1739073, 25.6117647], [85.1739366, 25.6117562], [85.1740781, 25.6117149], [85.1740904, 25.6117113], [85.1744586, 25.6115729], [85.1744642, 25.6115708], [85.1746079, 25.6115168], [85.1748169, 25.6114522], [85.1750727, 25.6113733], [85.1753332, 25.6112981], [85.1753345, 25.6112977], [85.1754976, 25.6112676], [85.1755093, 25.6112654], [85.1756399, 25.6112413], [85.1756472, 25.6112399], [85.1760058, 25.6111736], [85.1761254, 25.6111525], [85.1765871, 25.611071], [85.1768521, 25.6110307], [85.1770231, 25.6110046], [85.1771693, 25.6109824], [85.1771982, 25.6109787], [85.1773893, 25.6109542], [85.177397, 25.6109533], [85.1775397, 25.610935], [85.1779704, 25.6108424], [85.1779708, 25.6108422], [85.177982, 25.6108392], [85.1782094, 25.6107524], [85.1786704, 25.6106005], [85.1788925, 25.6105174], [85.1791809, 25.6104096], [85.1792167, 25.6103962], [85.1794241, 25.6102698], [85.1795817, 25.6101809], [85.1795935, 25.6101742], [85.1796235, 25.6101573], [85.1796734, 25.6101366], [85.1796809, 25.6101363], [85.1799506, 25.6101245], [85.1800777, 25.6101281], [85.1801138, 25.6101292], [85.1805345, 25.6101412], [85.1807499, 25.6101474], [85.1808487, 25.6101502], [85.1809346, 25.6101539], [85.1813627, 25.6101725], [85.1813661, 25.6101727], [85.1815905, 25.6101824], [85.1816568, 25.6101803], [85.1819305, 25.6101715], [85.182217, 25.6101624], [85.1822267, 25.6101621], [85.1823787, 25.6101572], [85.1825933, 25.6101466], [85.1828633, 25.6101333], [85.1830436, 25.6101244], [85.1832887, 25.6100913], [85.1832896, 25.6100912], [85.1833952, 25.6100769], [85.1838591, 25.6100143], [85.1839143, 25.6100069], [85.1842399, 25.6099718], [85.1843462, 25.6099603], [85.1843742, 25.6099573], [85.1846279, 25.6099299], [85.1851206, 25.6098587], [85.1855956, 25.60979], [85.1856434, 25.6097828], [85.1858422, 25.6097529], [85.1858484, 25.609752], [85.1858406, 25.6096931], [85.1858357, 25.6095719], [85.1858353, 25.6095615], [85.1858398, 25.6094838], [85.1858426, 25.6094838], [85.1858478, 25.6093944], [85.1858633, 25.609306], [85.1859101, 25.6091656], [85.185924, 25.6091359], [85.1859719, 25.6090335], [85.1859772, 25.6090222], [85.1859911, 25.6089924], [85.1860432, 25.6088811], [85.1861302, 25.6087398], [85.1864563, 25.6082424], [85.1864802, 25.608206], [85.1865326, 25.6081261], [85.1866, 25.6080106], [85.1866114, 25.6079911], [85.1866378, 25.6079459], [85.1866491, 25.6078846], [85.1866408, 25.6077262], [85.1866283, 25.6076229], [85.1866136, 25.6075025], [85.1865786, 25.6072136], [85.186576, 25.6072008], [85.1865748, 25.6071943], [85.1865117, 25.606875], [85.1864685, 25.6066566], [85.1864643, 25.6065807], [85.186477, 25.6065359], [85.1864828, 25.6065233], [85.1864954, 25.6065051], [85.1865099, 25.6064923], [85.1865985, 25.6064491], [85.1867704, 25.60638], [85.1869045, 25.6063282], [85.1869141, 25.6063244], [85.1871292, 25.6062361], [85.1871342, 25.606234], [85.1871518, 25.6062265], [85.1873205, 25.606129], [85.1874493, 25.6060467], [85.1874697, 25.6060337], [85.1876104, 25.6059434], [85.1877166, 25.6058628], [85.1877854, 25.6058086], [85.1877886, 25.6058061], [85.1878165, 25.605738], [85.1878348, 25.6056796], [85.1878335, 25.6056576], [85.1878333, 25.6056525], [85.1878305, 25.6056033], [85.187829, 25.6055764], [85.1878039, 25.6054894], [85.1877998, 25.6054751], [85.187785, 25.605448], [85.1877008, 25.6052937], [85.1876928, 25.605279], [85.1876798, 25.6052553], [85.1876768, 25.6052498], [85.1876744, 25.6052454], [85.1876224, 25.6051503], [85.1875838, 25.6050519], [85.1875538, 25.6049753], [85.187552, 25.6049705], [85.187508, 25.6048576], [85.1874538, 25.6047183], [85.1874417, 25.6046824], [85.187297, 25.6042523], [85.1872463, 25.6041017], [85.1871457, 25.6036681], [85.1870598, 25.6032981], [85.1870571, 25.6032862], [85.1870275, 25.6031587], [85.1870237, 25.6031423], [85.1869284, 25.6026611], [85.1869229, 25.6026334], [85.1869134, 25.6025967], [85.1868809, 25.6024632], [85.1868698, 25.6024028], [85.1868332, 25.6022033], [85.1868331, 25.6022027], [85.1868322, 25.6021977], [85.1867944, 25.6019917], [85.1867792, 25.601909], [85.1866791, 25.6014473], [85.1866663, 25.6013884], [85.1866644, 25.6013796], [85.1866619, 25.6013684], [85.1866009, 25.6010868], [85.1865985, 25.6010758], [85.1866156, 25.6009655], [85.1866121, 25.6009657], [85.1865714, 25.6009688], [85.1864596, 25.6009773], [85.1864361, 25.6009796], [85.1863317, 25.6009898], [85.1863181, 25.6009911], [85.1862164, 25.601001], [85.1860959, 25.6010127], [85.1860328, 25.6010188], [85.1859658, 25.6010253], [85.1858736, 25.6010343], [85.1857863, 25.6010428], [85.1857228, 25.6010489], [85.185649, 25.6010561], [85.1855398, 25.6010667], [85.1853226, 25.6010878], [85.1852241, 25.6010974], [85.1851137, 25.6011081], [85.185057, 25.6011136], [85.1850465, 25.6011146], [85.1849514, 25.6011239], [85.1849479, 25.6011242], [85.1847607, 25.6011424], [85.1847441, 25.601144], [85.1846591, 25.6011522], [85.1845756, 25.6011604], [85.1844952, 25.6011682], [85.1843958, 25.6011778], [85.1843392, 25.6011833], [85.1842741, 25.6011896], [85.1842127, 25.6011956], [85.1841118, 25.6012054], [85.184011, 25.6012152], [85.1839126, 25.6012248], [85.183821, 25.6012337], [85.183723, 25.6012432], [85.1837107, 25.6012444], [85.1836152, 25.6012536], [85.1834413, 25.6012705], [85.1832221, 25.6012918], [85.1830448, 25.601309], [85.1826211, 25.6013502], [85.182451, 25.6013667], [85.1822929, 25.6013821], [85.1821327, 25.6013976], [85.1820516, 25.6014055], [85.1819244, 25.6014178], [85.1818528, 25.6014248], [85.1817754, 25.6014323], [85.1816632, 25.6014432], [85.1815887, 25.6014504], [85.1815155, 25.6014576], [85.1814238, 25.6014665], [85.1814014, 25.6014686], [85.1813133, 25.6014772], [85.1813124, 25.6014773], [85.1812319, 25.6014851], [85.1811869, 25.6014895], [85.181131, 25.6014949], [85.1811069, 25.6014972], [85.1810883, 25.601499], [85.1810413, 25.6015036], [85.180991, 25.6015085], [85.1809021, 25.6015171], [85.1808322, 25.6015239], [85.180726, 25.6015342], [85.1804149, 25.6015644], [85.1803979, 25.6015661], [85.1801709, 25.6015881], [85.1794774, 25.6016555], [85.1792645, 25.6016761], [85.1792401, 25.6016785], [85.1792398, 25.6016785], [85.1790062, 25.6017012], [85.1787768, 25.6017235], [85.1784639, 25.6017539], [85.1783683, 25.6017631], [85.1781852, 25.6017809], [85.1781057, 25.6017886], [85.1780394, 25.6017951], [85.1779548, 25.6018033], [85.1778966, 25.6018089], [85.177863, 25.6018122], [85.1778445, 25.601814], [85.1777769, 25.6018206], [85.1777378, 25.6018244], [85.1776335, 25.6018345], [85.1775611, 25.6018415], [85.1774674, 25.6018506], [85.1773423, 25.601861], [85.1773358, 25.6018615], [85.1772725, 25.6018668], [85.1772717, 25.6018669], [85.1772028, 25.6018726], [85.177153, 25.6018767], [85.1771145, 25.6018799], [85.1771066, 25.6018806], [85.1770342, 25.6018866], [85.1770216, 25.6018876], [85.1769316, 25.6018951], [85.1768263, 25.6019039], [85.1767451, 25.6019106], [85.1767445, 25.6019107], [85.1766754, 25.6019209], [85.1766303, 25.6019274], [85.1765842, 25.601934], [85.1765285, 25.601942], [85.1765169, 25.6019436], [85.1764183, 25.6019588], [85.1764182, 25.6019588], [85.1764174, 25.6019586], [85.1764156, 25.6019582], [85.1764099, 25.6019576], [85.1764096, 25.6019576], [85.1764083, 25.6019576], [85.1764042, 25.6019577], [85.1763881, 25.6019588], [85.1760097, 25.6019849], [85.1760094, 25.601985], [85.1759583, 25.6019885], [85.1759574, 25.6019886], [85.1759326, 25.6019903], [85.1753529, 25.6020304], [85.1745817, 25.6020957], [85.1744965, 25.6021029], [85.1744962, 25.6021029], [85.1744902, 25.6021038], [85.1744842, 25.6021055], [85.1744437, 25.6021196], [85.1742965, 25.6021327], [85.1742273, 25.6021388], [85.1741424, 25.6021472], [85.174081, 25.6021533], [85.173976, 25.6021638], [85.1738549, 25.6021758], [85.1737735, 25.6021839], [85.17373, 25.6021882], [85.1736852, 25.6021926], [85.1736151, 25.6021996], [85.1734681, 25.6022141], [85.1733131, 25.6022295], [85.173251, 25.6022357], [85.1731722, 25.6022435], [85.1730745, 25.6022532], [85.1730668, 25.602254], [85.1730348, 25.6022571], [85.1729774, 25.6022628], [85.1729205, 25.6022685], [85.1728753, 25.602273], [85.1728374, 25.6022767], [85.1727952, 25.6022809], [85.172759, 25.6022845], [85.1726961, 25.6022907], [85.1726648, 25.6022938], [85.1715782, 25.6024016], [85.1715779, 25.6024016], [85.1714781, 25.6024004], [85.1714778, 25.6024004], [85.1714618, 25.6024002], [85.1713823, 25.6024081], [85.1713204, 25.6024143], [85.1712008, 25.6024262], [85.1711328, 25.602433], [85.1710496, 25.6024413], [85.1709492, 25.6024513], [85.1708524, 25.602461], [85.1707442, 25.6024718], [85.1705527, 25.6024909], [85.1703392, 25.6025122], [85.1702896, 25.6025171], [85.1702285, 25.6025232], [85.1701348, 25.6025326], [85.1700318, 25.6025428], [85.1699746, 25.6025486], [85.1699162, 25.6025544], [85.1697618, 25.6025698], [85.1695817, 25.6025878], [85.1695007, 25.6025958], [85.1694208, 25.6026038], [85.1693403, 25.6026118], [85.1692695, 25.6026189], [85.1692057, 25.6026253], [85.1691813, 25.6026277], [85.16914, 25.6026318], [85.1690689, 25.6026389], [85.1690303, 25.6026428], [85.1690185, 25.6026439], [85.1689439, 25.6026509], [85.1686994, 25.6026739], [85.168562, 25.6026868], [85.1685382, 25.602689], [85.1677165, 25.602766], [85.1674734, 25.6027888], [85.1674647, 25.6027896], [85.1673199, 25.6028032], [85.1672593, 25.6028089], [85.1672502, 25.6028097], [85.167193, 25.6028151], [85.1671754, 25.6028168], [85.1671702, 25.6028172], [85.1670827, 25.6028254], [85.1670297, 25.6028304], [85.1670294, 25.6028304], [85.1670213, 25.60283], [85.1669862, 25.6028284], [85.1669746, 25.6028278], [85.1669412, 25.6028262], [85.1669316, 25.6028267], [85.1669667, 25.6028951], [85.1669788, 25.6029193], [85.1670049, 25.6029714], [85.1670071, 25.6029769], [85.1670108, 25.6029751], [85.167057, 25.6029529], [85.1670571, 25.6029528], [85.167068, 25.6029558], [85.1670853, 25.6029649], [85.1671787, 25.6030526], [85.1671808, 25.6030546], [85.1672633, 25.6031319], [85.167271, 25.6031392], [85.1672729, 25.6031412], [85.1674312, 25.6032578], [85.1675226, 25.6033252], [85.1675512, 25.6033463], [85.1675674, 25.6033582], [85.1677214, 25.6034838], [85.1677372, 25.6034928], [85.1679916, 25.603637], [85.1679952, 25.6036397], [85.168132, 25.6037414], [85.1682227, 25.6038272], [85.1682779, 25.6039105], [85.1682865, 25.6039234], [85.1683007, 25.6039449], [85.1683474, 25.6040523], [85.1684012, 25.6042175], [85.1684308, 25.6043462], [85.1684946, 25.6045836], [85.1685055, 25.6046169], [85.168591, 25.6048788], [85.1686309, 25.6049488], [85.1686519, 25.6049728], [85.1688481, 25.6051973], [85.1688657, 25.6052174], [85.1689884, 25.6053567], [85.1692161, 25.6057281], [85.1692355, 25.6057636], [85.1692683, 25.6057652], [85.1692685, 25.6057652], [85.1692686, 25.6057652], [85.1692688, 25.6057652], [85.169269, 25.6057652], [85.1692692, 25.6057652], [85.1692727, 25.6057655], [85.1692879, 25.6057663], [85.1692881, 25.6057663], [85.1694419, 25.6057608], [85.169578, 25.6057559], [85.1695852, 25.6057556], [85.1698679, 25.6057455], [85.17014, 25.6057357], [85.1702708, 25.605731], [85.1703584, 25.6057279], [85.1703633, 25.6057277], [85.1706042, 25.605719], [85.1708246, 25.6057111], [85.1709908, 25.6057051], [85.170991, 25.6057051], [85.1710832, 25.6057192], [85.1711571, 25.6057305], [85.1714745, 25.6058005], [85.1716136, 25.6058443], [85.1717168, 25.6058767], [85.1718044, 25.6059061], [85.1719098, 25.6059287], [85.1720201, 25.6059524], [85.1721793, 25.6059865], [85.1722751, 25.6059999], [85.1722784, 25.6060003], [85.1726193, 25.606048], [85.172696, 25.6060587], [85.1728035, 25.6060722], [85.1729332, 25.6060884], [85.1729378, 25.606089], [85.1730217, 25.6060995], [85.173026, 25.6061], [85.173088, 25.6061078], [85.1731197, 25.6061117], [85.1731391, 25.6061482], [85.1731778, 25.6062206], [85.1732337, 25.6062908], [85.1732363, 25.6062941], [85.1732831, 25.6063758], [85.1732851, 25.6063793], [85.1732855, 25.6063805], [85.1733547, 25.6066113], [85.1733618, 25.6066349], [85.1733663, 25.6066501], [85.1733816, 25.6067011], [85.1734071, 25.606786], [85.1734073, 25.6067869], [85.1735259, 25.6072395], [85.1735364, 25.6072794], [85.1736284, 25.6076756], [85.1736403, 25.6077268], [85.1736439, 25.6077439], [85.173665, 25.6078463], [85.1736906, 25.6079704], [85.173694, 25.607998], [85.1737112, 25.6081374], [85.1737118, 25.608155], [85.1737118, 25.6081551], [85.1737216, 25.6084167], [85.1737228, 25.6084489], [85.1737054, 25.6086194], [85.1736962, 25.6086774], [85.1736878, 25.6087345], [85.1736855, 25.6087455], [85.1736848, 25.6087499], [85.1736769, 25.6087997], [85.1736783, 25.60884], [85.1736813, 25.6089255], [85.1736895, 25.6089994], [85.1737198, 25.6091113], [85.173737, 25.6091799], [85.173775, 25.6093314], [85.1737754, 25.6093331], [85.1737793, 25.6093477], [85.1738045, 25.6094413], [85.1738308, 25.6095389], [85.173831, 25.6095396], [85.1738457, 25.6096739], [85.1738485, 25.6096992], [85.173849, 25.609717], [85.1737996, 25.6097274], [85.1737601, 25.6097357], [85.1736376, 25.6097614], [85.1735175, 25.6097867], [85.1734646, 25.6097978], [85.1733926, 25.6098129], [85.1733925, 25.6098129], [85.1733711, 25.6098174], [85.1732954, 25.6098333], [85.1732877, 25.6098349], [85.1732731, 25.6098379], [85.1732507, 25.6097381], [85.1730458, 25.6097786], [85.1728539, 25.6098166], [85.1728199, 25.6098233], [85.1728375, 25.609927], [85.1728376, 25.6099276], [85.17286, 25.6100587], [85.1728676, 25.6101033], [85.1729584, 25.6104708], [85.1730228, 25.610746], [85.1730444, 25.6108384], [85.1731212, 25.6111693], [85.1731433, 25.6112665], [85.173205, 25.6115388], [85.1732917, 25.611916], [85.173348, 25.6119033], [85.1734079, 25.6118898], [85.1735881, 25.611849]]]}}, {"type": "Feature", "properties": {"ward": "48", "ward_title": "Ward 48", "area": "Musallahpur / Bazar Samiti", "short_area": "Musallahpur", "ac_no": "183", "ac_name": "Kumhrar", "ac_booths": 29, "ac_booth_range": "239-348", "ac_voters": 30486, "total_ward_booths": "29", "total_ward_voters": "15,343", "center_lat": 25.61140725, "center_lon": 85.16968374615314, "label_lat": 25.610034157216944, "label_lon": 85.16968374615314, "has_leader": true, "leader_line": [[25.61140725, 85.16968374615314], [25.610034157216944, 85.16968374615314]], "color": "#f59e0b", "color_dark": "#b45309"}, "geometry": {"type": "Polygon", "coordinates": [[[85.169169, 25.605757], [85.1691688, 25.605757], [85.1691687, 25.605757], [85.1691685, 25.6057569], [85.1691683, 25.6057569], [85.1691682, 25.6057569], [85.169168, 25.6057569], [85.1691678, 25.6057569], [85.1691676, 25.6057569], [85.1691675, 25.6057569], [85.1691673, 25.6057569], [85.1691671, 25.6057569], [85.169167, 25.6057569], [85.1689563, 25.6057624], [85.1689454, 25.6057627], [85.1687455, 25.605781], [85.1685315, 25.6058212], [85.1682558, 25.6058744], [85.1681704, 25.6058952], [85.1678754, 25.6059671], [85.1678232, 25.6059856], [85.1676162, 25.6060586], [85.1673516, 25.6061528], [85.1672248, 25.6061979], [85.1668591, 25.6063281], [85.1664445, 25.6064758], [85.1661757, 25.6065715], [85.1659738, 25.6066434], [85.1658767, 25.6066758], [85.1658347, 25.6066898], [85.165759, 25.6067335], [85.1656893, 25.6067868], [85.1656764, 25.6068018], [85.1656754, 25.6068026], [85.1656437, 25.6068306], [85.1656081, 25.6068564], [85.16557, 25.6068791], [85.1655296, 25.6068983], [85.1654874, 25.6069139], [85.1654437, 25.6069257], [85.1653709, 25.6069576], [85.1653392, 25.60698], [85.1653387, 25.6069805], [85.165303, 25.6070175], [85.1652922, 25.6070439], [85.1652857, 25.607078], [85.1653236, 25.6072351], [85.1653996, 25.6075499], [85.165534, 25.6081071], [85.1656107, 25.6084249], [85.1657075, 25.6088259], [85.1657847, 25.6091655], [85.1658701, 25.609541], [85.1659424, 25.6098556], [85.1659635, 25.6099475], [85.165967, 25.6099626], [85.1659689, 25.6099743], [85.1659901, 25.6101046], [85.1660089, 25.6102197], [85.1660129, 25.6102465], [85.1660231, 25.6103162], [85.1660777, 25.6106868], [85.1661537, 25.6111735], [85.1661651, 25.6112464], [85.1661832, 25.6113624], [85.1662014, 25.6114521], [85.1662177, 25.6115331], [85.1662475, 25.6116803], [85.1662587, 25.6117353], [85.1663442, 25.6120967], [85.166433, 25.612445], [85.166456, 25.6125351], [85.1665404, 25.6128932], [85.1665477, 25.612924], [85.1665536, 25.6129489], [85.1665902, 25.6131704], [85.1666008, 25.6132346], [85.1666063, 25.613267], [85.1666101, 25.6132892], [85.1666117, 25.6132991], [85.1666486, 25.6135173], [85.1666565, 25.6135645], [85.16671, 25.6138172], [85.1667511, 25.6140593], [85.1667917, 25.6142523], [85.1668, 25.6142917], [85.1668258, 25.6144137], [85.1668713, 25.6145966], [85.1668791, 25.6146279], [85.1668961, 25.6146962], [85.1669064, 25.614738], [85.1669194, 25.6148004], [85.1669545, 25.6148062], [85.1670961, 25.6148329], [85.1673375, 25.6148783], [85.1674131, 25.6148925], [85.167535, 25.6149155], [85.1675492, 25.6149181], [85.1676537, 25.6149262], [85.1676963, 25.6149189], [85.1677752, 25.6149053], [85.1677829, 25.6149408], [85.1677973, 25.6150068], [85.1678253, 25.6151356], [85.1678478, 25.615239], [85.1678857, 25.6153587], [85.1679948, 25.6155763], [85.1680032, 25.6155879], [85.1680091, 25.6155959], [85.1680117, 25.6155995], [85.1680204, 25.615611], [85.1680291, 25.6156224], [85.1680366, 25.6156319], [85.168038, 25.6156337], [85.168047, 25.6156449], [85.1680562, 25.6156561], [85.1680655, 25.6156671], [85.1680749, 25.6156781], [85.1680844, 25.615689], [85.168094, 25.6156998], [85.1681038, 25.6157105], [85.1681048, 25.6157113], [85.1682041, 25.6157951], [85.1682233, 25.6158113], [85.1685397, 25.6160539], [85.1686201, 25.6160951], [85.1686645, 25.6161048], [85.1687589, 25.6161103], [85.1687636, 25.6161106], [85.1688672, 25.6161048], [85.1689066, 25.6161027], [85.1690815, 25.6160929], [85.1693537, 25.6160813], [85.1694072, 25.6160801], [85.1697592, 25.6160723], [85.1698525, 25.6160691], [85.1700326, 25.6160606], [85.1700986, 25.6160571], [85.1703102, 25.6160457], [85.1705721, 25.6160176], [85.1706853, 25.6160055], [85.1706903, 25.6160049], [85.1707785, 25.6159929], [85.1708905, 25.6159776], [85.1709078, 25.6159782], [85.1709443, 25.6159793], [85.1710037, 25.6159811], [85.1711618, 25.6159978], [85.171229, 25.6160168], [85.171266, 25.6160274], [85.1713055, 25.6160386], [85.171539, 25.6161076], [85.1716555, 25.616142], [85.1718501, 25.6162252], [85.1718523, 25.6162263], [85.1718535, 25.6162269], [85.1718646, 25.6162323], [85.172027, 25.6163124], [85.17228, 25.6164271], [85.1722803, 25.6164272], [85.1722804, 25.6164273], [85.1722806, 25.6164274], [85.1722807, 25.6164274], [85.1722809, 25.6164275], [85.1726112, 25.6165518], [85.1726412, 25.6165652], [85.1727355, 25.6166073], [85.1728135, 25.6166615], [85.1728445, 25.6166829], [85.1731757, 25.616789], [85.173229, 25.6168074], [85.1732403, 25.6168113], [85.1732615, 25.6168187], [85.1735569, 25.616921], [85.1736255, 25.6169411], [85.1738897, 25.6170186], [85.173945, 25.6170286], [85.1740278, 25.6170435], [85.1741155, 25.6170594], [85.1741817, 25.6170638], [85.1741959, 25.6170647], [85.1743035, 25.6170718], [85.1743035, 25.6170439], [85.1743035, 25.6170432], [85.1743035, 25.6169406], [85.1743035, 25.6169106], [85.1742935, 25.6168161], [85.174282, 25.6167624], [85.1742648, 25.6166824], [85.1742418, 25.6166027], [85.1742258, 25.6165477], [85.1742218, 25.6165337], [85.174139, 25.6163515], [85.1741247, 25.6163199], [85.1740945, 25.6162694], [85.1740682, 25.6162255], [85.174037, 25.6161595], [85.1739612, 25.6159509], [85.1739459, 25.6159044], [85.1739044, 25.6157787], [85.1738605, 25.6155837], [85.1738143, 25.6153783], [85.1737851, 25.6152523], [85.1737826, 25.6152417], [85.1737562, 25.6151274], [85.1737184, 25.6149647], [85.1737013, 25.6148907], [85.1736902, 25.6148441], [85.1736905, 25.6148308], [85.1736913, 25.6148209], [85.1736948, 25.614812], [85.1736966, 25.6148093], [85.1736857, 25.6148081], [85.1736704, 25.6148032], [85.1736599, 25.6148051], [85.1736563, 25.6148057], [85.1736532, 25.6148063], [85.1736528, 25.6148042], [85.1736029, 25.6145892], [85.1736017, 25.6145825], [85.1736006, 25.6145758], [85.1736005, 25.6145744], [85.1735777, 25.6144715], [85.1735566, 25.6143768], [85.1735557, 25.6143724], [85.1735379, 25.6142989], [85.1735061, 25.6141963], [85.1734445, 25.6140088], [85.1733551, 25.613737], [85.1733437, 25.6137024], [85.1735178, 25.6136516], [85.173666, 25.6136085], [85.1736689, 25.6136076], [85.1736629, 25.6135713], [85.1736327, 25.6133903], [85.1736204, 25.6133167], [85.1736046, 25.6132479], [85.1735889, 25.6131791], [85.1735572, 25.6130565], [85.1735461, 25.6130137], [85.1734893, 25.6127938], [85.1734755, 25.6127565], [85.1734575, 25.6127079], [85.1734564, 25.612705], [85.1734111, 25.6125829], [85.1734023, 25.6125591], [85.1733657, 25.6124606], [85.1733277, 25.6123203], [85.1733276, 25.6123199], [85.1732551, 25.6120565], [85.173256, 25.6120563], [85.1732942, 25.6120479], [85.1733833, 25.6120315], [85.1733763, 25.6120063], [85.1733573, 25.6119368], [85.1733491, 25.6119071], [85.173348, 25.6119033], [85.1732917, 25.611916], [85.173205, 25.6115388], [85.1731433, 25.6112665], [85.1731212, 25.6111693], [85.1730444, 25.6108384], [85.1730228, 25.610746], [85.1729584, 25.6104708], [85.1728676, 25.6101033], [85.17286, 25.6100587], [85.1728376, 25.6099276], [85.1728375, 25.609927], [85.1728199, 25.6098233], [85.1728539, 25.6098166], [85.1730458, 25.6097786], [85.1732507, 25.6097381], [85.1732731, 25.6098379], [85.1732877, 25.6098349], [85.1732954, 25.6098333], [85.1733711, 25.6098174], [85.1733925, 25.6098129], [85.1733926, 25.6098129], [85.1734646, 25.6097978], [85.1735175, 25.6097867], [85.1736376, 25.6097614], [85.1737601, 25.6097357], [85.1737996, 25.6097274], [85.173849, 25.609717], [85.1738485, 25.6096992], [85.1738457, 25.6096739], [85.173831, 25.6095396], [85.1738308, 25.6095389], [85.1738045, 25.6094413], [85.1737793, 25.6093477], [85.1737754, 25.6093331], [85.173775, 25.6093314], [85.173737, 25.6091799], [85.1737198, 25.6091113], [85.1736895, 25.6089994], [85.1736813, 25.6089255], [85.1736783, 25.60884], [85.1736769, 25.6087997], [85.1736848, 25.6087499], [85.1736855, 25.6087455], [85.1736878, 25.6087345], [85.1736962, 25.6086774], [85.1737054, 25.6086194], [85.1737228, 25.6084489], [85.1737216, 25.6084167], [85.1737118, 25.6081551], [85.1737118, 25.608155], [85.1737112, 25.6081374], [85.173694, 25.607998], [85.1736906, 25.6079704], [85.173665, 25.6078463], [85.1736439, 25.6077439], [85.1736403, 25.6077268], [85.1736284, 25.6076756], [85.1735364, 25.6072794], [85.1735259, 25.6072395], [85.1734073, 25.6067869], [85.1734071, 25.606786], [85.1733816, 25.6067011], [85.1733663, 25.6066501], [85.1733618, 25.6066349], [85.1733547, 25.6066113], [85.1732855, 25.6063805], [85.1732851, 25.6063793], [85.1732831, 25.6063758], [85.1732363, 25.6062941], [85.1732337, 25.6062908], [85.1731778, 25.6062206], [85.1731391, 25.6061482], [85.1731197, 25.6061117], [85.173088, 25.6061078], [85.173026, 25.6061], [85.1730217, 25.6060995], [85.1729378, 25.606089], [85.1729332, 25.6060884], [85.1728035, 25.6060722], [85.172696, 25.6060587], [85.1726193, 25.606048], [85.1722784, 25.6060003], [85.1722751, 25.6059999], [85.1721793, 25.6059865], [85.1720201, 25.6059524], [85.1719098, 25.6059287], [85.1718044, 25.6059061], [85.1717168, 25.6058767], [85.1716136, 25.6058443], [85.1714745, 25.6058005], [85.1711571, 25.6057305], [85.1710832, 25.6057192], [85.170991, 25.6057051], [85.1709908, 25.6057051], [85.1708246, 25.6057111], [85.1706042, 25.605719], [85.1703633, 25.6057277], [85.1703584, 25.6057279], [85.1702708, 25.605731], [85.17014, 25.6057357], [85.1698679, 25.6057455], [85.1695852, 25.6057556], [85.169578, 25.6057559], [85.1694419, 25.6057608], [85.1692881, 25.6057663], [85.1692879, 25.6057663], [85.1692727, 25.6057655], [85.1692692, 25.6057652], [85.169269, 25.6057652], [85.1692688, 25.6057652], [85.1692686, 25.6057652], [85.1692685, 25.6057652], [85.1692683, 25.6057652], [85.1692355, 25.6057636], [85.1692352, 25.6057635], [85.169169, 25.605757]]]}}, {"type": "Feature", "properties": {"ward": "49", "ward_title": "Ward 49", "area": "Ranighat / Patna Law College", "short_area": "Ranighat / Law College", "ac_no": "183", "ac_name": "Kumhrar", "ac_booths": 24, "ac_booth_range": "267-294", "ac_voters": 23804, "total_ward_booths": "24", "total_ward_voters": "28,536", "center_lat": 25.61664255, "center_lon": 85.1775957869688, "label_lat": 25.618140569343108, "label_lon": 85.17758708866212, "has_leader": true, "leader_line": [[25.61664255, 85.1775957869688], [25.618140569343108, 85.17758708866212]], "color": "#f59e0b", "color_dark": "#b45309"}, "geometry": {"type": "Polygon", "coordinates": [[[85.1808967, 25.6167984], [85.1809164, 25.6167247], [85.1809565, 25.6165741], [85.1809757, 25.6165024], [85.181004, 25.6163486], [85.1810273, 25.616222], [85.1810288, 25.6161888], [85.181029, 25.616185], [85.1809991, 25.6160064], [85.1809916, 25.6159618], [85.1806499, 25.6160143], [85.1805327, 25.6160323], [85.1799705, 25.6161301], [85.1799456, 25.6161344], [85.1799454, 25.6161344], [85.1798634, 25.6161456], [85.1795221, 25.6161921], [85.1794263, 25.6162051], [85.1794262, 25.6162051], [85.179406, 25.6162082], [85.1794039, 25.6162085], [85.1792412, 25.616233], [85.1792328, 25.6162342], [85.1791535, 25.6162458], [85.1791487, 25.6162191], [85.1791388, 25.6161632], [85.1791295, 25.6161271], [85.1791003, 25.6160136], [85.1790918, 25.6159805], [85.1790034, 25.6156923], [85.1789846, 25.615648], [85.1789381, 25.6155497], [85.1788954, 25.6154662], [85.1788681, 25.6153997], [85.1788469, 25.6153378], [85.1788296, 25.6152874], [85.1788214, 25.6152323], [85.1787912, 25.6150341], [85.1787788, 25.6149666], [85.1787761, 25.6149453], [85.1787642, 25.6149452], [85.1785167, 25.6149428], [85.1783711, 25.6149413], [85.1782297, 25.61494], [85.1782227, 25.6149399], [85.1782173, 25.6149403], [85.1780867, 25.61495], [85.1779766, 25.6149773], [85.1779633, 25.6149807], [85.1778416, 25.615023], [85.1778323, 25.6150262], [85.177805, 25.6149658], [85.1777232, 25.6148188], [85.1777175, 25.6148086], [85.1776835, 25.6147484], [85.1776792, 25.6147387], [85.1776494, 25.614672], [85.1776441, 25.6146496], [85.1776334, 25.6146044], [85.1776166, 25.6145331], [85.1775751, 25.6143701], [85.1775658, 25.6143335], [85.1775482, 25.614264], [85.1775287, 25.6141979], [85.1775191, 25.6142], [85.1773712, 25.6142321], [85.1770698, 25.6142765], [85.1770634, 25.6142774], [85.1770199, 25.6142868], [85.176758, 25.614343], [85.1765377, 25.6143927], [85.1764707, 25.6144078], [85.1764372, 25.614422], [85.1763186, 25.6144498], [85.1762706, 25.6144548], [85.1760945, 25.6144735], [85.1760754, 25.614484], [85.1760682, 25.6145047], [85.1760693, 25.6145113], [85.1760547, 25.6145142], [85.176014, 25.6145222], [85.1758163, 25.6145615], [85.1757978, 25.614565], [85.1756542, 25.614592], [85.1756523, 25.6145831], [85.1756514, 25.6145788], [85.1756513, 25.6145783], [85.1756511, 25.6145779], [85.175651, 25.6145774], [85.1756508, 25.614577], [85.1756507, 25.6145765], [85.1756505, 25.6145761], [85.1756503, 25.6145757], [85.17565, 25.6145752], [85.1756498, 25.6145748], [85.1756495, 25.6145744], [85.1756492, 25.614574], [85.1756489, 25.6145736], [85.1756486, 25.6145732], [85.1756483, 25.6145729], [85.175648, 25.6145725], [85.1756476, 25.6145722], [85.1756473, 25.6145718], [85.1756469, 25.6145715], [85.1756465, 25.6145712], [85.1756461, 25.6145709], [85.1756457, 25.6145706], [85.1756453, 25.6145703], [85.1756449, 25.61457], [85.1756444, 25.6145698], [85.175644, 25.6145696], [85.1756435, 25.6145693], [85.175643, 25.6145691], [85.1756426, 25.6145689], [85.1756421, 25.6145688], [85.1756416, 25.6145686], [85.1756411, 25.6145685], [85.1756406, 25.6145683], [85.1756401, 25.6145682], [85.1756396, 25.6145681], [85.1756391, 25.614568], [85.1756386, 25.614568], [85.175638, 25.6145679], [85.1756375, 25.6145679], [85.175637, 25.6145679], [85.1756365, 25.6145679], [85.175636, 25.6145679], [85.1756354, 25.6145679], [85.1756349, 25.614568], [85.1756344, 25.614568], [85.1756339, 25.6145681], [85.1756334, 25.6145682], [85.175452, 25.6146059], [85.1754371, 25.6146194], [85.1750111, 25.6146706], [85.1749978, 25.6146722], [85.1749974, 25.6146576], [85.1749969, 25.6146391], [85.1749948, 25.6145903], [85.1746851, 25.6146224], [85.1746404, 25.6146271], [85.174442, 25.6146477], [85.1744164, 25.6146508], [85.1742642, 25.6146693], [85.1742619, 25.6146779], [85.1742473, 25.6146896], [85.1742285, 25.6146993], [85.1741547, 25.6147107], [85.1740698, 25.6147237], [85.1739126, 25.6147491], [85.1738341, 25.6147618], [85.1737797, 25.6147715], [85.1737521, 25.6147765], [85.1737195, 25.6147893], [85.1737084, 25.6147971], [85.173701, 25.6148042], [85.1736985, 25.6148065], [85.1736966, 25.6148093], [85.1736948, 25.614812], [85.1736913, 25.6148209], [85.1736905, 25.6148308], [85.1736902, 25.6148441], [85.1737013, 25.6148907], [85.1737184, 25.6149647], [85.1737562, 25.6151274], [85.1737826, 25.6152417], [85.1737851, 25.6152523], [85.1738143, 25.6153783], [85.1738605, 25.6155837], [85.1739044, 25.6157787], [85.1739459, 25.6159044], [85.1739612, 25.6159509], [85.174037, 25.6161595], [85.1740682, 25.6162255], [85.1740945, 25.6162694], [85.1741247, 25.6163199], [85.174139, 25.6163515], [85.1742218, 25.6165337], [85.1742258, 25.6165477], [85.1742418, 25.6166027], [85.1742648, 25.6166824], [85.174282, 25.6167624], [85.1742935, 25.6168161], [85.1743035, 25.6169106], [85.1743035, 25.6169406], [85.1743035, 25.6170432], [85.1743035, 25.6170439], [85.1743035, 25.6170718], [85.1741959, 25.6170647], [85.1741817, 25.6170638], [85.1741155, 25.6170594], [85.1740278, 25.6170435], [85.173945, 25.6170286], [85.1738897, 25.6170186], [85.1736255, 25.6169411], [85.1735569, 25.616921], [85.1732615, 25.6168187], [85.1732403, 25.6168113], [85.173229, 25.6168074], [85.1731757, 25.616789], [85.1728445, 25.6166829], [85.1728213, 25.6166965], [85.1722336, 25.6167716], [85.1717408, 25.6168576], [85.171522, 25.6168958], [85.1715007, 25.6169035], [85.17148, 25.6169109], [85.1714674, 25.6169237], [85.1714671, 25.616924], [85.1714674, 25.6169264], [85.1714713, 25.6169534], [85.1714763, 25.6169879], [85.1714772, 25.6169943], [85.1714774, 25.6169956], [85.1714788, 25.6170058], [85.1714892, 25.617078], [85.1715326, 25.6173811], [85.1716309, 25.6179406], [85.1717699, 25.61878], [85.1717732, 25.6187994], [85.1717882, 25.61889], [85.1717902, 25.6189024], [85.1717931, 25.6189196], [85.1717931, 25.6189198], [85.1717931, 25.61892], [85.1717931, 25.6189201], [85.1717932, 25.6189203], [85.1717932, 25.6189206], [85.171796, 25.6189562], [85.1717966, 25.6189637], [85.1717985, 25.6189885], [85.1718112, 25.6191489], [85.1718241, 25.6191485], [85.1721837, 25.6191344], [85.172543, 25.6191143], [85.1729018, 25.6190882], [85.1732601, 25.6190561], [85.1736176, 25.6190181], [85.1739812, 25.6189797], [85.1743442, 25.6189365], [85.1747065, 25.6188884], [85.1750679, 25.6188356], [85.1754285, 25.6187779], [85.1759385, 25.6186886], [85.1764475, 25.6185946], [85.1769555, 25.618496], [85.1776082, 25.6183166], [85.1782625, 25.6181416], [85.1789182, 25.6179712], [85.1795531, 25.6178075], [85.180189, 25.6176468], [85.1808257, 25.617489], [85.1808249, 25.6174847], [85.1808216, 25.6174478], [85.1808231, 25.617425], [85.1808316, 25.6172963], [85.1808379, 25.6172009], [85.1808423, 25.6171331], [85.1808433, 25.6171239], [85.1808568, 25.61699], [85.1808769, 25.6168862], [85.1808893, 25.6168312], [85.1808967, 25.6167984]]]}}, {"type": "Feature", "properties": {"ward": "50", "ward_title": "Ward 50", "area": "Ranighat / Mahendru / Muhammadpur / Sandalpur / Katra Dargah", "short_area": "Ranighat / Mahendru", "ac_no": "183", "ac_name": "Kumhrar", "ac_booths": 36, "ac_booth_range": "278-375", "ac_voters": 38214, "total_ward_booths": "36", "total_ward_voters": "21,157", "center_lat": 25.612937600000002, "center_lon": 85.17937090755086, "label_lat": 25.61444056934311, "label_lon": 85.17837506624177, "has_leader": true, "leader_line": [[25.612937600000002, 85.17937090755086], [25.61444056934311, 85.17837506624177]], "color": "#f59e0b", "color_dark": "#b45309"}, "geometry": {"type": "Polygon", "coordinates": [[[85.1810416, 25.6159541], [85.1811216, 25.6159418], [85.1811273, 25.6159409], [85.1813317, 25.6159095], [85.1813647, 25.6159044], [85.1813648, 25.6159044], [85.181365, 25.6159044], [85.1813651, 25.6159044], [85.1813653, 25.6159043], [85.1813654, 25.6159043], [85.1813655, 25.6159043], [85.1813657, 25.6159043], [85.1813658, 25.6159042], [85.1813659, 25.6159042], [85.1813661, 25.6159042], [85.1813662, 25.6159041], [85.1813663, 25.6159041], [85.181515, 25.6158653], [85.1815152, 25.6158652], [85.1815154, 25.6158652], [85.1815156, 25.6158652], [85.1815158, 25.6158651], [85.181516, 25.6158651], [85.1815162, 25.615865], [85.1815164, 25.615865], [85.1815166, 25.615865], [85.1815168, 25.6158649], [85.181517, 25.6158649], [85.1815172, 25.6158649], [85.1815174, 25.6158649], [85.1815411, 25.6158624], [85.1817942, 25.6158363], [85.181864, 25.6158257], [85.1822015, 25.6157745], [85.1823509, 25.6157518], [85.1826155, 25.6157117], [85.1828674, 25.6156892], [85.1829008, 25.6156863], [85.18294, 25.6156828], [85.1830984, 25.6156543], [85.1832055, 25.615626], [85.1834719, 25.6155557], [85.1836098, 25.6155194], [85.1838991, 25.6154313], [85.1839085, 25.6154284], [85.1839219, 25.6154243], [85.1847145, 25.6151829], [85.1847354, 25.6151766], [85.184739, 25.6151756], [85.1847741, 25.6151661], [85.1848874, 25.6151355], [85.18493, 25.6151239], [85.1850472, 25.6150923], [85.1852383, 25.6150406], [85.1852904, 25.6150265], [85.1853341, 25.6150143], [85.1854218, 25.6149896], [85.1854726, 25.6149754], [85.1855374, 25.6149572], [85.1855612, 25.6149505], [85.1857535, 25.6148965], [85.1858321, 25.6148818], [85.1858311, 25.6148543], [85.1858301, 25.6148262], [85.18581, 25.6147268], [85.1857973, 25.6146788], [85.1857932, 25.6146633], [85.1857087, 25.6143452], [85.1856793, 25.6142627], [85.1856326, 25.6141315], [85.1856268, 25.6141151], [85.1855499, 25.613899], [85.1855182, 25.6138129], [85.1855134, 25.6137999], [85.1854731, 25.6136903], [85.185454, 25.6136383], [85.1853999, 25.6134913], [85.1853936, 25.6134743], [85.1853866, 25.6134527], [85.1852815, 25.6131315], [85.1852759, 25.6131144], [85.1852534, 25.6130486], [85.1851893, 25.6128615], [85.185151, 25.6127652], [85.185076, 25.6125765], [85.185047, 25.6125038], [85.1850275, 25.6124548], [85.1850251, 25.6124486], [85.1850058, 25.6124001], [85.1850028, 25.6123927], [85.184986, 25.6123452], [85.1849224, 25.6121661], [85.1848517, 25.6119671], [85.1848426, 25.6119414], [85.1848184, 25.6118733], [85.1847711, 25.6117227], [85.1847676, 25.6117117], [85.1847536, 25.6116673], [85.1847142, 25.6115419], [85.184618, 25.6112538], [85.1846088, 25.6112231], [85.1847321, 25.6112044], [85.1847459, 25.6112023], [85.1851997, 25.6111335], [85.1852107, 25.6111316], [85.1852361, 25.6111273], [85.1852724, 25.6111212], [85.1856165, 25.6110629], [85.1859244, 25.6110108], [85.1859353, 25.6110083], [85.1859901, 25.6109958], [85.1859926, 25.6109952], [85.1859921, 25.6109795], [85.1859906, 25.6109242], [85.1859679, 25.6106507], [85.1859513, 25.6104505], [85.1859503, 25.6104389], [85.1859169, 25.6102202], [85.1858702, 25.6099133], [85.1858669, 25.6098917], [85.1858484, 25.609752], [85.1858422, 25.6097529], [85.1856434, 25.6097828], [85.1855956, 25.60979], [85.1851206, 25.6098587], [85.1846279, 25.6099299], [85.1843742, 25.6099573], [85.1843462, 25.6099603], [85.1842399, 25.6099718], [85.1839143, 25.6100069], [85.1838591, 25.6100143], [85.1833952, 25.6100769], [85.1832896, 25.6100912], [85.1832887, 25.6100913], [85.1830436, 25.6101244], [85.1828633, 25.6101333], [85.1825933, 25.6101466], [85.1823787, 25.6101572], [85.1822267, 25.6101621], [85.182217, 25.6101624], [85.1819305, 25.6101715], [85.1816568, 25.6101803], [85.1815905, 25.6101824], [85.1813661, 25.6101727], [85.1813627, 25.6101725], [85.1809346, 25.6101539], [85.1808487, 25.6101502], [85.1807499, 25.6101474], [85.1805345, 25.6101412], [85.1801138, 25.6101292], [85.1800777, 25.6101281], [85.1799506, 25.6101245], [85.1796809, 25.6101363], [85.1796734, 25.6101366], [85.1796235, 25.6101573], [85.1795935, 25.6101742], [85.1795817, 25.6101809], [85.1794241, 25.6102698], [85.1792167, 25.6103962], [85.1791809, 25.6104096], [85.1788925, 25.6105174], [85.1786704, 25.6106005], [85.1782094, 25.6107524], [85.177982, 25.6108392], [85.1779708, 25.6108422], [85.1779704, 25.6108424], [85.1775397, 25.610935], [85.177397, 25.6109533], [85.1773893, 25.6109542], [85.1771982, 25.6109787], [85.1771693, 25.6109824], [85.1770231, 25.6110046], [85.1768521, 25.6110307], [85.1765871, 25.611071], [85.1761254, 25.6111525], [85.1760058, 25.6111736], [85.1756472, 25.6112399], [85.1756399, 25.6112413], [85.1755093, 25.6112654], [85.1754976, 25.6112676], [85.1753345, 25.6112977], [85.1753332, 25.6112981], [85.1750727, 25.6113733], [85.1748169, 25.6114522], [85.1746079, 25.6115168], [85.1744642, 25.6115708], [85.1744586, 25.6115729], [85.1740904, 25.6117113], [85.1740781, 25.6117149], [85.1739366, 25.6117562], [85.1739073, 25.6117647], [85.1738311, 25.611787], [85.1737317, 25.611816], [85.1737242, 25.6118182], [85.1736791, 25.6118284], [85.1735881, 25.611849], [85.1734079, 25.6118898], [85.173348, 25.6119033], [85.1733491, 25.6119071], [85.1733573, 25.6119368], [85.1733763, 25.6120063], [85.1733833, 25.6120315], [85.1732942, 25.6120479], [85.173256, 25.6120563], [85.1732551, 25.6120565], [85.1733276, 25.6123199], [85.1733277, 25.6123203], [85.1733657, 25.6124606], [85.1734023, 25.6125591], [85.1734111, 25.6125829], [85.1734564, 25.612705], [85.1734575, 25.6127079], [85.1734755, 25.6127565], [85.1734893, 25.6127938], [85.1735461, 25.6130137], [85.1735572, 25.6130565], [85.1735889, 25.6131791], [85.1736046, 25.6132479], [85.1736204, 25.6133167], [85.1736327, 25.6133903], [85.1736629, 25.6135713], [85.1736689, 25.6136076], [85.173666, 25.6136085], [85.1735178, 25.6136516], [85.1733437, 25.6137024], [85.1733551, 25.613737], [85.1734445, 25.6140088], [85.1735061, 25.6141963], [85.1735379, 25.6142989], [85.1735557, 25.6143724], [85.1735566, 25.6143768], [85.1735777, 25.6144715], [85.1736005, 25.6145744], [85.1736006, 25.6145758], [85.1736017, 25.6145825], [85.1736029, 25.6145892], [85.1736528, 25.6148042], [85.1736532, 25.6148063], [85.1736563, 25.6148057], [85.1736599, 25.6148051], [85.1736704, 25.6148032], [85.1736857, 25.6148081], [85.1736966, 25.6148093], [85.1736985, 25.6148065], [85.173701, 25.6148042], [85.1737084, 25.6147971], [85.1737195, 25.6147893], [85.1737521, 25.6147765], [85.1737797, 25.6147715], [85.1738341, 25.6147618], [85.1739126, 25.6147491], [85.1740698, 25.6147237], [85.1741547, 25.6147107], [85.1742285, 25.6146993], [85.1742473, 25.6146896], [85.1742619, 25.6146779], [85.1742642, 25.6146693], [85.1744164, 25.6146508], [85.174442, 25.6146477], [85.1746404, 25.6146271], [85.1746851, 25.6146224], [85.1749948, 25.6145903], [85.1749969, 25.6146391], [85.1749974, 25.6146576], [85.1749978, 25.6146722], [85.1750111, 25.6146706], [85.1754371, 25.6146194], [85.175452, 25.6146059], [85.1756334, 25.6145682], [85.1756339, 25.6145681], [85.1756344, 25.614568], [85.1756349, 25.614568], [85.1756354, 25.6145679], [85.175636, 25.6145679], [85.1756365, 25.6145679], [85.175637, 25.6145679], [85.1756375, 25.6145679], [85.175638, 25.6145679], [85.1756386, 25.614568], [85.1756391, 25.614568], [85.1756396, 25.6145681], [85.1756401, 25.6145682], [85.1756406, 25.6145683], [85.1756411, 25.6145685], [85.1756416, 25.6145686], [85.1756421, 25.6145688], [85.1756426, 25.6145689], [85.175643, 25.6145691], [85.1756435, 25.6145693], [85.175644, 25.6145696], [85.1756444, 25.6145698], [85.1756449, 25.61457], [85.1756453, 25.6145703], [85.1756457, 25.6145706], [85.1756461, 25.6145709], [85.1756465, 25.6145712], [85.1756469, 25.6145715], [85.1756473, 25.6145718], [85.1756476, 25.6145722], [85.175648, 25.6145725], [85.1756483, 25.6145729], [85.1756486, 25.6145732], [85.1756489, 25.6145736], [85.1756492, 25.614574], [85.1756495, 25.6145744], [85.1756498, 25.6145748], [85.17565, 25.6145752], [85.1756503, 25.6145757], [85.1756505, 25.6145761], [85.1756507, 25.6145765], [85.1756508, 25.614577], [85.175651, 25.6145774], [85.1756511, 25.6145779], [85.1756513, 25.6145783], [85.1756514, 25.6145788], [85.1756523, 25.6145831], [85.1756542, 25.614592], [85.1757978, 25.614565], [85.1758163, 25.6145615], [85.176014, 25.6145222], [85.1760547, 25.6145142], [85.1760693, 25.6145113], [85.1760682, 25.6145047], [85.1760754, 25.614484], [85.1760945, 25.6144735], [85.1762706, 25.6144548], [85.1763186, 25.6144498], [85.1764372, 25.614422], [85.1764707, 25.6144078], [85.1765377, 25.6143927], [85.176758, 25.614343], [85.1770199, 25.6142868], [85.1770634, 25.6142774], [85.1770698, 25.6142765], [85.1773712, 25.6142321], [85.1775191, 25.6142], [85.1775287, 25.6141979], [85.1775482, 25.614264], [85.1775658, 25.6143335], [85.1775751, 25.6143701], [85.1776166, 25.6145331], [85.1776334, 25.6146044], [85.1776441, 25.6146496], [85.1776494, 25.614672], [85.1776792, 25.6147387], [85.1776835, 25.6147484], [85.1777175, 25.6148086], [85.1777232, 25.6148188], [85.177805, 25.6149658], [85.1778323, 25.6150262], [85.1778416, 25.615023], [85.1779633, 25.6149807], [85.1779766, 25.6149773], [85.1780867, 25.61495], [85.1782173, 25.6149403], [85.1782227, 25.6149399], [85.1782297, 25.61494], [85.1783711, 25.6149413], [85.1785167, 25.6149428], [85.1787642, 25.6149452], [85.1787761, 25.6149453], [85.1787788, 25.6149666], [85.1787912, 25.6150341], [85.1788214, 25.6152323], [85.1788296, 25.6152874], [85.1788469, 25.6153378], [85.1788681, 25.6153997], [85.1788954, 25.6154662], [85.1789381, 25.6155497], [85.1789846, 25.615648], [85.1790034, 25.6156923], [85.1790918, 25.6159805], [85.1791003, 25.6160136], [85.1791295, 25.6161271], [85.1791388, 25.6161632], [85.1791487, 25.6162191], [85.1791535, 25.6162458], [85.1792328, 25.6162342], [85.1792412, 25.616233], [85.1794039, 25.6162085], [85.179406, 25.6162082], [85.1794262, 25.6162051], [85.1794263, 25.6162051], [85.1795221, 25.6161921], [85.1798634, 25.6161456], [85.1799454, 25.6161344], [85.1799456, 25.6161344], [85.1799705, 25.6161301], [85.1805327, 25.6160323], [85.1806499, 25.6160143], [85.1809916, 25.6159618], [85.1810196, 25.6159575], [85.1810416, 25.6159541]]]}}, {"type": "Feature", "properties": {"ward": "51", "ward_title": "Ward 51", "area": "Chaudhari Tola / Khajoor Banna / Tripoliya / Mahendru", "short_area": "Chaudhari Tola / Tripoliya", "ac_no": "183", "ac_name": "Kumhrar", "ac_booths": 20, "ac_booth_range": "295-326", "ac_voters": 22124, "total_ward_booths": "20", "total_ward_voters": "14,652", "center_lat": 25.613842650000002, "center_lon": 85.18737052662601, "label_lat": 25.610911851768346, "label_lon": 85.18837506624172, "has_leader": true, "leader_line": [[25.613842650000002, 85.18737052662601], [25.610911851768346, 85.18837506624172]], "color": "#f59e0b", "color_dark": "#b45309"}, "geometry": {"type": "Polygon", "coordinates": [[[85.1890885, 25.6145479], [85.1890847, 25.614517], [85.1890678, 25.6143781], [85.1890481, 25.6142326], [85.1890299, 25.6140429], [85.1890244, 25.613986], [85.1890206, 25.6139458], [85.1890175, 25.6139139], [85.1890401, 25.6139085], [85.189217, 25.6138634], [85.1892068, 25.6138219], [85.1891351, 25.6135314], [85.1891261, 25.6134949], [85.189113, 25.6134418], [85.1890929, 25.6133349], [85.1890909, 25.6133244], [85.1890874, 25.6133068], [85.1890861, 25.6132942], [85.1890865, 25.6132728], [85.1890924, 25.6132391], [85.1890976, 25.6132094], [85.1891113, 25.6131536], [85.1891337, 25.6130619], [85.1891466, 25.6130094], [85.1891476, 25.6130053], [85.1891466, 25.6129916], [85.1891452, 25.6129715], [85.1891451, 25.612901], [85.1891449, 25.6127085], [85.1891449, 25.6126754], [85.1891449, 25.6126571], [85.1891449, 25.6126047], [85.189145, 25.6124923], [85.189145, 25.6124523], [85.189145, 25.6123916], [85.189145, 25.6123894], [85.1891187, 25.6120135], [85.1891157, 25.6119895], [85.1890938, 25.6118175], [85.1890902, 25.6117797], [85.1890873, 25.6117168], [85.1890867, 25.6117065], [85.1890852, 25.6116788], [85.189083, 25.6116607], [85.189082, 25.6116529], [85.1890752, 25.6116221], [85.1890713, 25.6115822], [85.1890643, 25.611533], [85.1890485, 25.6114226], [85.1890407, 25.6113685], [85.1890281, 25.6112959], [85.1890174, 25.6112346], [85.1890077, 25.6111783], [85.189004, 25.6111617], [85.188975, 25.6110301], [85.1889509, 25.610921], [85.1889497, 25.6109155], [85.1889431, 25.6108853], [85.1889143, 25.6107548], [85.1888991, 25.6106862], [85.1888955, 25.6106695], [85.1888358, 25.6102573], [85.1888293, 25.6102126], [85.1888275, 25.6102127], [85.1887829, 25.6102169], [85.1887798, 25.6102172], [85.1887789, 25.6102173], [85.1887502, 25.61022], [85.188676, 25.6102286], [85.1886457, 25.6102309], [85.1885843, 25.6102357], [85.1885677, 25.610237], [85.1883656, 25.6102527], [85.1882366, 25.6102754], [85.18818, 25.6102904], [85.1881595, 25.6102959], [85.1879616, 25.6103485], [85.1879063, 25.6103646], [85.1877795, 25.6104014], [85.1877737, 25.6104032], [85.1877537, 25.6104094], [85.1876532, 25.6104465], [85.1875373, 25.6104861], [85.1874973, 25.6105025], [85.1874088, 25.6105387], [85.1873573, 25.6105558], [85.1873126, 25.6105707], [85.1873033, 25.6105738], [85.1871878, 25.6106166], [85.1871567, 25.6106264], [85.1870907, 25.6106473], [85.1870894, 25.6106477], [85.1868484, 25.6107191], [85.1868479, 25.6107192], [85.1865553, 25.6108133], [85.1863005, 25.6109058], [85.18616, 25.6109568], [85.186071, 25.6109772], [85.1859926, 25.6109952], [85.1859901, 25.6109958], [85.1859353, 25.6110083], [85.1859244, 25.6110108], [85.1856165, 25.6110629], [85.1852724, 25.6111212], [85.1852361, 25.6111273], [85.1852107, 25.6111316], [85.1851997, 25.6111335], [85.1847459, 25.6112023], [85.1847321, 25.6112044], [85.1846088, 25.6112231], [85.184618, 25.6112538], [85.1847142, 25.6115419], [85.1847536, 25.6116673], [85.1847676, 25.6117117], [85.1847711, 25.6117227], [85.1848184, 25.6118733], [85.1848426, 25.6119414], [85.1848517, 25.6119671], [85.1849224, 25.6121661], [85.184986, 25.6123452], [85.1850028, 25.6123927], [85.1850058, 25.6124001], [85.1850251, 25.6124486], [85.1850275, 25.6124548], [85.185047, 25.6125038], [85.185076, 25.6125765], [85.185151, 25.6127652], [85.1851893, 25.6128615], [85.1852534, 25.6130486], [85.1852759, 25.6131144], [85.1852815, 25.6131315], [85.1853866, 25.6134527], [85.1853936, 25.6134743], [85.1853999, 25.6134913], [85.185454, 25.6136383], [85.1854731, 25.6136903], [85.1855134, 25.6137999], [85.1855182, 25.6138129], [85.1855499, 25.613899], [85.1856268, 25.6141151], [85.1856326, 25.6141315], [85.1856793, 25.6142627], [85.1857087, 25.6143452], [85.1857932, 25.6146633], [85.1857973, 25.6146788], [85.18581, 25.6147268], [85.1858301, 25.6148262], [85.1858311, 25.6148543], [85.1858321, 25.6148818], [85.1857535, 25.6148965], [85.1855612, 25.6149505], [85.1855374, 25.6149572], [85.1854726, 25.6149754], [85.1854218, 25.6149896], [85.1853341, 25.6150143], [85.1852904, 25.6150265], [85.1852383, 25.6150406], [85.1850472, 25.6150923], [85.18493, 25.6151239], [85.1848874, 25.6151355], [85.1847741, 25.6151661], [85.184739, 25.6151756], [85.1847354, 25.6151766], [85.1847145, 25.6151829], [85.1839219, 25.6154243], [85.1839085, 25.6154284], [85.1838991, 25.6154313], [85.1836098, 25.6155194], [85.1834719, 25.6155557], [85.1832055, 25.615626], [85.1830984, 25.6156543], [85.18294, 25.6156828], [85.1829008, 25.6156863], [85.1828674, 25.6156892], [85.1826155, 25.6157117], [85.1823509, 25.6157518], [85.1822015, 25.6157745], [85.181864, 25.6158257], [85.1817942, 25.6158363], [85.1815411, 25.6158624], [85.1815174, 25.6158649], [85.1815172, 25.6158649], [85.181517, 25.6158649], [85.1815168, 25.6158649], [85.1815166, 25.615865], [85.1815164, 25.615865], [85.1815162, 25.615865], [85.181516, 25.6158651], [85.1815158, 25.6158651], [85.1815156, 25.6158652], [85.1815154, 25.6158652], [85.1815152, 25.6158652], [85.181515, 25.6158653], [85.1813663, 25.6159041], [85.1813662, 25.6159041], [85.1813661, 25.6159042], [85.1813659, 25.6159042], [85.1813658, 25.6159042], [85.1813657, 25.6159043], [85.1813655, 25.6159043], [85.1813654, 25.6159043], [85.1813653, 25.6159043], [85.1813651, 25.6159044], [85.181365, 25.6159044], [85.1813648, 25.6159044], [85.1813647, 25.6159044], [85.1813317, 25.6159095], [85.1811273, 25.6159409], [85.1811216, 25.6159418], [85.1810416, 25.6159541], [85.1810196, 25.6159575], [85.1809916, 25.6159618], [85.1809991, 25.6160064], [85.181029, 25.616185], [85.1810288, 25.6161888], [85.1810273, 25.616222], [85.181004, 25.6163486], [85.1809757, 25.6165024], [85.1809565, 25.6165741], [85.1809164, 25.6167247], [85.1808967, 25.6167984], [85.1808893, 25.6168312], [85.1808793, 25.6168754], [85.18087933672743, 25.61687539193482], [85.1808769, 25.6168862], [85.1808568, 25.61699], [85.1808433, 25.6171239], [85.1808423, 25.6171331], [85.1808379, 25.6172009], [85.1808316, 25.6172963], [85.1808231, 25.617425], [85.1808216, 25.6174478], [85.1808249, 25.6174847], [85.1808257, 25.617489], [85.1808647, 25.6174795], [85.1817685, 25.6172548], [85.1826734, 25.6170338], [85.1830496, 25.616938], [85.1834272, 25.6168463], [85.1838059, 25.6167587], [85.1841857, 25.6166753], [85.1869297, 25.6160501], [85.1870887, 25.61599], [85.1891701, 25.6151419], [85.1891354, 25.614903], [85.1891328, 25.6148839], [85.1890996, 25.6146396], [85.1890893, 25.6145546], [85.1890885, 25.6145479]]]}}, {"type": "Feature", "properties": {"ward": "52", "ward_title": "Ward 52", "area": "Tripoliya / Gai Ghat / Alamgunj / Guljarbag", "short_area": "Tripoliya / Gai Ghat", "ac_no": "183", "ac_name": "Kumhrar", "ac_booths": 1, "ac_booth_range": "315-315", "ac_voters": 1178, "total_ward_booths": "29", "total_ward_voters": "26,620", "center_lat": 25.6144562, "center_lon": 85.18997414631954, "label_lat": 25.61612467602071, "label_lon": 85.18997414631954, "has_leader": true, "leader_line": [[25.6144562, 85.18997414631954], [25.61612467602071, 85.18997414631954]], "color": "#f59e0b", "color_dark": "#b45309"}, "geometry": {"type": "Polygon", "coordinates": [[[85.1908858, 25.6137562], [85.1908718, 25.6137553], [85.1908678, 25.6137551], [85.1906681, 25.6137455], [85.1906382, 25.613744], [85.1905747, 25.613741], [85.1903829, 25.6137326], [85.1901147, 25.6137258], [85.1898677, 25.6137313], [85.1898454, 25.6137313], [85.1898231, 25.6137318], [85.1898008, 25.6137328], [85.1897785, 25.6137342], [85.1897563, 25.6137361], [85.1897341, 25.6137384], [85.189712, 25.6137412], [85.1896912, 25.6137442], [85.1896907, 25.6137443], [85.1896899, 25.6137444], [85.1896835, 25.6137455], [85.189668, 25.6137481], [85.1896541, 25.6137507], [85.1896461, 25.6137522], [85.1896358, 25.6137543], [85.1896244, 25.6137567], [85.1896027, 25.6137617], [85.1894676, 25.6137996], [85.1893288, 25.6138349], [85.1892761, 25.6138483], [85.1892749, 25.6138486], [85.1892579, 25.6138529], [85.1892273, 25.6138607], [85.189217, 25.6138634], [85.1890401, 25.6139085], [85.1890175, 25.6139139], [85.1890206, 25.6139458], [85.1890244, 25.613986], [85.1890299, 25.6140429], [85.1890481, 25.6142326], [85.1890678, 25.6143781], [85.1890847, 25.614517], [85.1890885, 25.6145479], [85.1890893, 25.6145546], [85.1890935, 25.6145893], [85.18909350462772, 25.614589298384022], [85.1890996, 25.6146396], [85.1891328, 25.6148839], [85.1891354, 25.614903], [85.1891701, 25.6151419], [85.1895009, 25.6150071], [85.1910222, 25.6143954], [85.1924536, 25.6138112], [85.1927265, 25.6137049], [85.1926415, 25.6137084], [85.1926015, 25.61371], [85.1924568, 25.6137187], [85.1923315, 25.6137308], [85.1922951, 25.6137335], [85.1922859, 25.6137342], [85.1922264, 25.6137385], [85.1921644, 25.6137459], [85.1921351, 25.6137494], [85.1920102, 25.6137648], [85.1919545, 25.6137716], [85.1918714, 25.6137747], [85.1917715, 25.6137784], [85.1916906, 25.6137814], [85.191571, 25.6137858], [85.1914906, 25.6137887], [85.1914037, 25.6137848], [85.1913818, 25.6137839], [85.1913541, 25.6137827], [85.19131716024891, 25.6137810150289], [85.1913172, 25.613781], [85.1912116, 25.6137762], [85.1908858, 25.6137562]]]}}, {"type": "Feature", "properties": {"ward": "55", "ward_title": "Ward 55", "area": "Bahadurpur Housing Colony / Kumhrar", "short_area": "Bahadurpur / Kumhrar", "ac_no": "183", "ac_name": "Kumhrar", "ac_booths": 29, "ac_booth_range": "361-433", "ac_voters": 29804, "total_ward_booths": "29", "total_ward_voters": "24,616", "center_lat": 25.59374705, "center_lon": 85.18429306566291, "label_lat": 25.593521798979292, "label_lon": 85.18429306566291, "has_leader": false, "leader_line": null, "color": "#f59e0b", "color_dark": "#b45309"}, "geometry": {"type": "Polygon", "coordinates": [[[85.1866182, 25.6009478], [85.1866236, 25.6009471], [85.1866458, 25.6009442], [85.1866483, 25.6009439], [85.1866561, 25.6009429], [85.186673, 25.6009407], [85.1873306, 25.6008561], [85.1885484, 25.6006849], [85.1900187, 25.6004954], [85.1902599, 25.6004643], [85.1902995, 25.6004592], [85.1906564, 25.6004131], [85.1906576, 25.600413], [85.1908509, 25.6003881], [85.1917924, 25.600263], [85.1918146, 25.6002593], [85.1919565, 25.6002354], [85.1920932, 25.6002124], [85.1922421, 25.6001874], [85.1923438, 25.6001703], [85.1925295, 25.6001391], [85.1925512, 25.6001355], [85.1925666, 25.6001329], [85.1934427, 25.5999331], [85.1942883, 25.5997054], [85.1949467, 25.5995051], [85.1949488, 25.5995045], [85.1949562, 25.5995022], [85.1949999, 25.5994887], [85.1949998, 25.5994886], [85.1949998, 25.5994885], [85.1949157, 25.5993164], [85.194884, 25.5992515], [85.1948826, 25.5992487], [85.1948755, 25.5992342], [85.1946107, 25.5986923], [85.194477, 25.5984187], [85.1939399, 25.5973775], [85.1937854, 25.5970814], [85.1937385, 25.5969915], [85.1937383, 25.596991], [85.1935938, 25.5967139], [85.1935759, 25.5966818], [85.1933796, 25.5963024], [85.1932252, 25.596012], [85.193102, 25.595784], [85.1930736, 25.5957314], [85.1929897, 25.5955902], [85.1928581, 25.5953688], [85.192858, 25.5953686], [85.1927953, 25.5952413], [85.1926035, 25.5948491], [85.1924425, 25.5945345], [85.192331, 25.594323], [85.1922854, 25.5942366], [85.1921101, 25.5938929], [85.1919686, 25.5936358], [85.1919108, 25.5935293], [85.1917792, 25.59328], [85.1916669, 25.5930695], [85.1916047, 25.5929498], [85.1915426, 25.5928301], [85.1914283, 25.5926162], [85.191411, 25.5925822], [85.1913445, 25.5924542], [85.1912647, 25.5923006], [85.1911823, 25.5921451], [85.1910877, 25.5919657], [85.1910276, 25.5918523], [85.1910159, 25.5918302], [85.1909678, 25.5917388], [85.19096, 25.5917242], [85.1909539, 25.5917124], [85.1908534, 25.5915203], [85.1907321, 25.5912995], [85.1906244, 25.5910952], [85.1906162, 25.5910795], [85.1904969, 25.590853], [85.1904087, 25.5906873], [85.1903213, 25.5905175], [85.1902028, 25.5902869], [85.1901763, 25.5902364], [85.1900649, 25.5900245], [85.1899592, 25.5898196], [85.1899341, 25.5897708], [85.189859, 25.589629], [85.1898085, 25.5895335], [85.1897174, 25.5893567], [85.1897095, 25.5893423], [85.1895993, 25.5891421], [85.1894568, 25.5888726], [85.1893382, 25.5886403], [85.189202, 25.5883822], [85.1891712, 25.5883249], [85.1890008, 25.5880078], [85.1889659, 25.5879413], [85.1889645, 25.5879388], [85.1889026, 25.5878209], [85.1888123, 25.5876448], [85.1887145, 25.5874548], [85.1886813, 25.5873932], [85.1885889, 25.5872222], [85.1884539, 25.5869621], [85.1882836, 25.5866416], [85.1881099, 25.5863072], [85.1879569, 25.5860632], [85.1879112, 25.5859902], [85.1878544, 25.5858946], [85.1878003, 25.5858033], [85.1877792, 25.5857259], [85.1877572, 25.5856258], [85.1877442, 25.585553], [85.1877307, 25.5854768], [85.1877307, 25.5854767], [85.1877306, 25.5854767], [85.1877305, 25.5854767], [85.1877288, 25.5854767], [85.1877287, 25.5854767], [85.1876714, 25.5854771], [85.1875514, 25.5854778], [85.1875512, 25.5854778], [85.187426, 25.5854785], [85.1874258, 25.5854786], [85.1872902, 25.5854794], [85.1872901, 25.5854794], [85.18729, 25.5854794], [85.1871845, 25.58548], [85.1871836, 25.58548], [85.1871835, 25.58548], [85.1870821, 25.5854768], [85.1870242, 25.585475], [85.1870241, 25.585475], [85.187024, 25.5854749], [85.1867117, 25.5854609], [85.1867115, 25.5854609], [85.1867114, 25.5854609], [85.1867098, 25.5854609], [85.1867096, 25.5854609], [85.1867095, 25.5854609], [85.1864687, 25.5854595], [85.1864685, 25.5854595], [85.1864667, 25.5854595], [85.1864665, 25.5854595], [85.1862257, 25.5854581], [85.1862256, 25.5854581], [85.1862254, 25.5854581], [85.1859732, 25.5854584], [85.1858569, 25.5854586], [85.1858124, 25.5854587], [85.1858122, 25.5854587], [85.185812, 25.5854587], [85.1858111, 25.5854586], [85.1857511, 25.5854573], [85.1857509, 25.5854573], [85.1857508, 25.5854573], [85.1855507, 25.5854528], [85.1855505, 25.5854528], [85.1855504, 25.5854528], [85.1854257, 25.5854501], [85.1854256, 25.5854501], [85.1854255, 25.5854501], [85.1854251, 25.5854501], [85.185425, 25.5854501], [85.1851227, 25.5854536], [85.1851226, 25.5854536], [85.1851225, 25.5854536], [85.1849525, 25.5854556], [85.1849524, 25.5854556], [85.1849523, 25.5854556], [85.1848938, 25.5854556], [85.1848936, 25.5854556], [85.1848935, 25.5854556], [85.184665, 25.5854553], [85.1846648, 25.5854553], [85.1845902, 25.5854553], [85.18459, 25.5854553], [85.1845899, 25.5854553], [85.1845859, 25.5854553], [85.1845857, 25.5854553], [85.1845856, 25.5854553], [85.1843118, 25.5854554], [85.1843116, 25.5854554], [85.1843115, 25.5854554], [85.18427, 25.5854553], [85.1842268, 25.5854552], [85.1841422, 25.5854551], [85.184142, 25.5854551], [85.1841419, 25.5854551], [85.1841118, 25.5854551], [85.1840992, 25.5854551], [85.184099, 25.5854551], [85.1840817, 25.585455], [85.1840816, 25.585455], [85.1840814, 25.585455], [85.1837374, 25.5854603], [85.1836227, 25.5854602], [85.1836213, 25.5854601], [85.1836212, 25.5854601], [85.1835082, 25.58546], [85.183508, 25.58546], [85.1835079, 25.58546], [85.1832718, 25.5854602], [85.1832717, 25.5854602], [85.1832715, 25.5854602], [85.1831684, 25.5854616], [85.1831467, 25.5854619], [85.1831465, 25.5854619], [85.1831453, 25.5854618], [85.1831451, 25.5854618], [85.1828204, 25.5854539], [85.1828202, 25.5854539], [85.18282, 25.5854539], [85.1828196, 25.5854539], [85.1828183, 25.5854539], [85.1828182, 25.5854539], [85.1828049, 25.5854537], [85.1828048, 25.5854537], [85.1827624, 25.585453], [85.1827622, 25.585453], [85.1827621, 25.585453], [85.1827603, 25.5854529], [85.1827601, 25.5854529], [85.1825017, 25.5854487], [85.1825015, 25.5854487], [85.1825014, 25.5854487], [85.1821406, 25.5854392], [85.1821404, 25.5854392], [85.1821403, 25.5854392], [85.1821394, 25.5854392], [85.1821393, 25.5854392], [85.1817996, 25.5854394], [85.1817994, 25.5854394], [85.1817993, 25.5854394], [85.1817975, 25.5854394], [85.1817973, 25.5854394], [85.1817582, 25.5854389], [85.1816022, 25.5854369], [85.1816021, 25.5854369], [85.1813585, 25.5854371], [85.1813584, 25.5854371], [85.1813436, 25.5854371], [85.181329, 25.5854372], [85.1813288, 25.5854372], [85.1813287, 25.5854372], [85.1813149, 25.5854372], [85.1813148, 25.5854372], [85.1813147, 25.5854372], [85.1812798, 25.5854372], [85.1812796, 25.5854372], [85.1812795, 25.5854372], [85.1812674, 25.5854372], [85.1812673, 25.5854372], [85.1810975, 25.585437], [85.1810973, 25.585437], [85.1809275, 25.5854368], [85.1809274, 25.5854368], [85.1809272, 25.5854368], [85.1809255, 25.5854368], [85.1809254, 25.5854368], [85.1809253, 25.5854368], [85.1805232, 25.585433], [85.180523, 25.585433], [85.1805229, 25.585433], [85.1805211, 25.585433], [85.1805209, 25.585433], [85.180276, 25.5854304], [85.1802311, 25.5854299], [85.1802309, 25.5854299], [85.1801972, 25.5854295], [85.1801539, 25.5854291], [85.1801537, 25.5854291], [85.1801536, 25.5854291], [85.1801215, 25.5854297], [85.1801213, 25.5854297], [85.1801133, 25.5854299], [85.1801131, 25.5854299], [85.180113, 25.5854299], [85.1798776, 25.5854345], [85.1798775, 25.5854345], [85.1798757, 25.5854345], [85.1798755, 25.5854345], [85.1798456, 25.5854343], [85.1798455, 25.5854343], [85.1798437, 25.5854343], [85.1798436, 25.5854343], [85.1798035, 25.5854339], [85.1798034, 25.5854339], [85.1798032, 25.5854339], [85.1798013, 25.5854339], [85.1797342, 25.5854334], [85.1797323, 25.5854333], [85.179732, 25.5854333], [85.1795727, 25.585432], [85.1795726, 25.585432], [85.1792752, 25.5854323], [85.1792751, 25.5854323], [85.1792479, 25.5854323], [85.1792377, 25.5854323], [85.1792376, 25.5854323], [85.1792375, 25.5854323], [85.1792358, 25.5854323], [85.1792355, 25.5854323], [85.1792161, 25.585432], [85.179216, 25.585432], [85.1792159, 25.585432], [85.1792141, 25.585432], [85.1792139, 25.585432], [85.1791888, 25.5854317], [85.1789284, 25.5854285], [85.1789231, 25.5854284], [85.178923, 25.5854284], [85.1789228, 25.5854284], [85.178921, 25.5854284], [85.1786516, 25.5854269], [85.1786514, 25.5854269], [85.1786494, 25.5854269], [85.1786299, 25.5854268], [85.1786298, 25.5854268], [85.1786296, 25.5854268], [85.1786278, 25.5854267], [85.1786276, 25.5854267], [85.1785944, 25.5854266], [85.1785942, 25.5854266], [85.1785941, 25.5854266], [85.1785922, 25.5854265], [85.1785618, 25.5854264], [85.1785617, 25.5854264], [85.1785519, 25.5854263], [85.1785488, 25.5854263], [85.1785486, 25.5854263], [85.1785485, 25.5854263], [85.1785222, 25.5854266], [85.178522, 25.5854266], [85.1785219, 25.5854266], [85.1782983, 25.5854289], [85.1782981, 25.5854289], [85.1782765, 25.5854291], [85.1782763, 25.5854291], [85.1782924, 25.5857656], [85.1782951, 25.5858218], [85.1782966, 25.5858538], [85.1782984, 25.5858919], [85.1782987, 25.585899], [85.1783384, 25.5860803], [85.1783666, 25.5862081], [85.1784105, 25.5863658], [85.1784246, 25.5864041], [85.1784869, 25.5865742], [85.1785444, 25.5867388], [85.1786121, 25.5869621], [85.1786444, 25.5870679], [85.1786759, 25.5871724], [85.1787092, 25.5873026], [85.1787204, 25.5873465], [85.1787726, 25.5875507], [85.1787931, 25.5876414], [85.1787946, 25.5876479], [85.1788715, 25.5879232], [85.1788979, 25.5880177], [85.1789419, 25.5881924], [85.1789453, 25.5882057], [85.1789536, 25.5882388], [85.1789592, 25.5882822], [85.1789757, 25.5884096], [85.1790017, 25.5886102], [85.1790489, 25.5888535], [85.1791208, 25.5892545], [85.1791224, 25.5892618], [85.1791516, 25.5893925], [85.1791653, 25.5894537], [85.1792038, 25.5896261], [85.1792213, 25.5897122], [85.1792451, 25.5898285], [85.1792612, 25.5899075], [85.1792742, 25.5899702], [85.1793328, 25.590252], [85.1793455, 25.5903242], [85.1793846, 25.5905475], [85.1794088, 25.5906505], [85.1794404, 25.5907846], [85.1794746, 25.5909459], [85.1795121, 25.5911229], [85.1795533, 25.5913241], [85.1795907, 25.5915064], [85.1796537, 25.5918143], [85.1797372, 25.5922217], [85.1797914, 25.5924862], [85.1798253, 25.5926517], [85.1798379, 25.592713], [85.1798481, 25.5927639], [85.1798838, 25.5929426], [85.1799006, 25.5930266], [85.1799529, 25.5932743], [85.1799351, 25.5932765], [85.1797767, 25.5932956], [85.1795164, 25.5933289], [85.1791395, 25.5933772], [85.1790047, 25.5933945], [85.1789748, 25.5933978], [85.178581, 25.5934413], [85.1784677, 25.5934493], [85.1784124, 25.5934532], [85.1782834, 25.5934624], [85.178283, 25.5934624], [85.1779428, 25.5934865], [85.1778462, 25.5934934], [85.1778459, 25.5934934], [85.1776738, 25.5934955], [85.1776734, 25.5934955], [85.1776445, 25.5934959], [85.1776442, 25.5934959], [85.1773515, 25.5934995], [85.1773511, 25.5934995], [85.177349, 25.5934995], [85.1771493, 25.5935111], [85.1769549, 25.5935242], [85.1767608, 25.5935372], [85.1766128, 25.5935438], [85.1765362, 25.593553], [85.1765214, 25.5935548], [85.1765765, 25.5938583], [85.1766399, 25.594182], [85.1766611, 25.5942905], [85.176692, 25.5944484], [85.1767024, 25.5944981], [85.1767318, 25.5946386], [85.1767492, 25.5947218], [85.1767695, 25.5948166], [85.1768253, 25.5950776], [85.1768261, 25.5950812], [85.1768604, 25.5952415], [85.1768626, 25.5952518], [85.1769216, 25.5955495], [85.1769388, 25.5956362], [85.176942, 25.5956586], [85.1769725, 25.5958721], [85.1769865, 25.59597], [85.1769945, 25.5960337], [85.1770082, 25.5961427], [85.1770249, 25.5963105], [85.1770282, 25.5963434], [85.1770381, 25.5964161], [85.1770556, 25.5965044], [85.1770819, 25.5966521], [85.1770912, 25.5967577], [85.1770957, 25.5968206], [85.1771229, 25.5970027], [85.1771285, 25.5970392], [85.1771667, 25.5972931], [85.1771688, 25.5973076], [85.1771856, 25.5974274], [85.1772044, 25.5975612], [85.1772189, 25.5976035], [85.1772022, 25.597606], [85.1770533, 25.5976288], [85.176893, 25.5976556], [85.17644, 25.5977313], [85.1763633, 25.5977361], [85.1763408, 25.5977375], [85.1761736, 25.5977545], [85.1760636, 25.5977656], [85.176027, 25.5977705], [85.1758705, 25.5977914], [85.1756332, 25.597823], [85.1755534, 25.5978344], [85.1753066, 25.5978696], [85.1751408, 25.5978932], [85.1749401, 25.5979218], [85.1749155, 25.5979253], [85.1749232, 25.5979871], [85.1749239, 25.597991], [85.1749569, 25.5981741], [85.1750102, 25.5984237], [85.1750149, 25.5984458], [85.1750187, 25.5984716], [85.1750293, 25.5985433], [85.1750499, 25.5986823], [85.1750811, 25.5988731], [85.1750827, 25.5989081], [85.1750836, 25.5989293], [85.1750851, 25.5989619], [85.17517, 25.599311], [85.1751733, 25.5993262], [85.1752557, 25.599669], [85.1752916, 25.5998003], [85.1753378, 25.5999692], [85.1754217, 25.600276], [85.175454, 25.6004054], [85.1754783, 25.600503], [85.1755759, 25.60085], [85.1756189, 25.6009913], [85.1756301, 25.6010281], [85.1756486, 25.6010891], [85.1756531, 25.6011192], [85.1758856, 25.6011149], [85.1758877, 25.6011149], [85.1758985, 25.6012504], [85.175914, 25.6014446], [85.175917, 25.6014825], [85.1759175, 25.6014887], [85.1759343, 25.6016989], [85.1759442, 25.6018228], [85.1759583, 25.6019883], [85.1759583, 25.6019885], [85.1760094, 25.601985], [85.1760097, 25.6019849], [85.1763881, 25.6019588], [85.1764042, 25.6019577], [85.1764083, 25.6019576], [85.1764096, 25.6019576], [85.1764099, 25.6019576], [85.1764156, 25.6019582], [85.1764174, 25.6019586], [85.1764182, 25.6019588], [85.1764183, 25.6019588], [85.1765169, 25.6019436], [85.1765285, 25.601942], [85.1765842, 25.601934], [85.1766303, 25.6019274], [85.1766754, 25.6019209], [85.1767445, 25.6019107], [85.1767451, 25.6019106], [85.1768263, 25.6019039], [85.1769316, 25.6018951], [85.1770216, 25.6018876], [85.1770342, 25.6018866], [85.1771066, 25.6018806], [85.1771145, 25.6018799], [85.177153, 25.6018767], [85.1772028, 25.6018726], [85.1772717, 25.6018669], [85.1772725, 25.6018668], [85.1773358, 25.6018615], [85.1773423, 25.601861], [85.1774674, 25.6018506], [85.1775611, 25.6018415], [85.1776335, 25.6018345], [85.1777378, 25.6018244], [85.1777769, 25.6018206], [85.1778445, 25.601814], [85.177863, 25.6018122], [85.1778966, 25.6018089], [85.1779548, 25.6018033], [85.1780394, 25.6017951], [85.1781057, 25.6017886], [85.1781852, 25.6017809], [85.1783683, 25.6017631], [85.1784639, 25.6017539], [85.1787768, 25.6017235], [85.1790062, 25.6017012], [85.1792398, 25.6016785], [85.1792401, 25.6016785], [85.1792645, 25.6016761], [85.1794774, 25.6016555], [85.1801709, 25.6015881], [85.1803979, 25.6015661], [85.1804149, 25.6015644], [85.180726, 25.6015342], [85.1808322, 25.6015239], [85.1809021, 25.6015171], [85.180991, 25.6015085], [85.1810413, 25.6015036], [85.1810883, 25.601499], [85.1811069, 25.6014972], [85.181131, 25.6014949], [85.1811869, 25.6014895], [85.1812319, 25.6014851], [85.1813124, 25.6014773], [85.1813133, 25.6014772], [85.1814014, 25.6014686], [85.1814238, 25.6014665], [85.1815155, 25.6014576], [85.1815887, 25.6014504], [85.1816632, 25.6014432], [85.1817754, 25.6014323], [85.1818528, 25.6014248], [85.1819244, 25.6014178], [85.1820516, 25.6014055], [85.1821327, 25.6013976], [85.1822929, 25.6013821], [85.182451, 25.6013667], [85.1826211, 25.6013502], [85.1830448, 25.601309], [85.1832221, 25.6012918], [85.1834413, 25.6012705], [85.1836152, 25.6012536], [85.1837107, 25.6012444], [85.183723, 25.6012432], [85.183821, 25.6012337], [85.1839126, 25.6012248], [85.184011, 25.6012152], [85.1841118, 25.6012054], [85.1842127, 25.6011956], [85.1842741, 25.6011896], [85.1843392, 25.6011833], [85.1843958, 25.6011778], [85.1844952, 25.6011682], [85.1845756, 25.6011604], [85.1846591, 25.6011522], [85.1847441, 25.601144], [85.1847607, 25.6011424], [85.1849479, 25.6011242], [85.1849514, 25.6011239], [85.1850465, 25.6011146], [85.185057, 25.6011136], [85.1851137, 25.6011081], [85.1852241, 25.6010974], [85.1853226, 25.6010878], [85.1855398, 25.6010667], [85.185649, 25.6010561], [85.1857228, 25.6010489], [85.1857863, 25.6010428], [85.1858736, 25.6010343], [85.1859658, 25.6010253], [85.1860328, 25.6010188], [85.1860959, 25.6010127], [85.1862164, 25.601001], [85.1863181, 25.6009911], [85.1863317, 25.6009898], [85.1864361, 25.6009796], [85.1864596, 25.6009773], [85.1865714, 25.6009688], [85.1866121, 25.6009657], [85.1866156, 25.6009655], [85.1866178, 25.6009509], [85.1866182, 25.6009478]]]}}, {"type": "Feature", "properties": {"ward": "60", "ward_title": "Ward 60", "area": "Gujri / Khajekala / Mogalpura / Padri ki Haweli", "short_area": "Gujri / Mogalpura", "ac_no": "183", "ac_name": "Kumhrar", "ac_booths": 1, "ac_booth_range": "411-411", "ac_voters": 1013, "total_ward_booths": "30", "total_ward_voters": "14,812", "center_lat": 25.59813705, "center_lon": 85.21484582131552, "label_lat": 25.597943977696527, "label_lon": 85.21484582131552, "has_leader": false, "leader_line": null, "color": "#f59e0b", "color_dark": "#b45309"}, "geometry": {"type": "Polygon", "coordinates": [[[85.2176367, 25.60105], [85.21763, 25.6010235], [85.2176052, 25.6009266], [85.2175912, 25.6008789], [85.2175609, 25.6007562], [85.2176637, 25.6007367], [85.2177235, 25.6007243], [85.2177236, 25.600723], [85.217726, 25.6006913], [85.2177275, 25.6006696], [85.2177028, 25.6005608], [85.217677, 25.6004731], [85.2176346, 25.6003289], [85.2176247, 25.600295], [85.2176026, 25.6002197], [85.2175982, 25.6001798], [85.2175876, 25.6000816], [85.2175874, 25.6000794], [85.2175811, 25.5999978], [85.2175787, 25.5999666], [85.2175763, 25.5999588], [85.2175698, 25.5999379], [85.2175644, 25.5999237], [85.2175631, 25.5999202], [85.2174736, 25.5996855], [85.2174377, 25.5995386], [85.2174372, 25.5995367], [85.2174369, 25.5995356], [85.2174364, 25.5995346], [85.2174358, 25.5995336], [85.217435, 25.5995327], [85.2174342, 25.5995319], [85.2174332, 25.5995312], [85.2174321, 25.5995307], [85.217431, 25.5995302], [85.2174298, 25.5995299], [85.2174286, 25.5995297], [85.2174274, 25.5995296], [85.2174262, 25.5995297], [85.2174215, 25.5995303], [85.2174191, 25.5995204], [85.2173848, 25.5993772], [85.2173834, 25.5993713], [85.2173712, 25.5993205], [85.2173706, 25.5993176], [85.2173639, 25.5992897], [85.2173337, 25.5991825], [85.21732, 25.5991389], [85.2173175, 25.5991312], [85.2173059, 25.5990941], [85.2172769, 25.5990017], [85.2172494, 25.5989278], [85.2172397, 25.5989015], [85.2172314, 25.5988792], [85.2171964, 25.5987849], [85.2171822, 25.5987249], [85.2171811, 25.598715], [85.2171716, 25.5986257], [85.2171536, 25.5985387], [85.2171526, 25.5985343], [85.2171883, 25.5985297], [85.2171958, 25.5985287], [85.2171969, 25.5985286], [85.2172093, 25.598527], [85.2173997, 25.5984985], [85.2174076, 25.5984973], [85.2175378, 25.5984714], [85.2175596, 25.5984699], [85.2175791, 25.5984685], [85.2175874, 25.5984679], [85.2176484, 25.5984637], [85.2176488, 25.5984636], [85.2177088, 25.5984586], [85.2177332, 25.5984566], [85.2178259, 25.5984488], [85.2179241, 25.5984328], [85.2180124, 25.5984184], [85.2181149, 25.5984017], [85.2181625, 25.5983967], [85.2181661, 25.5983964], [85.2182903, 25.5984082], [85.2183106, 25.5984146], [85.2183162, 25.5984163], [85.2183421, 25.5984245], [85.218353, 25.5984303], [85.2183687, 25.5984387], [85.2183957, 25.5984531], [85.2184007, 25.5984558], [85.2184466, 25.5984614], [85.2185234, 25.5984632], [85.218603, 25.5984648], [85.2186925, 25.5984893], [85.2187101, 25.5984941], [85.2188017, 25.5985043], [85.21889, 25.5985185], [85.2189342, 25.5985135], [85.2189472, 25.598512], [85.2189706, 25.5985093], [85.2190144, 25.5985035], [85.2190185, 25.598503], [85.2190898, 25.5984935], [85.2190964, 25.5984927], [85.2191034, 25.5984917], [85.219159, 25.5984898], [85.2191665, 25.598491], [85.2191678, 25.5984913], [85.2191691, 25.5984917], [85.2191703, 25.5984922], [85.2191715, 25.5984928], [85.2191726, 25.5984935], [85.2191737, 25.5984942], [85.2191746, 25.5984951], [85.2191755, 25.598496], [85.2191763, 25.598497], [85.219177, 25.5984981], [85.2191775, 25.5984992], [85.219178, 25.5985004], [85.21918, 25.5985032], [85.2191815, 25.5985047], [85.2191831, 25.5985062], [85.2191849, 25.5985075], [85.2191868, 25.5985086], [85.2191888, 25.5985095], [85.2191909, 25.5985102], [85.2191931, 25.5985107], [85.2191953, 25.5985111], [85.2191976, 25.5985112], [85.2191989, 25.5985111], [85.2192004, 25.598511], [85.2192381, 25.5985031], [85.2192812, 25.5984991], [85.2193135, 25.5984923], [85.2193308, 25.5984887], [85.2194404, 25.5984659], [85.2194554, 25.5984628], [85.2195522, 25.5984544], [85.2195534, 25.5984541], [85.2196846, 25.5984247], [85.2198576, 25.5983859], [85.2198731, 25.59838], [85.2199251, 25.5983601], [85.2199901, 25.5983454], [85.2200098, 25.598341], [85.2200549, 25.5983266], [85.2201319, 25.5983021], [85.2201965, 25.5982815], [85.2203351, 25.5982374], [85.2204182, 25.5982109], [85.220428, 25.5982078], [85.2204293, 25.5982073], [85.2203158, 25.5980663], [85.2202941, 25.5980393], [85.2201527, 25.5978636], [85.2201139, 25.5978155], [85.2200516, 25.5977196], [85.2200122, 25.5976588], [85.2199467, 25.5975576], [85.2198192, 25.597387], [85.2197981, 25.5973639], [85.2197803, 25.5973444], [85.2197553, 25.5973171], [85.2197214, 25.59728], [85.219699, 25.5972587], [85.2196154, 25.5971793], [85.2195837, 25.5971492], [85.2195829, 25.5971484], [85.219496, 25.5970658], [85.2194721, 25.597043], [85.2194415, 25.597014], [85.2193888, 25.5969639], [85.2193769, 25.5969526], [85.2193028, 25.5968678], [85.2192401, 25.5967871], [85.2192236, 25.5967658], [85.2192136, 25.5967529], [85.2190686, 25.5965661], [85.2189925, 25.596469], [85.2189077, 25.596361], [85.2189035, 25.5963558], [85.2185835, 25.5959626], [85.2182139, 25.595493], [85.2182076, 25.5954847], [85.2181, 25.5953426], [85.2181086, 25.5953381], [85.2182274, 25.5952754], [85.2182979, 25.5952422], [85.2183672, 25.5952095], [85.2184733, 25.5951594], [85.2184449, 25.5950959], [85.2183486, 25.5948804], [85.2183484, 25.5948799], [85.2183481, 25.5948795], [85.2183479, 25.5948791], [85.2183477, 25.5948787], [85.2183474, 25.5948783], [85.2183471, 25.5948779], [85.2183468, 25.5948775], [85.2183465, 25.5948771], [85.2183462, 25.5948768], [85.2183458, 25.5948764], [85.2183455, 25.5948761], [85.2183451, 25.5948757], [85.2183447, 25.5948754], [85.2183443, 25.5948751], [85.2183439, 25.5948748], [85.2183435, 25.5948745], [85.2183433, 25.5948744], [85.2183431, 25.5948743], [85.2183427, 25.594874], [85.2183422, 25.5948738], [85.2183418, 25.5948735], [85.2183413, 25.5948733], [85.2183408, 25.5948731], [85.2183404, 25.5948729], [85.2183399, 25.5948728], [85.2183394, 25.5948726], [85.2183389, 25.5948725], [85.2183384, 25.5948723], [85.2183379, 25.5948722], [85.2183374, 25.5948721], [85.2183369, 25.5948721], [85.2183364, 25.594872], [85.2183359, 25.594872], [85.2183353, 25.5948719], [85.2183348, 25.5948719], [85.2183343, 25.5948719], [85.2183338, 25.5948719], [85.2183333, 25.594872], [85.2183328, 25.594872], [85.2183322, 25.5948721], [85.2183317, 25.5948722], [85.2183312, 25.5948723], [85.2183307, 25.5948724], [85.2183302, 25.5948725], [85.2183297, 25.5948727], [85.2183293, 25.5948729], [85.2183288, 25.594873], [85.2183283, 25.5948732], [85.2182467, 25.5949084], [85.2182465, 25.5949085], [85.2182462, 25.5949086], [85.2182457, 25.5949088], [85.2182452, 25.5949089], [85.2182447, 25.5949091], [85.2182442, 25.5949092], [85.2182437, 25.5949093], [85.2182432, 25.5949094], [85.2182427, 25.5949095], [85.2182422, 25.5949096], [85.2182417, 25.5949097], [85.2182412, 25.5949097], [85.2182406, 25.5949097], [85.2182401, 25.5949097], [85.2182396, 25.5949097], [85.2182391, 25.5949097], [85.2182386, 25.5949096], [85.218238, 25.5949096], [85.2182375, 25.5949095], [85.218237, 25.5949094], [85.2182365, 25.5949093], [85.218236, 25.5949091], [85.2182355, 25.594909], [85.218235, 25.5949088], [85.2182345, 25.5949087], [85.2182341, 25.5949085], [85.2182336, 25.5949083], [85.2182331, 25.5949081], [85.2182327, 25.5949078], [85.2182322, 25.5949076], [85.2182318, 25.5949073], [85.2182314, 25.594907], [85.218231, 25.5949068], [85.2182306, 25.5949065], [85.2182302, 25.5949061], [85.2182298, 25.5949058], [85.2182294, 25.5949055], [85.2182291, 25.5949051], [85.2182287, 25.5949048], [85.2182284, 25.5949044], [85.2182281, 25.594904], [85.2182278, 25.5949036], [85.2182275, 25.5949032], [85.2182273, 25.5949028], [85.218227, 25.5949024], [85.218191, 25.5948392], [85.2181894, 25.5948365], [85.2181056, 25.5946577], [85.2180446, 25.5946812], [85.2180349, 25.5946817], [85.2180014, 25.5946836], [85.2179832, 25.5946846], [85.2179429, 25.5947023], [85.2178445, 25.5947454], [85.2178145, 25.5947585], [85.2177783, 25.5947744], [85.2177617, 25.5947945], [85.2177381, 25.5948086], [85.2176546, 25.5948555], [85.2175968, 25.5948763], [85.2175919, 25.5948779], [85.2175869, 25.5948795], [85.2174525, 25.5949221], [85.2174206, 25.5949323], [85.2174139, 25.5949344], [85.2171511, 25.5950522], [85.2170593, 25.5950884], [85.2170501, 25.595092], [85.2169276, 25.5951402], [85.2168117, 25.5951863], [85.2167024, 25.5952298], [85.216653, 25.5952494], [85.2166344, 25.5952565], [85.2165289, 25.5952965], [85.216458, 25.5953234], [85.2164309, 25.5953337], [85.2162845, 25.5954066], [85.2162278, 25.5954266], [85.216227, 25.5954269], [85.2160924, 25.5954743], [85.2160843, 25.5954772], [85.2158915, 25.5955451], [85.2158909, 25.5955453], [85.2157868, 25.595582], [85.2156969, 25.5956169], [85.2155155, 25.5956873], [85.2154308, 25.5957152], [85.2154078, 25.5957227], [85.2152852, 25.5957292], [85.2152799, 25.5957295], [85.2152762, 25.5957297], [85.2151961, 25.5957454], [85.2149632, 25.5958269], [85.2147698, 25.5958933], [85.214651, 25.59591], [85.2145665, 25.5959218], [85.214433, 25.5959344], [85.2142525, 25.5959861], [85.2142476, 25.5959877], [85.2140052, 25.5960677], [85.2138663, 25.5961135], [85.213844, 25.5961179], [85.2138324, 25.5961203], [85.2135029, 25.5961864], [85.2134433, 25.5962], [85.2134199, 25.5962054], [85.2134007, 25.5962098], [85.2131757, 25.5962612], [85.2131441, 25.5962685], [85.2131312, 25.5962728], [85.2130998, 25.5962833], [85.2129882, 25.5963208], [85.2129073, 25.596348], [85.2129015, 25.5963499], [85.2128579, 25.5963647], [85.2127284, 25.5964087], [85.2127054, 25.5964132], [85.2126578, 25.5964225], [85.2124462, 25.5964639], [85.2122485, 25.5965194], [85.212239, 25.5965221], [85.2120993, 25.5965431], [85.2120765, 25.5965478], [85.2119783, 25.5965682], [85.2119196, 25.5965868], [85.2118873, 25.596597], [85.2117173, 25.5966612], [85.2116555, 25.5966846], [85.2114403, 25.5967621], [85.2114166, 25.5967706], [85.2114002, 25.5967765], [85.2112765, 25.5968211], [85.2111667, 25.5968666], [85.2111554, 25.5968713], [85.2109606, 25.5969648], [85.2109393, 25.596975], [85.2109209, 25.5969839], [85.210839, 25.5970232], [85.2108331, 25.5970258], [85.2107521, 25.5970618], [85.2106854, 25.5970915], [85.2105789, 25.5971572], [85.2105306, 25.5971871], [85.2104955, 25.5972087], [85.2104751, 25.5972243], [85.2104657, 25.5972315], [85.2104545, 25.5972251], [85.2104258, 25.5972184], [85.2103343, 25.5972073], [85.2103332, 25.5972072], [85.2103321, 25.5972072], [85.210331, 25.5972072], [85.2103299, 25.5972073], [85.2103288, 25.5972074], [85.2103277, 25.5972075], [85.2103275, 25.5972076], [85.2103267, 25.5972078], [85.2103256, 25.597208], [85.2103246, 25.5972084], [85.2103236, 25.5972088], [85.2103226, 25.5972092], [85.2103216, 25.5972097], [85.2102531, 25.5972461], [85.2102508, 25.5972472], [85.2102485, 25.5972479], [85.210246, 25.5972484], [85.2102435, 25.5972486], [85.210241, 25.5972485], [85.2102385, 25.5972481], [85.2102361, 25.5972475], [85.2102338, 25.5972466], [85.2102317, 25.5972454], [85.2102297, 25.597244], [85.2102279, 25.5972423], [85.2102264, 25.5972405], [85.2102124, 25.5972213], [85.2102059, 25.5972124], [85.2102046, 25.5972108], [85.210203, 25.5972093], [85.2102013, 25.597208], [85.2101994, 25.5972069], [85.2101975, 25.5972059], [85.2101954, 25.5972052], [85.2101932, 25.5972047], [85.210191, 25.5972044], [85.2101887, 25.5972043], [85.2101865, 25.5972045], [85.2101843, 25.5972049], [85.2101833, 25.5972052], [85.2101822, 25.5972055], [85.2101589, 25.5972136], [85.2100272, 25.5972913], [85.2099705, 25.5973314], [85.2099311, 25.5973592], [85.2098438, 25.5973826], [85.2097946, 25.5973977], [85.2097082, 25.5974244], [85.2096824, 25.5974372], [85.2096058, 25.5974753], [85.2095749, 25.5974907], [85.2094923, 25.5974999], [85.209439, 25.5975101], [85.2094216, 25.5975112], [85.2093841, 25.5975134], [85.2093183, 25.5975169], [85.2092882, 25.5975185], [85.2092836, 25.5977661], [85.2092812, 25.5978917], [85.2092995, 25.5980587], [85.2093004, 25.5980668], [85.2093432, 25.5982294], [85.2093446, 25.5982347], [85.209345, 25.5982361], [85.2093477, 25.5982464], [85.2093739, 25.5983293], [85.2093972, 25.5984027], [85.2094039, 25.598424], [85.2094201, 25.5984751], [85.209467, 25.5985781], [85.2095324, 25.5987218], [85.2095982, 25.5988795], [85.2096037, 25.5988926], [85.2096744, 25.5990996], [85.2096979, 25.5991575], [85.2097631, 25.5993187], [85.2098215, 25.5994206], [85.2098539, 25.5994617], [85.2098979, 25.5995174], [85.20995, 25.5996338], [85.2099708, 25.5996688], [85.2099956, 25.5997106], [85.2100279, 25.5997649], [85.2100631, 25.5998184], [85.2101078, 25.5998877], [85.2101375, 25.5999338], [85.2102207, 25.6001367], [85.2102358, 25.6001736], [85.2103021, 25.6003424], [85.2103391, 25.6004365], [85.2103535, 25.6004864], [85.2104143, 25.6006966], [85.2104215, 25.6007184], [85.2104815, 25.6009004], [85.2104967, 25.6009494], [85.2105738, 25.6011981], [85.2106105, 25.6013464], [85.2106294, 25.6014223], [85.2106335, 25.601439], [85.2106689, 25.6014395], [85.2106794, 25.6014396], [85.2107048, 25.6014399], [85.2107341, 25.6014403], [85.2108804, 25.6014421], [85.2111486, 25.6014346], [85.2112588, 25.6014315], [85.2112793, 25.6014325], [85.2113245, 25.6014347], [85.2113769, 25.6014372], [85.2115082, 25.6014435], [85.2115203, 25.6014441], [85.2115277, 25.6014445], [85.2115566, 25.6014461], [85.211651, 25.6014514], [85.2118056, 25.6014601], [85.2118916, 25.6014649], [85.212046, 25.6014762], [85.2120508, 25.6014765], [85.2121597, 25.6014845], [85.2123365, 25.6014987], [85.2123923, 25.6015032], [85.2126017, 25.6015064], [85.2126376, 25.6015093], [85.2127823, 25.6015087], [85.212916, 25.6015081], [85.2131378, 25.6015046], [85.2132098, 25.6015035], [85.2134072, 25.6015019], [85.2135113, 25.601501], [85.2137925, 25.6015118], [85.2138531, 25.6015111], [85.2138772, 25.6015109], [85.2140434, 25.6015092], [85.2140992, 25.6015086], [85.2142762, 25.6015114], [85.214314, 25.601512], [85.2143194, 25.6015121], [85.2143222, 25.6015121], [85.2143381, 25.6015124], [85.214417, 25.6015136], [85.214706, 25.601509], [85.2147311, 25.6015076], [85.214929, 25.6014966], [85.2151169, 25.6014862], [85.215211, 25.6014806], [85.2155436, 25.6014611], [85.2156286, 25.6014553], [85.2156361, 25.6014548], [85.2156484, 25.6014539], [85.2156577, 25.6014533], [85.2158327, 25.6014414], [85.2162932, 25.6014191], [85.2163524, 25.6014163], [85.2164784, 25.6014058], [85.2166426, 25.6013921], [85.2168847, 25.6013595], [85.2171386, 25.6013253], [85.2171405, 25.6013249], [85.2172074, 25.6013121], [85.2173416, 25.6012864], [85.2173442, 25.6012859], [85.2175436, 25.6012477], [85.2175528, 25.601246], [85.2176799, 25.6012117], [85.2176428, 25.6010727], [85.2176367, 25.60105]]]}}]}